-- MySQL dump 10.13  Distrib 5.7.12, for Win64 (x86_64)
--
-- Host: localhost    Database: bgb
-- ------------------------------------------------------
-- Server version	5.7.16-log

/*!40101 SET @OLD_CHARACTER_SET_CLIENT=@@CHARACTER_SET_CLIENT */;
/*!40101 SET @OLD_CHARACTER_SET_RESULTS=@@CHARACTER_SET_RESULTS */;
/*!40101 SET @OLD_COLLATION_CONNECTION=@@COLLATION_CONNECTION */;
/*!40101 SET NAMES utf8 */;
/*!40103 SET @OLD_TIME_ZONE=@@TIME_ZONE */;
/*!40103 SET TIME_ZONE='+00:00' */;
/*!40014 SET @OLD_UNIQUE_CHECKS=@@UNIQUE_CHECKS, UNIQUE_CHECKS=0 */;
/*!40014 SET @OLD_FOREIGN_KEY_CHECKS=@@FOREIGN_KEY_CHECKS, FOREIGN_KEY_CHECKS=0 */;
/*!40101 SET @OLD_SQL_MODE=@@SQL_MODE, SQL_MODE='NO_AUTO_VALUE_ON_ZERO' */;
/*!40111 SET @OLD_SQL_NOTES=@@SQL_NOTES, SQL_NOTES=0 */;

--
-- Table structure for table `admin`
--

DROP TABLE IF EXISTS `admin`;
/*!40101 SET @saved_cs_client     = @@character_set_client */;
/*!40101 SET character_set_client = utf8 */;
CREATE TABLE `admin` (
  `username` varchar(110) DEFAULT NULL,
  `password` varchar(110) DEFAULT NULL,
  `id` int(11) NOT NULL,
  PRIMARY KEY (`id`)
) ENGINE=InnoDB DEFAULT CHARSET=utf8;
/*!40101 SET character_set_client = @saved_cs_client */;

--
-- Dumping data for table `admin`
--

LOCK TABLES `admin` WRITE;
/*!40000 ALTER TABLE `admin` DISABLE KEYS */;
INSERT INTO `admin` VALUES ('admin','$2a$12$m.0PTgYWVwTIYSGfQ73HweQASyoVKmLUuVfuG0b1tVdSyuaqC2t9a',1);
/*!40000 ALTER TABLE `admin` ENABLE KEYS */;
UNLOCK TABLES;

--
-- Table structure for table `capture`
--

DROP TABLE IF EXISTS `capture`;
/*!40101 SET @saved_cs_client     = @@character_set_client */;
/*!40101 SET character_set_client = utf8 */;
CREATE TABLE `capture` (
  `id` int(11) NOT NULL,
  `soldier_id` int(11) DEFAULT NULL,
  `pillar_id` int(11) DEFAULT NULL,
  `time_captured` varchar(110) DEFAULT NULL,
  `situation` varchar(110) DEFAULT NULL,
  `image_url` time DEFAULT NULL,
  PRIMARY KEY (`id`)
) ENGINE=InnoDB DEFAULT CHARSET=utf8;
/*!40101 SET character_set_client = @saved_cs_client */;

--
-- Dumping data for table `capture`
--

LOCK TABLES `capture` WRITE;
/*!40000 ALTER TABLE `capture` DISABLE KEYS */;
INSERT INTO `capture` VALUES (1,1,1,'2017-01-01-12-48','GOOD',NULL),(2,1,1,'2017-04-01-12-48','POOR',NULL),(3,2,3,'2017-06-01-02-48','MODERATE',NULL),(4,1,2,'2017-11-01-10-48','GOOD',NULL),(5,3,1,'2017-01-21-02-48','GOOD',NULL),(6,1,3,'2017-01-22-12-48','MODERATE',NULL),(7,4,3,'2017-01-22-13-48','POOR',NULL),(8,1,1,'2017-02-02-12-48','MODERATE',NULL),(9,2,3,'2017-02-02-20-48','GOOD',NULL),(10,1,6,'2017-03-02-11-48','MODERATE',NULL);
/*!40000 ALTER TABLE `capture` ENABLE KEYS */;
UNLOCK TABLES;

--
-- Table structure for table `pillar`
--

DROP TABLE IF EXISTS `pillar`;
/*!40101 SET @saved_cs_client     = @@character_set_client */;
/*!40101 SET character_set_client = utf8 */;
CREATE TABLE `pillar` (
  `id` int(11) NOT NULL,
  `name` varchar(110) DEFAULT NULL,
  `number` int(11) DEFAULT NULL,
  `longitude` varchar(110) DEFAULT NULL,
  `latitude` varchar(110) DEFAULT NULL,
  `situation` varchar(110) DEFAULT NULL,
  PRIMARY KEY (`id`)
) ENGINE=InnoDB DEFAULT CHARSET=utf8;
/*!40101 SET character_set_client = @saved_cs_client */;

--
-- Dumping data for table `pillar`
--

LOCK TABLES `pillar` WRITE;
/*!40000 ALTER TABLE `pillar` DISABLE KEYS */;
INSERT INTO `pillar` VALUES (1,'South Pillar-1',1,'91.088881','24.0100101','null'),(2,'South Pillar-2',2,'0.0','0.0','Average'),(3,'North Pillar',3,'91.83440681578945','24.911800626928216','Average'),(4,'West Pillar-1',4,'1875234.2244','23234541.31244','Flooded'),(5,'West Pillar-1',5,'121434.4441','237941.3134','Broken'),(6,'East Pillar',6,'1253441.42434','23471.34134','Missing'),(8,'as',2,'11','1111',NULL),(10,'null',NULL,'null','null','null'),(11,'null',NULL,'null','null','null'),(13,'ids-01',0,'24.914038','91.952716','good'),(14,'null',NULL,'null','null','null'),(15,'null',NULL,'null','null','null'),(16,'null',NULL,'null','null','null'),(17,'ids-01',0,'24.913975','91.953658','good'),(18,'null',NULL,'null','null','null'),(19,'null',NULL,'null','null','null'),(20,'null',NULL,'null','null','null'),(21,'null',NULL,'null','null','null'),(22,'null',NULL,'null','null','null'),(23,'null',NULL,'null','null','null'),(24,'null',NULL,'null','null','null'),(25,'null',NULL,'null','null','null'),(26,'null',NULL,'null','null','null'),(27,'null',NULL,'null','null','null'),(28,'null',NULL,'null','null','null'),(29,'null',NULL,'null','null','null'),(30,'null',NULL,'null','null','null'),(31,'null',NULL,'null','null','null'),(32,'null',NULL,'91.088881','24.0100101','null'),(33,'null',NULL,'0.0','0.0','Average'),(34,'null',NULL,'0.0','0.0','Good'),(35,'null',NULL,'0.0','0.0','Good'),(36,'A244',1,'null','null',NULL),(37,'test-1',1,'91.95366040405189','24.912778972616287','Good'),(38,'MP-1262',1,'91.83945949189116','24.90983023789697','Good'),(39,'1262/1-T',1,'null','null',NULL),(40,'1262/1-s',1,'null','null',NULL),(41,'1262/2-T',1,'null','null',NULL),(42,'1262/2-s',1,'null','null',NULL),(43,'1262/3-T',1,'null','null',NULL),(44,'1262/3-s',1,'null','null',NULL),(45,'1262/4-s',1,'null','null',NULL),(46,'1262/5-s',1,'null','null',NULL),(47,'1262/6-s',1,'null','null',NULL),(48,'1262/4-T',1,'null','null',NULL),(49,'1262/7-s',1,'null','null',NULL),(50,'1262/5-T',1,'null','null',NULL),(51,'1262/8-s',1,'null','null',NULL),(52,'1262/9-s',1,'91.87968988','25.16903502','Good'),(53,'MP 1263',1,'91.8395273719744','24.909875242018785','Good'),(54,'MP 1266',1,'null','null',NULL),(55,'1266/1-s',1,'null','null',NULL),(56,'1266/2-s',1,'null','null',NULL),(57,'1266/1-T',1,'null','null',NULL),(58,'1266/3-s',1,'null','null',NULL),(59,'1266/4-s',1,'null','null',NULL),(60,'1266/5-s',1,'null','null',NULL),(61,'1266/6-s',1,'null','null',NULL),(62,'1266/2-T',1,'null','null',NULL),(63,'1266/7-s',1,'null','null',NULL),(64,'1266/8-s',1,'null','null',NULL),(65,'1266/9-s',1,'null','null',NULL),(66,'1266/3-T',1,'null','null',NULL),(67,'1266/10-s',1,'null','null',NULL),(68,'1266/11-s',1,'null','null',NULL),(69,'1266/12-s',1,'null','null',NULL),(70,'1266/13-s',1,'null','null',NULL),(71,'MP 1267',1,'null','null',NULL);
/*!40000 ALTER TABLE `pillar` ENABLE KEYS */;
UNLOCK TABLES;

--
-- Table structure for table `pillar_updated_by`
--

DROP TABLE IF EXISTS `pillar_updated_by`;
/*!40101 SET @saved_cs_client     = @@character_set_client */;
/*!40101 SET character_set_client = utf8 */;
CREATE TABLE `pillar_updated_by` (
  `soldier_id` int(11) DEFAULT NULL,
  `img_url` varchar(1010) DEFAULT NULL
) ENGINE=InnoDB DEFAULT CHARSET=utf8;
/*!40101 SET character_set_client = @saved_cs_client */;

--
-- Dumping data for table `pillar_updated_by`
--

LOCK TABLES `pillar_updated_by` WRITE;
/*!40000 ALTER TABLE `pillar_updated_by` DISABLE KEYS */;
INSERT INTO `pillar_updated_by` VALUES (NULL,'37_2017_02_28_02_00_29_Bad_.jpg'),(NULL,'37_2017_02_28_02_02_48_Missing_.jpg'),(20,'37_2017_02_28_02_04_20_Missing_.jpg'),(9,'37_2017_02_28_10_01_17_Good_.jpg'),(20,'38_2017_02_28_12_33_22_Good_.jpg'),(21,'53_2017_03_01_10_27_12_Good_.jpg'),(20,'53_2017_03_01_10_27_46_Good_.jpg'),(20,'52_2017_03_01_10_28_58_Good_.jpg'),(21,'52_2017_03_01_10_29_07_Good_.jpg'),(21,'52_2017_03_01_10_57_00_Good_.jpg'),(21,'53_2017_03_01_11_00_07_Good_.jpg');
/*!40000 ALTER TABLE `pillar_updated_by` ENABLE KEYS */;
UNLOCK TABLES;

--
-- Table structure for table `report_to_bgb`
--

DROP TABLE IF EXISTS `report_to_bgb`;
/*!40101 SET @saved_cs_client     = @@character_set_client */;
/*!40101 SET character_set_client = utf8 */;
CREATE TABLE `report_to_bgb` (
  `id` int(11) NOT NULL,
  `name` varchar(110) DEFAULT NULL,
  `mobile` varchar(110) DEFAULT NULL,
  `address` varchar(110) DEFAULT NULL,
  `message` varchar(1010) DEFAULT NULL,
  `datetime` timestamp NULL DEFAULT NULL,
  PRIMARY KEY (`id`),
  UNIQUE KEY `report_to_bgb_id_uindex` (`id`)
) ENGINE=InnoDB DEFAULT CHARSET=utf8;
/*!40101 SET character_set_client = @saved_cs_client */;

--
-- Dumping data for table `report_to_bgb`
--

LOCK TABLES `report_to_bgb` WRITE;
/*!40000 ALTER TABLE `report_to_bgb` DISABLE KEYS */;
INSERT INTO `report_to_bgb` VALUES (0,NULL,NULL,NULL,NULL,NULL),(1,'null','null','null','LOLL',NULL),(2,'null','null','null','PPL','2017-03-11 17:01:38'),(3,'null','null','null','PPL','2017-03-11 17:14:56'),(4,'null','null','null','yyyyyy','2017-03-11 17:39:17'),(5,'as asf','01711-XXXXXX','hhh, syl','dfadsfasd afsdfasdfasd. afsdfasdfasd আমি ভাত খাই না কেন','2017-03-11 17:43:03'),(6,'null','null','null','fadasdf','2017-03-11 17:44:49'),(7,'null','null','null','fadasdf','2017-03-11 17:48:19'),(8,'null','null','null','JOY','2017-03-11 18:14:27');
/*!40000 ALTER TABLE `report_to_bgb` ENABLE KEYS */;
UNLOCK TABLES;

--
-- Table structure for table `soldier`
--

DROP TABLE IF EXISTS `soldier`;
/*!40101 SET @saved_cs_client     = @@character_set_client */;
/*!40101 SET character_set_client = utf8 */;
CREATE TABLE `soldier` (
  `id` int(11) NOT NULL,
  `name` varchar(110) DEFAULT NULL,
  `designation` varchar(110) DEFAULT NULL,
  `username` varchar(110) DEFAULT NULL,
  `password` varchar(110) DEFAULT NULL,
  `patrolling_status` int(11) DEFAULT '0',
  PRIMARY KEY (`id`),
  UNIQUE KEY `username` (`username`)
) ENGINE=InnoDB DEFAULT CHARSET=utf8;
/*!40101 SET character_set_client = @saved_cs_client */;

--
-- Dumping data for table `soldier`
--

LOCK TABLES `soldier` WRITE;
/*!40000 ALTER TABLE `soldier` DISABLE KEYS */;
INSERT INTO `soldier` VALUES (1,'Ali','Soldier(BGB-2)','ali','qrwe',0),(2,'Mohammad','Soldier(BGB-11)','md','reqrd',0),(3,'Sohel','Soldier(BGB-3)','sohel','rqwerq',0),(4,'Bibhash','Soldier(BGB-1)','bibhash','afsdfa',0),(5,'Mirza','Soldier(BGB-2)','mirza','dafa',0),(6,'Shahad','Soldier(BGB-1)','shahad','asdfasd',0),(7,'Al- Amin','Captain','alamin','afsd',0),(8,'ANN','afsd asdf','ann','das',0),(9,'Jubayer','adg','jubayer','erwer',0),(10,'asd','adg','a','ter',0),(11,'asd','adg','b','wwetr',0),(13,'werqw','qqq','c','wertwert',0),(14,'werqw','qqq','d','wtert',0),(15,'pp','ppp','e','wter',0),(16,'Salam','Soldier','salam','tewr',0),(17,'www','wer','asdf','wer',0),(18,'alamin_sust','qqqq','qqq','H7R1feGI',0),(19,'NEW','NRRR','asdfg','djA5',0),(20,'soldier-1','soldier','soldier-1','OJnn',0),(21,'soldier-2','BGB-SYLHET','soldier-2','fwER',0),(22,'soldier-3','BGB-SYLHET','soldier-3','e9tN',0),(23,'soldier-4','BGB-SYLHET','soldier-4','c8ST',0),(24,'soldier-5','BGB-SYLHET','soldier-5','Btji',0);
/*!40000 ALTER TABLE `soldier` ENABLE KEYS */;
UNLOCK TABLES;

--
-- Table structure for table `soldier_location`
--

DROP TABLE IF EXISTS `soldier_location`;
/*!40101 SET @saved_cs_client     = @@character_set_client */;
/*!40101 SET character_set_client = utf8 */;
CREATE TABLE `soldier_location` (
  `id` int(11) DEFAULT NULL,
  `soldier_id` int(11) DEFAULT NULL,
  `longitude` varchar(110) DEFAULT NULL,
  `latitude` varchar(110) DEFAULT NULL,
  `datetime` timestamp NOT NULL DEFAULT CURRENT_TIMESTAMP ON UPDATE CURRENT_TIMESTAMP,
  `patrol_id` int(11) DEFAULT NULL
) ENGINE=InnoDB DEFAULT CHARSET=utf8;
/*!40101 SET character_set_client = @saved_cs_client */;

--
-- Dumping data for table `soldier_location`
--

LOCK TABLES `soldier_location` WRITE;
/*!40000 ALTER TABLE `soldier_location` DISABLE KEYS */;
INSERT INTO `soldier_location` VALUES (0,0,'0','0','2017-03-12 20:26:08',0),(1,9,'91.108881','24.919200','2017-02-25 04:31:00',NULL),(2,5,'91.95351692252466','24.91271444795875','2017-02-25 07:16:59',NULL),(3,9,'91.95353545215123','24.912703212646132','2017-02-25 07:02:11',NULL),(4,7,'91.95352814229288','24.912735443882898','2017-02-25 09:22:00',NULL),(5,4,'91.95360765848207','24.9127406901786','2017-02-25 07:16:59',NULL),(6,3,'91.95355428644717','24.91273380539531','2017-02-25 07:26:59',NULL),(7,7,'91.95359038395273','24.912725170798126','2017-02-25 08:21:00',NULL),(8,1,'91.95362212586343','24.912689837689225','2017-02-25 10:06:59',NULL),(9,1,'91.95360277341932','24.91271066192659','2017-02-25 07:02:59',NULL),(10,9,'91.95359548544893','24.91271687379369','2017-02-25 07:05:41',NULL),(11,2,'91.95356816774496','24.912689860898166','2017-03-13 17:22:57',8),(12,2,'91.95361963974754','24.912679813850172','2017-03-13 17:22:57',8),(13,2,'91.95357330575273','24.912684171849925','2017-03-13 17:22:57',9),(14,2,'91.95357026575837','24.912670692187508','2017-03-13 18:51:19',11),(15,2,'91.95357026575837','24.912670692187508','2017-03-13 18:51:25',11),(16,4,'91.95333707727873','24.912607579424943','2017-02-25 09:21:00',NULL),(17,2,'91.95333707727873','24.912607579424943','2017-03-13 18:51:33',11),(18,2,'91.95336995503558','24.91263792241824','2017-03-13 19:15:35',11),(19,9,'91.95347269252316','24.912693188012668','2017-02-25 07:12:13',NULL),(20,9,'91.95368089337306','24.91279692393051','2017-02-25 07:12:42',NULL),(21,9,'91.95364495229016','24.91275073162767','2017-02-25 07:13:12',NULL),(22,9,'91.95363582141856','24.912823593407367','2017-03-12 20:45:58',1),(23,9,'91.95356007019511','24.91275414202106','2017-03-12 20:45:58',1),(24,9,'91.95352061629336','24.912749962984954','2017-03-12 20:45:58',1),(25,9,'91.95360456257183','24.912737056217466','2017-03-12 20:45:58',1),(26,9,'91.953401437583','24.91286554462779','2017-03-12 20:45:58',1),(27,9,'91.9535075313949','24.912794560116705','2017-03-12 20:45:58',1),(28,9,'91.95351942010774','24.912780228605094','2017-03-12 20:45:58',1),(29,9,'91.95351942010774','24.912780228605094','2017-03-12 20:45:58',1),(30,9,'91.95356144875778','24.912727836604585','2017-03-12 20:45:58',1),(31,9,'91.95356144875788','24.91272783660444','2017-03-12 20:45:58',1),(32,9,'91.95356144875788','24.91272783660444','2017-03-12 20:45:58',2),(33,9,'91.95363269029313','24.912620487417705','2017-03-12 20:45:58',2),(34,9,'91.95366591848061','24.912533363288464','2017-03-12 20:45:58',2),(35,9,'91.95373000479901','24.912426034488874','2017-03-12 20:45:58',2),(36,9,'91.95372774831317','24.91241420291324','2017-03-12 20:45:58',2),(37,9,'91.95372774831317','24.91241420291324','2017-03-12 20:45:58',2),(38,9,'91.95363759259753','24.912707567325366','2017-03-12 20:45:58',2),(39,9,'91.95359815984415','24.91275528421229','2017-03-12 20:45:58',2),(40,9,'91.95359815984415','24.91275528421229','2017-03-12 20:45:58',2),(41,9,'91.95367533251238','24.912755948726222','2017-03-12 20:45:58',2),(42,9,'91.9536041','24.9127316','2017-03-12 20:45:58',3),(43,9,'91.9536041','24.9127316','2017-03-12 20:45:58',4),(44,9,'91.9536041','24.9127316','2017-03-12 20:45:58',4),(45,9,'91.9536041','24.9127316','2017-02-27 04:39:46',NULL),(46,9,'91.9536041','24.9127316','2017-02-27 04:40:15',NULL),(47,9,'91.9536041','24.9127316','2017-02-27 04:40:47',NULL),(48,9,'91.9536041','24.9127316','2017-02-27 04:41:18',NULL),(49,9,'91.9536041','24.9127316','2017-02-27 04:41:46',NULL),(50,9,'91.9536041','24.9127316','2017-02-27 04:42:17',NULL),(51,9,'91.9536041','24.9127316','2017-02-27 04:42:50',NULL),(52,9,'91.9536041','24.9127316','2017-02-27 04:43:18',NULL),(53,9,'91.9536041','24.9127316','2017-02-27 04:44:04',NULL),(54,9,'91.9536041','24.9127316','2017-02-27 04:44:04',NULL),(55,9,'91.9536041','24.9127316','2017-02-27 04:44:24',NULL),(56,9,'91.9536041','24.9127316','2017-02-27 04:44:55',NULL),(57,9,'91.9536041','24.9127316','2017-02-27 04:45:26',NULL),(58,9,'91.9536041','24.9127316','2017-02-27 04:45:54',NULL),(59,9,'91.9536041','24.9127316','2017-02-27 04:46:26',NULL),(60,9,'91.9536041','24.9127316','2017-02-27 04:46:54',NULL),(61,9,'91.9536041','24.9127316','2017-02-27 04:52:12',NULL),(62,9,'91.9536041','24.9127316','2017-02-27 04:52:43',NULL),(63,9,'91.9536041','24.9127316','2017-02-27 04:53:12',NULL),(64,9,'91.9536041','24.9127316','2017-02-27 04:53:42',NULL),(65,9,'91.9536041','24.9127316','2017-02-27 04:54:12',NULL),(66,9,'91.9536041','24.9127316','2017-02-27 04:54:42',NULL),(67,9,'91.9536041','24.9127316','2017-02-27 04:55:14',NULL),(68,9,'91.9536041','24.9127316','2017-02-27 04:55:44',NULL),(69,9,'91.9536041','24.9127316','2017-02-27 04:56:15',NULL),(70,9,'91.9536041','24.9127316','2017-02-27 04:56:43',NULL),(71,9,'91.9536041','24.9127316','2017-02-27 04:57:13',NULL),(72,9,'91.9536041','24.9127316','2017-02-27 04:57:43',NULL),(73,9,'91.9536041','24.9127316','2017-02-27 04:58:15',NULL),(74,9,'91.9536041','24.9127316','2017-02-27 04:58:43',NULL),(75,9,'91.9536041','24.9127316','2017-02-27 04:59:14',NULL),(76,9,'91.9536041','24.9127316','2017-02-27 04:59:48',NULL),(77,9,'91.9536041','24.9127316','2017-02-27 05:00:14',NULL),(78,9,'91.9536041','24.9127316','2017-02-27 05:00:44',NULL),(79,9,'91.9536041','24.9127316','2017-02-27 05:01:14',NULL),(80,9,'91.9536041','24.9127316','2017-02-27 05:01:44',NULL),(81,9,'91.9536041','24.9127316','2017-02-27 05:02:14',NULL),(82,9,'91.9536041','24.9127316','2017-02-27 05:02:44',NULL),(83,9,'91.927466','24.911442','2017-02-27 05:03:02',NULL),(84,9,'91.9536041','24.9127316','2017-02-27 05:03:15',NULL),(85,9,'91.9536041','24.9127316','2017-02-27 05:03:45',NULL),(86,9,'91.9536041','24.9127316','2017-02-27 05:04:15',NULL),(87,9,'91.9536041','24.9127316','2017-02-27 05:04:45',NULL),(88,9,'91.9536041','24.9127316','2017-02-27 05:05:17',NULL),(89,9,'91.9536041','24.9127316','2017-02-27 05:05:46',NULL),(90,9,'91.9536041','24.9127316','2017-02-27 05:06:16',NULL),(91,9,'91.9536041','24.9127316','2017-02-27 05:06:46',NULL),(92,9,'91.9536041','24.9127316','2017-02-27 05:07:17',NULL),(93,9,'91.9536041','24.9127316','2017-02-27 05:07:47',NULL),(94,9,'91.9536041','24.9127316','2017-02-27 05:08:17',NULL),(95,9,'91.9536041','24.9127316','2017-02-27 05:08:47',NULL),(96,9,'91.9536041','24.9127316','2017-02-27 05:09:18',NULL),(97,9,'91.9536041','24.9127316','2017-02-27 05:09:47',NULL),(98,9,'91.9536041','24.9127316','2017-02-27 05:10:18',NULL),(99,9,'91.9536041','24.9127316','2017-02-27 05:10:49',NULL),(100,9,'91.9536041','24.9127316','2017-02-27 05:11:19',NULL),(101,9,'91.9536041','24.9127316','2017-02-27 05:11:49',NULL),(102,9,'91.9536041','24.9127316','2017-02-27 05:12:19',NULL),(103,9,'91.9536041','24.9127316','2017-02-27 05:12:49',NULL),(104,9,'91.9536041','24.9127316','2017-02-27 05:13:19',NULL),(105,9,'91.9536041','24.9127316','2017-02-27 05:13:49',NULL),(106,9,'91.9536041','24.9127316','2017-02-27 05:14:21',NULL),(107,9,'91.9536041','24.9127316','2017-02-27 05:14:51',NULL),(108,9,'91.9536041','24.9127316','2017-02-27 05:15:22',NULL),(109,9,'91.9536041','24.9127316','2017-02-27 05:15:51',NULL),(110,9,'91.9536041','24.9127316','2017-02-27 05:16:22',NULL),(111,9,'91.9536041','24.9127316','2017-02-27 05:16:51',NULL),(112,9,'91.9536041','24.9127316','2017-02-27 05:17:22',NULL),(113,9,'91.9536041','24.9127316','2017-02-27 05:17:51',NULL),(114,9,'91.9536041','24.9127316','2017-02-27 05:18:22',NULL),(115,9,'91.9536041','24.9127316','2017-02-27 05:18:52',NULL),(116,9,'91.9536041','24.9127316','2017-02-27 05:19:21',NULL),(117,9,'91.9536041','24.9127316','2017-02-27 05:19:51',NULL),(118,9,'91.9536041','24.9127316','2017-02-27 05:20:21',NULL),(119,9,'91.9536041','24.9127316','2017-02-27 05:20:52',NULL),(120,9,'91.9536041','24.9127316','2017-02-27 05:21:21',NULL),(121,9,'91.9536041','24.9127316','2017-02-27 05:21:51',NULL),(122,NULL,'null','null','2017-02-27 05:22:10',NULL),(123,9,'91.9536041','24.9127316','2017-02-27 05:22:22',NULL),(124,9,'91.9536041','24.9127316','2017-02-27 05:22:52',NULL),(125,9,'91.9536041','24.9127316','2017-02-27 05:23:42',NULL),(126,9,'91.9536041','24.9127316','2017-02-27 05:24:14',NULL),(127,9,'91.9536041','24.9127316','2017-02-27 05:24:41',NULL),(128,9,'91.9536041','24.9127316','2017-02-27 05:25:11',NULL),(129,9,'91.9536041','24.9127316','2017-02-27 05:25:42',NULL),(130,9,'91.9536041','24.9127316','2017-02-27 05:26:22',NULL),(131,9,'91.9536041','24.9127316','2017-02-27 05:26:50',NULL),(132,9,'91.9536041','24.9127316','2017-02-27 05:29:41',NULL),(133,9,'91.9536041','24.9127316','2017-02-27 05:29:50',NULL),(134,9,'91.9536041','24.9127316','2017-02-27 05:31:09',NULL),(135,9,'91.9536041','24.9127316','2017-02-27 05:31:39',NULL),(136,9,'91.9536041','24.9127316','2017-02-27 05:32:10',NULL),(137,NULL,'null','null','2017-02-27 05:32:23',NULL),(138,9,'91.9536041','24.9127316','2017-02-27 05:32:44',NULL),(139,NULL,'null','null','2017-02-27 05:32:45',NULL),(140,9,'91.9536041','24.9127316','2017-02-27 05:33:10',NULL),(141,9,'91.927466','24.911442','2017-02-27 05:33:33',NULL),(142,NULL,'null','null','2017-02-27 05:33:54',NULL),(143,NULL,'null','null','2017-02-27 05:34:02',NULL),(144,NULL,'null','null','2017-02-27 05:34:24',NULL),(145,NULL,'null','null','2017-02-27 05:34:54',NULL),(146,NULL,'null','null','2017-02-27 05:35:24',NULL),(147,NULL,'null','null','2017-02-27 05:35:55',NULL),(148,9,'0.0','0.0','2017-02-27 05:43:44',NULL),(149,9,'91.902535','24.898325','2017-02-27 05:51:07',NULL),(150,NULL,'null','null','2017-02-27 05:51:20',NULL),(151,9,'91.902535','24.898325','2017-02-27 05:51:36',NULL),(152,9,'91.902535','24.898325','2017-02-27 05:52:07',NULL),(153,9,'91.902535','24.898325','2017-02-27 05:52:37',NULL),(154,9,'91.902535','24.898325','2017-02-27 05:53:07',NULL),(155,9,'91.902535','24.898325','2017-02-27 05:53:39',NULL),(156,9,'91.902535','24.898325','2017-02-27 05:54:07',NULL),(157,9,'91.902535','24.898325','2017-02-27 05:54:39',NULL),(158,9,'91.902535','24.898325','2017-02-27 05:55:10',NULL),(159,9,'91.902535','24.898325','2017-02-27 05:55:38',NULL),(160,9,'91.902535','24.898325','2017-02-27 05:56:11',NULL),(161,9,'91.902535','24.898325','2017-02-27 05:56:40',NULL),(162,9,'91.902535','24.898325','2017-02-27 05:57:09',NULL),(163,9,'91.902535','24.898325','2017-02-27 05:57:39',NULL),(164,9,'91.902535','24.898325','2017-02-27 05:58:09',NULL),(165,9,'91.902535','24.898325','2017-02-27 05:58:41',NULL),(166,9,'91.902535','24.898325','2017-02-27 05:59:13',NULL),(167,9,'91.9536041','24.9127316','2017-02-27 05:59:30',NULL),(168,9,'91.902535','24.898325','2017-02-27 05:59:40',NULL),(169,9,'91.9536041','24.9127316','2017-02-27 06:00:00',NULL),(170,9,'91.902535','24.898325','2017-02-27 06:00:10',NULL),(171,9,'91.9536041','24.9127316','2017-02-27 06:00:29',NULL),(172,9,'91.902535','24.898325','2017-02-27 06:00:39',NULL),(173,9,'91.9536041','24.9127316','2017-02-27 06:00:59',NULL),(174,9,'91.902535','24.898325','2017-02-27 06:01:11',NULL),(175,9,'91.9536041','24.9127316','2017-02-27 06:01:29',NULL),(176,9,'91.902535','24.898325','2017-02-27 06:01:40',NULL),(177,9,'91.9536041','24.9127316','2017-02-27 06:02:03',NULL),(178,9,'91.902535','24.898325','2017-02-27 06:02:12',NULL),(179,9,'91.9536041','24.9127316','2017-02-27 06:02:33',NULL),(180,9,'91.902535','24.898325','2017-02-27 06:02:40',NULL),(181,9,'91.9536041','24.9127316','2017-02-27 06:02:59',NULL),(182,9,'91.902535','24.898325','2017-02-27 06:03:10',NULL),(183,9,'91.9536041','24.9127316','2017-02-27 06:03:40',NULL),(184,9,'91.902535','24.898325','2017-02-27 06:03:41',NULL),(185,9,'91.9536041','24.9127316','2017-02-27 06:03:59',NULL),(186,9,'91.902535','24.898325','2017-02-27 06:04:13',NULL),(187,9,'91.9536041','24.9127316','2017-02-27 06:04:30',NULL),(188,9,'91.902535','24.898325','2017-02-27 06:04:41',NULL),(189,9,'91.9536041','24.9127316','2017-02-27 06:05:00',NULL),(190,9,'91.902535','24.898325','2017-02-27 06:05:10',NULL),(191,9,'91.9536041','24.9127316','2017-02-27 06:05:32',NULL),(192,9,'91.902535','24.898325','2017-02-27 06:05:42',NULL),(193,9,'91.9536041','24.9127316','2017-02-27 06:06:00',NULL),(194,9,'91.902535','24.898325','2017-02-27 06:06:11',NULL),(195,9,'91.9536041','24.9127316','2017-02-27 06:06:31',NULL),(196,9,'91.902535','24.898325','2017-02-27 06:06:41',NULL),(197,9,'91.9536041','24.9127316','2017-02-27 06:07:01',NULL),(198,9,'91.902535','24.898325','2017-02-27 06:07:11',NULL),(199,9,'91.902535','24.898325','2017-02-27 06:08:01',NULL),(200,9,'91.902535','24.898325','2017-02-27 06:08:11',NULL),(201,9,'91.9536041','24.9127316','2017-02-27 06:08:30',NULL),(202,9,'91.9536041','24.9127316','2017-02-27 06:08:31',NULL),(203,9,'91.9536041','24.9127316','2017-02-27 06:08:31',NULL),(204,9,'91.902535','24.898325','2017-02-27 06:08:47',NULL),(205,9,'91.9536041','24.9127316','2017-02-27 06:09:07',NULL),(206,9,'91.902535','24.898325','2017-02-27 06:09:12',NULL),(207,9,'91.9536041','24.9127316','2017-02-27 06:09:33',NULL),(208,9,'91.902535','24.898325','2017-02-27 06:09:42',NULL),(209,9,'91.9536041','24.9127316','2017-02-27 06:10:01',NULL),(210,9,'91.902535','24.898325','2017-02-27 06:10:13',NULL),(211,9,'91.9536041','24.9127316','2017-02-27 06:10:31',NULL),(212,9,'91.902535','24.898325','2017-02-27 06:10:42',NULL),(213,9,'91.9536041','24.9127316','2017-02-27 06:11:01',NULL),(214,9,'91.902535','24.898325','2017-02-27 06:11:12',NULL),(215,NULL,'null','null','2017-02-27 06:11:19',NULL),(216,9,'91.902535','24.898325','2017-02-27 06:11:42',NULL),(217,NULL,'null','null','2017-02-27 06:11:49',NULL),(218,9,'91.902535','24.898325','2017-02-27 06:12:12',NULL),(219,9,'91.902535','24.898325','2017-02-27 06:12:42',NULL),(220,NULL,'null','null','2017-02-27 06:12:49',NULL),(221,9,'91.902535','24.898325','2017-02-27 06:13:13',NULL),(222,NULL,'null','null','2017-02-27 06:13:21',NULL),(223,9,'91.902535','24.898325','2017-02-27 06:13:42',NULL),(224,NULL,'null','null','2017-02-27 06:13:51',NULL),(225,9,'91.902535','24.898325','2017-02-27 06:14:12',NULL),(226,9,'91.902535','24.898325','2017-02-27 06:14:45',NULL),(227,9,'91.902535','24.898325','2017-02-27 06:15:14',NULL),(228,9,'91.902535','24.898325','2017-02-27 06:15:43',NULL),(229,9,'91.902535','24.898325','2017-02-27 06:16:13',NULL),(230,9,'91.902535','24.898325','2017-02-27 06:16:44',NULL),(231,9,'91.902535','24.898325','2017-02-27 06:17:14',NULL),(232,9,'91.902535','24.898325','2017-02-27 06:17:43',NULL),(233,9,'91.902535','24.898325','2017-02-27 06:18:15',NULL),(234,9,'91.902535','24.898325','2017-02-27 06:18:44',NULL),(235,9,'91.902535','24.898325','2017-02-27 06:19:14',NULL),(236,9,'91.902535','24.898325','2017-02-27 06:19:44',NULL),(237,9,'91.902535','24.898325','2017-02-27 06:20:16',NULL),(238,9,'91.902535','24.898325','2017-02-27 06:20:44',NULL),(239,9,'91.902535','24.898325','2017-02-27 06:21:14',NULL),(240,9,'91.902535','24.898325','2017-02-27 06:21:45',NULL),(241,9,'91.9536041','24.9127316','2017-02-27 06:21:54',NULL),(242,9,'91.902535','24.898325','2017-02-27 06:22:14',NULL),(243,9,'91.902535','24.898325','2017-02-27 06:22:45',NULL),(244,9,'91.902535','24.898325','2017-02-27 06:23:15',NULL),(245,9,'91.902535','24.898325','2017-02-27 06:23:46',NULL),(246,9,'91.902535','24.898325','2017-02-27 06:24:16',NULL),(247,9,'91.902535','24.898325','2017-02-27 06:52:52',NULL),(248,9,'91.902535','24.898325','2017-02-27 06:53:21',NULL),(249,9,'91.87866935517116','24.90656609234899','2017-02-27 06:53:30',NULL),(250,9,'91.902535','24.898325','2017-02-27 06:53:52',NULL),(251,9,'91.87866935517116','24.90656609234899','2017-02-27 06:54:00',NULL),(252,9,'91.902535','24.898325','2017-02-27 06:54:22',NULL),(253,9,'91.87866935517116','24.90656609234899','2017-02-27 06:54:30',NULL),(254,9,'91.902535','24.898325','2017-02-27 06:54:52',NULL),(255,9,'91.87866935517116','24.90656609234899','2017-02-27 06:55:01',NULL),(256,9,'91.902535','24.898325','2017-02-27 06:55:22',NULL),(257,9,'91.87866935517116','24.90656609234899','2017-02-27 06:55:32',NULL),(258,9,'91.902535','24.898325','2017-02-27 06:55:52',NULL),(259,9,'91.87866935517116','24.90656609234899','2017-02-27 06:56:03',NULL),(260,9,'91.902535','24.898325','2017-02-27 06:56:23',NULL),(261,9,'91.87866935517116','24.90656609234899','2017-02-27 06:56:32',NULL),(262,9,'91.902535','24.898325','2017-02-27 06:56:53',NULL),(263,9,'91.87866935517116','24.90656609234899','2017-02-27 06:57:04',NULL),(264,9,'91.902535','24.898325','2017-02-27 06:57:24',NULL),(265,9,'91.87866935517116','24.90656609234899','2017-02-27 06:57:31',NULL),(266,9,'91.902535','24.898325','2017-02-27 06:57:53',NULL),(267,9,'91.87866935517116','24.90656609234899','2017-02-27 06:58:02',NULL),(268,9,'91.902535','24.898325','2017-02-27 06:58:23',NULL),(269,9,'91.87866935517116','24.90656609234899','2017-02-27 06:58:33',NULL),(270,9,'91.902535','24.898325','2017-02-27 06:58:54',NULL),(271,9,'91.87866935517116','24.90656609234899','2017-02-27 06:59:03',NULL),(272,9,'91.902535','24.898325','2017-02-27 06:59:25',NULL),(273,9,'91.87866935517116','24.90656609234899','2017-02-27 06:59:36',NULL),(274,9,'91.902535','24.898325','2017-02-27 06:59:54',NULL),(275,9,'91.87866935517116','24.90656609234899','2017-02-27 07:00:03',NULL),(276,9,'91.902535','24.898325','2017-02-27 07:00:24',NULL),(277,9,'91.87866935517116','24.90656609234899','2017-02-27 07:00:32',NULL),(278,9,'91.902535','24.898325','2017-02-27 07:00:55',NULL),(279,9,'91.87866935517116','24.90656609234899','2017-02-27 07:01:03',NULL),(280,9,'91.902535','24.898325','2017-02-27 07:01:27',NULL),(281,9,'91.87866935517116','24.90656609234899','2017-02-27 07:01:34',NULL),(282,9,'91.902535','24.898325','2017-02-27 07:01:55',NULL),(283,9,'91.87866935517116','24.90656609234899','2017-02-27 07:02:03',NULL),(284,9,'91.902535','24.898325','2017-02-27 07:02:25',NULL),(285,9,'91.87866935517116','24.90656609234899','2017-02-27 07:02:34',NULL),(286,9,'91.902535','24.898325','2017-02-27 07:02:57',NULL),(287,9,'91.87866935517116','24.90656609234899','2017-02-27 07:03:06',NULL),(288,9,'91.902535','24.898325','2017-02-27 07:03:24',NULL),(289,9,'91.87866935517116','24.90656609234899','2017-02-27 07:03:33',NULL),(290,9,'91.902535','24.898325','2017-02-27 07:03:55',NULL),(291,9,'91.87866935517116','24.90656609234899','2017-02-27 07:04:03',NULL),(292,9,'91.902535','24.898325','2017-02-27 07:04:25',NULL),(293,9,'91.87866935517116','24.90656609234899','2017-02-27 07:04:34',NULL),(294,9,'91.902535','24.898325','2017-02-27 07:04:55',NULL),(295,9,'91.87866935517116','24.90656609234899','2017-02-27 07:05:04',NULL),(296,9,'91.902535','24.898325','2017-02-27 07:05:25',NULL),(297,9,'91.87866935517116','24.90656609234899','2017-02-27 07:05:34',NULL),(298,9,'91.902535','24.898325','2017-02-27 07:05:54',NULL),(299,9,'91.87866935517116','24.90656609234899','2017-02-27 07:06:04',NULL),(300,9,'91.87866935517116','24.90656609234899','2017-02-27 07:06:33',NULL),(301,9,'91.87866935517116','24.90656609234899','2017-02-27 07:07:25',NULL),(302,9,'91.87866935517116','24.90656609234899','2017-02-27 07:07:34',NULL),(303,9,'91.87866935517116','24.90656609234899','2017-02-27 07:08:05',NULL),(304,9,'91.87866935517116','24.90656609234899','2017-02-27 07:08:34',NULL),(305,9,'91.87866935517116','24.90656609234899','2017-02-27 07:09:09',NULL),(306,9,'91.83455919862239','24.91190133387424','2017-02-27 07:09:34',NULL),(307,9,'91.83463687831446','24.911618885268567','2017-02-27 07:10:05',NULL),(308,9,'91.83463687831446','24.911618885268567','2017-02-27 07:10:35',NULL),(309,9,'91.83463687831446','24.911618885268567','2017-02-27 07:11:16',NULL),(310,9,'91.83463687831446','24.911618885268567','2017-02-27 07:11:34',NULL),(311,9,'91.83463687831446','24.911618885268567','2017-02-27 07:12:06',NULL),(312,9,'91.83463687831446','24.911618885268567','2017-02-27 07:12:35',NULL),(313,9,'91.83463687831446','24.911618885268567','2017-02-27 07:13:05',NULL),(314,9,'91.83463687831446','24.911618885268567','2017-02-27 07:13:34',NULL),(315,9,'91.83463687831446','24.911618885268567','2017-02-27 07:14:07',NULL),(316,9,'91.83463687831446','24.911618885268567','2017-02-27 07:14:36',NULL),(317,9,'91.83463687831446','24.911618885268567','2017-02-27 07:15:05',NULL),(318,9,'91.83463687831446','24.911618885268567','2017-02-27 07:15:36',NULL),(319,9,'91.83463687831446','24.911618885268567','2017-02-27 07:16:06',NULL),(320,9,'91.83463687831446','24.911618885268567','2017-02-27 07:16:37',NULL),(321,9,'91.83463687831446','24.911618885268567','2017-02-27 07:17:09',NULL),(322,9,'91.83463687831446','24.911618885268567','2017-02-27 07:17:41',NULL),(323,9,'91.83463687831446','24.911618885268567','2017-02-27 07:18:06',NULL),(324,9,'91.83463687831446','24.911618885268567','2017-02-27 07:18:38',NULL),(325,9,'91.83463687831446','24.911618885268567','2017-02-27 07:19:06',NULL),(326,9,'91.83463687831446','24.911618885268567','2017-02-27 07:19:53',NULL),(327,9,'91.83463687831446','24.911618885268567','2017-02-27 07:20:08',NULL),(328,9,'91.83463687831446','24.911618885268567','2017-02-27 07:20:39',NULL),(329,9,'91.83463687831446','24.911618885268567','2017-02-27 07:21:11',NULL),(330,9,'91.83463687831446','24.911618885268567','2017-02-27 07:21:41',NULL),(331,9,'91.83463687831446','24.911618885268567','2017-02-27 07:22:17',NULL),(332,9,'91.83463687831446','24.911618885268567','2017-02-27 07:22:44',NULL),(333,9,'91.83440681578945','24.911800626928216','2017-02-27 07:22:51',NULL),(334,9,'91.83440681578945','24.911800626928216','2017-02-27 07:23:22',NULL),(335,9,'91.83440681578945','24.911800626928216','2017-02-27 07:23:51',NULL),(336,9,'91.83440681578945','24.911800626928216','2017-02-27 07:24:22',NULL),(337,9,'91.83440681578945','24.911800626928216','2017-02-27 07:25:21',NULL),(338,9,'91.83440681578945','24.911800626928216','2017-02-27 07:25:22',NULL),(339,9,'91.83440681578945','24.911800626928216','2017-02-27 07:26:14',NULL),(340,9,'91.83440681578945','24.911800626928216','2017-02-27 07:26:22',NULL),(341,9,'91.83440681578945','24.911800626928216','2017-02-27 07:26:52',NULL),(342,9,'91.83440681578945','24.911800626928216','2017-02-27 07:27:22',NULL),(343,9,'91.83440681578945','24.911800626928216','2017-02-27 07:27:55',NULL),(344,9,'91.83440681578945','24.911800626928216','2017-02-27 07:28:23',NULL),(345,9,'91.83440681578945','24.911800626928216','2017-02-27 07:28:52',NULL),(346,9,'91.83440681578945','24.911800626928216','2017-02-27 07:29:24',NULL),(347,9,'91.83440681578945','24.911800626928216','2017-02-27 07:30:22',NULL),(348,9,'91.83440681578945','24.911800626928216','2017-02-27 07:30:23',NULL),(349,9,'91.83440681578945','24.911800626928216','2017-02-27 07:30:56',NULL),(350,9,'91.83440681578945','24.911800626928216','2017-02-27 07:31:30',NULL),(351,9,'91.83440681578945','24.911800626928216','2017-02-27 07:32:24',NULL),(352,9,'91.83440681578945','24.911800626928216','2017-02-27 07:32:27',NULL),(353,9,'91.83440681578945','24.911800626928216','2017-02-27 07:32:53',NULL),(354,9,'91.83440681578945','24.911800626928216','2017-02-27 07:33:23',NULL),(355,9,'91.83440681578945','24.911800626928216','2017-02-27 07:34:44',NULL),(356,9,'91.83440681578945','24.911800626928216','2017-02-27 07:34:46',NULL),(357,9,'91.83440681578945','24.911800626928216','2017-02-27 07:34:54',NULL),(358,9,'91.83440681578945','24.911800626928216','2017-02-27 07:35:28',NULL),(359,9,'91.83440681578945','24.911800626928216','2017-02-27 07:36:49',NULL),(360,9,'91.83440681578945','24.911800626928216','2017-02-27 07:36:49',NULL),(361,9,'91.83440681578945','24.911800626928216','2017-02-27 07:36:54',NULL),(362,9,'91.83440681578945','24.911800626928216','2017-02-27 07:37:26',NULL),(363,9,'91.83440681578945','24.911800626928216','2017-02-27 07:37:56',NULL),(364,9,'91.95362153856209','24.912897260611764','2017-02-27 10:54:18',NULL),(365,9,'91.95362153856209','24.912897260611764','2017-02-27 10:54:48',NULL),(366,9,'91.95362153856209','24.912897260611764','2017-02-27 10:55:20',NULL),(367,9,'91.95362153856209','24.912897260611764','2017-02-27 10:55:49',NULL),(368,9,'91.95362153856209','24.912897260611764','2017-02-27 10:56:20',NULL),(369,9,'91.95362153856209','24.912897260611764','2017-02-27 10:56:49',NULL),(370,9,'91.95362153856209','24.912897260611764','2017-02-27 10:57:19',NULL),(371,9,'91.95362153856209','24.912897260611764','2017-02-27 10:57:54',NULL),(372,9,'91.95362153856209','24.912897260611764','2017-02-27 10:59:45',NULL),(373,9,'91.95362153856209','24.912897260611764','2017-02-27 11:00:52',NULL),(374,9,'91.95362153856209','24.912897260611764','2017-02-27 11:01:22',NULL),(375,9,'91.95362153856209','24.912897260611764','2017-02-27 11:01:39',NULL),(376,9,'91.95362153856209','24.912897260611764','2017-02-27 11:40:37',NULL),(377,9,'91.95362153856209','24.912897260611764','2017-02-27 11:41:09',NULL),(378,9,'91.95362153856209','24.912897260611764','2017-02-27 11:41:39',NULL),(379,9,'91.95362153856209','24.912897260611764','2017-02-27 11:42:09',NULL),(380,9,'91.95362153856209','24.912897260611764','2017-02-27 11:42:39',NULL),(381,9,'91.95362153856209','24.912897260611764','2017-02-27 11:43:10',NULL),(382,9,'91.95362153856209','24.912897260611764','2017-02-27 11:43:40',NULL),(383,9,'91.95362153856209','24.912897260611764','2017-02-27 11:44:11',NULL),(384,9,'91.95362153856209','24.912897260611764','2017-02-27 11:44:44',NULL),(385,9,'91.95362153856209','24.912897260611764','2017-02-27 11:51:14',NULL),(386,9,'91.95362153856209','24.912897260611764','2017-02-27 11:51:49',NULL),(387,9,'91.95362153856209','24.912897260611764','2017-02-27 11:52:17',NULL),(388,9,'91.95362153856209','24.912897260611764','2017-02-27 11:52:47',NULL),(389,9,'91.95362153856209','24.912897260611764','2017-02-27 11:53:19',NULL),(390,9,'91.95362153856209','24.912897260611764','2017-02-27 11:53:46',NULL),(391,9,'91.95362153856209','24.912897260611764','2017-02-27 11:54:17',NULL),(392,9,'91.95362153856209','24.912897260611764','2017-02-27 11:54:48',NULL),(393,9,'91.95362153856209','24.912897260611764','2017-02-27 11:55:17',NULL),(394,9,'91.95362153856209','24.912897260611764','2017-02-27 11:55:47',NULL),(395,9,'91.95362153856209','24.912897260611764','2017-02-27 11:56:19',NULL),(396,9,'91.95362153856209','24.912897260611764','2017-02-27 11:56:48',NULL),(397,9,'91.95362153856209','24.912897260611764','2017-02-27 11:57:18',NULL),(398,9,'91.95362153856209','24.912897260611764','2017-02-27 11:57:49',NULL),(399,9,'91.95362153856209','24.912897260611764','2017-02-27 11:58:19',NULL),(400,9,'91.95362153856209','24.912897260611764','2017-02-27 11:58:48',NULL),(401,9,'91.95362153856209','24.912897260611764','2017-02-27 11:59:21',NULL),(402,9,'91.95362153856209','24.912897260611764','2017-02-27 11:59:49',NULL),(403,9,'91.95362153856209','24.912897260611764','2017-02-27 12:00:20',NULL),(404,9,'91.95362153856209','24.912897260611764','2017-02-27 12:00:50',NULL),(405,9,'91.95362153856209','24.912897260611764','2017-02-27 12:01:24',NULL),(406,9,'91.95362153856209','24.912897260611764','2017-02-27 12:01:50',NULL),(407,9,'91.95362153856209','24.912897260611764','2017-02-27 12:02:20',NULL),(408,9,'91.95362153856209','24.912897260611764','2017-02-27 12:02:50',NULL),(409,9,'91.95362153856209','24.912897260611764','2017-02-27 12:03:22',NULL),(410,9,'91.95362153856209','24.912897260611764','2017-02-27 12:03:52',NULL),(411,9,'91.95362153856209','24.912897260611764','2017-02-27 12:04:21',NULL),(412,9,'91.95362153856209','24.912897260611764','2017-02-27 12:04:51',NULL),(413,9,'91.95362153856209','24.912897260611764','2017-02-27 12:05:21',NULL),(414,9,'91.95362153856209','24.912897260611764','2017-02-27 12:05:51',NULL),(415,9,'91.95362153856209','24.912897260611764','2017-02-27 12:06:24',NULL),(416,9,'91.95362153856209','24.912897260611764','2017-02-27 12:06:52',NULL),(417,9,'91.95362153856209','24.912897260611764','2017-02-27 12:07:21',NULL),(418,9,'91.95362153856209','24.912897260611764','2017-02-27 12:07:51',NULL),(419,9,'91.95362153856209','24.912897260611764','2017-02-27 12:08:22',NULL),(420,9,'91.95362153856209','24.912897260611764','2017-02-27 12:08:53',NULL),(421,9,'91.95362153856209','24.912897260611764','2017-02-27 12:09:22',NULL),(422,9,'91.95362153856209','24.912897260611764','2017-02-27 12:09:53',NULL),(423,9,'91.95362153856209','24.912897260611764','2017-02-27 12:10:24',NULL),(424,9,'91.95362153856209','24.912897260611764','2017-02-27 12:10:53',NULL),(425,9,'91.95362153856209','24.912897260611764','2017-02-27 12:11:23',NULL),(426,9,'91.95362153856209','24.912897260611764','2017-02-27 12:11:53',NULL),(427,9,'91.95362153856209','24.912897260611764','2017-02-27 12:12:24',NULL),(428,9,'91.95362153856209','24.912897260611764','2017-02-27 12:12:54',NULL),(429,9,'91.95362153856209','24.912897260611764','2017-02-27 12:13:26',NULL),(430,9,'91.95362153856209','24.912897260611764','2017-02-27 12:13:56',NULL),(431,9,'91.95362153856209','24.912897260611764','2017-02-27 12:14:24',NULL),(432,9,'91.95362153856209','24.912897260611764','2017-02-27 12:14:54',NULL),(433,9,'91.95362153856209','24.912897260611764','2017-02-27 12:15:24',NULL),(434,9,'91.95362153856209','24.912897260611764','2017-02-27 12:15:55',NULL),(435,9,'91.95362153856209','24.912897260611764','2017-02-27 12:16:26',NULL),(436,9,'91.95362153856209','24.912897260611764','2017-02-27 12:16:55',NULL),(437,9,'91.95362153856209','24.912897260611764','2017-02-27 12:17:26',NULL),(438,9,'91.95362153856209','24.912897260611764','2017-02-27 12:17:56',NULL),(439,9,'91.95362153856209','24.912897260611764','2017-02-27 12:18:29',NULL),(440,9,'91.95362153856209','24.912897260611764','2017-02-27 12:18:56',NULL),(441,9,'91.95362153856209','24.912897260611764','2017-02-27 12:19:26',NULL),(442,9,'91.95362153856209','24.912897260611764','2017-02-27 12:19:57',NULL),(443,9,'91.95362153856209','24.912897260611764','2017-02-27 12:20:27',NULL),(444,9,'91.95362153856209','24.912897260611764','2017-02-27 12:20:56',NULL),(445,9,'91.95362153856209','24.912897260611764','2017-02-27 12:21:28',NULL),(446,9,'91.95362153856209','24.912897260611764','2017-02-27 12:21:57',NULL),(447,9,'91.95362153856209','24.912897260611764','2017-02-27 12:22:28',NULL),(448,9,'91.95362153856209','24.912897260611764','2017-02-27 12:22:47',NULL),(449,9,'91.95362153856209','24.912897260611764','2017-02-27 12:23:18',NULL),(450,9,'91.95362153856209','24.912897260611764','2017-02-27 12:23:50',NULL),(451,9,'91.95362153856209','24.912897260611764','2017-02-27 12:24:19',NULL),(452,9,'91.95362153856209','24.912897260611764','2017-02-27 12:24:48',NULL),(453,9,'91.95362153856209','24.912897260611764','2017-02-27 12:25:19',NULL),(454,9,'91.95362153856209','24.912897260611764','2017-02-27 12:25:49',NULL),(455,9,'91.95362153856209','24.912897260611764','2017-02-27 12:26:21',NULL),(456,9,'91.95362153856209','24.912897260611764','2017-02-27 12:26:48',NULL),(457,9,'91.95362153856209','24.912897260611764','2017-02-27 12:27:19',NULL),(458,9,'91.95362153856209','24.912897260611764','2017-02-27 12:27:49',NULL),(459,9,'91.95362153856209','24.912897260611764','2017-02-27 12:28:19',NULL),(460,9,'91.95362153856209','24.912897260611764','2017-02-27 12:28:50',NULL),(461,9,'91.95362153856209','24.912897260611764','2017-02-27 12:29:19',NULL),(462,9,'91.95362153856209','24.912897260611764','2017-02-27 12:29:49',NULL),(463,9,'91.95362153856209','24.912897260611764','2017-02-27 12:30:23',NULL),(464,9,'91.95362153856209','24.912897260611764','2017-02-27 12:30:52',NULL),(465,9,'91.95362153856209','24.912897260611764','2017-02-27 12:31:24',NULL),(466,9,'91.95362153856209','24.912897260611764','2017-02-27 12:31:53',NULL),(467,9,'91.95362153856209','24.912897260611764','2017-02-27 12:32:23',NULL),(468,9,'91.95362153856209','24.912897260611764','2017-02-27 12:32:53',NULL),(469,9,'91.95362153856209','24.912897260611764','2017-02-27 12:33:17',NULL),(470,9,'91.95362153856209','24.912897260611764','2017-02-27 12:33:49',NULL),(471,9,'91.95362153856209','24.912897260611764','2017-02-27 12:34:18',NULL),(472,9,'91.95362153856209','24.912897260611764','2017-02-27 12:34:48',NULL),(473,9,'91.95362153856209','24.912897260611764','2017-02-27 12:35:19',NULL),(474,9,'91.95362153856209','24.912897260611764','2017-02-27 12:35:48',NULL),(475,9,'91.95362153856209','24.912897260611764','2017-02-27 12:36:19',NULL),(476,9,'91.95362153856209','24.912897260611764','2017-02-27 12:36:43',NULL),(477,9,'91.95362153856209','24.912897260611764','2017-02-27 12:37:13',NULL),(478,9,'91.95362153856209','24.912897260611764','2017-02-27 12:37:43',NULL),(479,9,'91.95362153856209','24.912897260611764','2017-02-27 12:38:43',NULL),(480,9,'91.95362153856209','24.912897260611764','2017-02-27 12:45:17',NULL),(481,9,'91.949634','24.916127','2017-03-12 20:51:46',3),(482,9,'91.948738','24.916193','2017-03-12 20:51:46',3),(483,9,'91.948409','24.915874','2017-03-12 20:51:46',3),(484,9,'91.947941','24.915965','2017-03-12 20:51:46',3),(485,9,'91.947442','24.915784','2017-03-12 20:51:46',4),(486,9,'91.946597','24.915568','2017-03-12 20:51:46',4),(487,5,'90.3633244','23.7601154','2017-02-27 14:25:28',NULL),(488,5,'90.3632509','23.7601156','2017-02-27 14:49:45',NULL),(489,5,'90.3633244','23.7601154','2017-02-27 14:50:16',NULL),(490,5,'90.3633244','23.7600225','2017-02-27 14:50:47',NULL),(491,5,'90.3633244','23.7600225','2017-02-27 14:51:17',NULL),(492,5,'90.3633244','23.7600225','2017-02-27 14:51:47',NULL),(493,5,'90.3633244','23.7600225','2017-02-27 14:52:17',NULL),(494,5,'90.3633244','23.7600225','2017-02-27 14:52:47',NULL),(495,5,'90.3633244','23.7600225','2017-02-27 14:53:17',NULL),(496,5,'90.3633244','23.7600225','2017-02-27 14:53:47',NULL),(497,5,'90.3633244','23.7600225','2017-02-27 14:54:17',NULL),(498,5,'90.3633244','23.7600225','2017-02-27 14:54:47',NULL),(499,5,'90.3633244','23.7600225','2017-02-27 14:55:17',NULL),(500,5,'90.3633244','23.7600225','2017-02-27 14:55:47',NULL),(501,5,'90.3633244','23.7600225','2017-02-27 15:51:10',NULL),(502,5,'90.3633244','23.7600225','2017-02-27 15:51:40',NULL),(503,5,'90.3633244','23.7600225','2017-02-27 15:53:11',NULL),(504,9,'91.95343119426461','24.91271785877895','2017-02-27 21:19:21',NULL),(505,9,'91.95343119426461','24.91271785877895','2017-02-27 21:19:25',NULL),(506,9,'91.95343119426461','24.91271785877895','2017-02-27 21:19:30',NULL),(507,9,'91.95343119426461','24.91271785877895','2017-02-27 21:19:35',NULL),(508,9,'91.95343119426461','24.91271785877895','2017-02-27 21:19:40',NULL),(509,9,'91.95343119426461','24.91271785877895','2017-02-27 21:28:25',NULL),(510,9,'91.95343119426461','24.91271785877895','2017-02-27 21:28:29',NULL),(511,9,'91.95343119426461','24.91271785877895','2017-02-27 21:28:34',NULL),(512,9,'91.95403988300521','24.91310583005181','2017-02-27 21:28:39',NULL),(513,9,'91.95375252838659','24.912788917120906','2017-02-27 21:28:44',NULL),(514,9,'91.9536051880712','24.912897906090993','2017-02-27 21:28:50',NULL),(515,9,'91.95369136786573','24.912998595650784','2017-02-27 21:28:54',NULL),(516,9,'91.95372447369145','24.913012047378444','2017-02-27 21:28:59',NULL),(517,9,'91.9537322620178','24.912998423022877','2017-02-27 21:29:04',NULL),(518,9,'91.95368818336424','24.91291181977411','2017-02-27 21:29:09',NULL),(519,9,'91.95364222560617','24.912823863335966','2017-02-27 21:29:14',NULL),(520,9,'91.95364222560617','24.912823863335966','2017-02-27 21:29:19',NULL),(521,9,'91.95364222560617','24.912823863335966','2017-02-27 21:29:25',NULL),(522,9,'91.95364222560617','24.912823863335966','2017-02-27 21:29:29',NULL),(523,9,'91.95364222560617','24.912823863335966','2017-02-27 21:29:34',NULL),(524,9,'91.95364222560617','24.912823863335966','2017-02-27 21:29:39',NULL),(525,9,'91.95364222560617','24.912823863335966','2017-02-27 21:30:49',NULL),(526,9,'91.95364222560617','24.912823863335966','2017-02-27 21:30:59',NULL),(527,9,'91.9531895421491','24.912687636240996','2017-02-27 21:30:59',NULL),(528,9,'91.95342920212727','24.912652847010257','2017-02-27 21:31:05',NULL),(529,9,'91.95338054748272','24.912677158381683','2017-02-27 21:31:09',NULL),(530,9,'91.95338367111233','24.912673080325337','2017-02-27 21:31:15',NULL),(531,9,'91.95340279440939','24.91267973332863','2017-02-27 21:31:18',NULL),(532,9,'91.83440681578945','24.911800626928216','2017-02-27 21:35:56',NULL),(533,9,'91.83440681578945','24.911800626928216','2017-02-27 21:36:01',NULL),(534,9,'91.83440681578945','24.911800626928216','2017-02-27 21:36:07',NULL),(535,9,'91.95316098258024','24.91226611367026','2017-02-27 21:36:11',NULL),(536,9,'91.95316098258024','24.91226611367026','2017-02-27 21:36:17',NULL),(537,9,'91.95321547215455','24.912385485276335','2017-02-27 21:36:21',NULL),(538,9,'91.95321547215455','24.912385485276335','2017-02-27 21:36:26',NULL),(539,9,'91.95332448650161','24.912505311790607','2017-02-27 21:36:31',NULL),(540,9,'91.95332448650161','24.912505311790607','2017-02-27 21:36:36',NULL),(541,9,'91.9534115239114','24.912601286725042','2017-02-27 21:36:42',NULL),(542,9,'91.95350816971364','24.912688487366054','2017-02-27 21:36:46',NULL),(543,9,'91.95350816971364','24.912688487366054','2017-02-27 21:36:52',NULL),(544,9,'91.95350816971364','24.912688487366054','2017-02-27 21:36:56',NULL),(545,9,'91.95358671484023','24.912771812501358','2017-02-27 21:37:01',NULL),(546,9,'91.95358671484023','24.912771812501358','2017-02-27 21:37:06',NULL),(547,9,'91.95358671484023','24.912771812501358','2017-02-27 21:37:13',NULL),(548,9,'91.95358671484023','24.912771812501358','2017-02-27 21:37:17',NULL),(549,9,'91.95358671484023','24.912771812501358','2017-02-27 21:37:23',NULL),(550,9,'91.95358671484023','24.912771812501358','2017-02-27 21:37:27',NULL),(551,9,'91.95358671484023','24.912771812501358','2017-02-27 21:37:32',NULL),(552,9,'91.95358671484023','24.912771812501358','2017-02-27 21:37:37',NULL),(553,9,'91.95358671484023','24.912771812501358','2017-02-27 21:37:42',NULL),(554,9,'91.95358671484023','24.912771812501358','2017-02-27 21:37:47',NULL),(555,9,'91.95358671484023','24.912771812501358','2017-02-27 21:37:52',NULL),(556,9,'91.95358671484023','24.912771812501358','2017-02-27 21:37:57',NULL),(557,9,'91.95358671484023','24.912771812501358','2017-02-27 21:38:02',NULL),(558,9,'91.95358671484023','24.912771812501358','2017-02-27 21:38:07',NULL),(559,9,'91.95358671484023','24.912771812501358','2017-02-27 21:38:12',NULL),(560,9,'91.95358671484023','24.912771812501358','2017-02-27 21:38:17',NULL),(561,9,'91.95358671484023','24.912771812501358','2017-02-27 21:38:23',NULL),(562,9,'91.95358671484023','24.912771812501358','2017-02-27 21:38:27',NULL),(563,9,'91.95358671484023','24.912771812501358','2017-02-27 21:38:32',NULL),(564,9,'91.95358671484023','24.912771812501358','2017-02-27 21:38:38',NULL),(565,9,'91.95358671484023','24.912771812501358','2017-02-27 21:38:42',NULL),(566,9,'91.95358671484023','24.912771812501358','2017-02-27 21:38:47',NULL),(567,9,'91.95358671484023','24.912771812501358','2017-02-27 21:38:52',NULL),(568,9,'91.95358671484023','24.912771812501358','2017-02-27 21:38:59',NULL),(569,9,'91.95358671484023','24.912771812501358','2017-02-27 21:39:02',NULL),(570,9,'91.95358671484023','24.912771812501358','2017-02-27 21:39:07',NULL),(571,9,'91.95358671484023','24.912771812501358','2017-02-27 21:39:12',NULL),(572,9,'91.95358671484023','24.912771812501358','2017-02-27 21:39:17',NULL),(573,9,'91.95358671484023','24.912771812501358','2017-02-27 21:39:23',NULL),(574,9,'91.95358671484023','24.912771812501358','2017-02-27 21:39:27',NULL),(575,9,'91.95358671484023','24.912771812501358','2017-02-27 21:39:32',NULL),(576,9,'91.95358671484023','24.912771812501358','2017-02-27 21:39:37',NULL),(577,9,'91.95358671484023','24.912771812501358','2017-02-27 21:39:42',NULL),(578,9,'91.95359620983778','24.912762066666478','2017-02-27 21:39:47',NULL),(579,9,'91.95358403172973','24.912749904746278','2017-02-27 21:39:52',NULL),(580,9,'91.95357451151608','24.912738480609335','2017-02-27 21:39:57',NULL),(581,9,'91.9535663222757','24.912726493243074','2017-02-27 21:40:02',NULL),(582,9,'91.95355347555864','24.912706458026737','2017-02-27 21:40:07',NULL),(583,9,'91.95354988199601','24.912698935318858','2017-02-27 21:40:13',NULL),(584,9,'91.95354829598081','24.91269763903371','2017-02-27 21:40:17',NULL),(585,9,'91.95354829598081','24.91269763903375','2017-02-27 21:40:22',NULL),(586,9,'91.95354829598081','24.91269763903375','2017-02-27 21:40:28',NULL),(587,9,'91.95354829598081','24.91269763903375','2017-02-27 21:40:32',NULL),(588,9,'91.95354829598081','24.91269763903375','2017-02-27 21:40:38',NULL),(589,9,'91.95354829598081','24.91269763903375','2017-02-27 21:40:42',NULL),(590,9,'91.95358026869245','24.912793733598832','2017-02-27 21:40:47',NULL),(591,9,'91.95359952398546','24.912813889481683','2017-02-27 21:40:54',NULL),(592,9,'91.95361248528354','24.912811011432456','2017-02-27 21:40:57',NULL),(593,9,'91.9536318599863','24.912811832502268','2017-02-27 21:41:03',NULL),(594,9,'91.95365275975075','24.912817969276738','2017-02-27 21:41:07',NULL),(595,9,'91.95365275975075','24.91281796927675','2017-02-27 21:41:12',NULL),(596,9,'91.95365275975075','24.91281796927675','2017-02-27 21:41:18',NULL),(597,9,'91.95364514424783','24.912824391607494','2017-02-27 21:41:22',NULL),(598,9,'91.95362432070999','24.912818839583863','2017-02-27 21:41:27',NULL),(599,9,'91.95362479243121','24.91281885108094','2017-02-27 21:41:32',NULL),(600,9,'91.95363646281126','24.912824380628198','2017-02-27 21:41:37',NULL),(601,9,'91.95364360757642','24.912822685159945','2017-02-27 21:41:42',NULL),(602,9,'91.95364933650579','24.912805318791566','2017-02-27 21:41:48',NULL),(603,9,'91.95364230545526','24.912806557886242','2017-02-27 21:41:55',NULL),(604,9,'91.95363175032371','24.912803541799722','2017-02-27 21:41:57',NULL),(605,9,'91.95361558804636','24.91279588326098','2017-02-27 21:42:02',NULL),(606,9,'91.95358362502579','24.912786513979164','2017-02-27 21:42:07',NULL),(607,9,'91.95358092894658','24.91278726317273','2017-02-27 21:44:15',NULL),(608,9,'91.95358092894658','24.91278726317273','2017-02-27 21:44:19',NULL),(609,9,'91.95387772219789','24.913406197419132','2017-02-27 21:44:24',NULL),(610,9,'91.95354003766374','24.912880413174253','2017-02-27 21:44:29',NULL),(611,9,'91.95344375678427','24.912718348801363','2017-02-27 21:44:34',NULL),(612,9,'91.95344375678427','24.912718348801363','2017-02-27 21:44:51',NULL),(613,9,'91.95344375678427','24.912718348801363','2017-02-27 21:44:57',NULL),(614,9,'91.95344375678427','24.912718348801363','2017-02-27 21:44:57',NULL),(615,9,'91.95344375678427','24.912718348801363','2017-02-27 21:44:57',NULL),(616,9,'91.95344375678427','24.912718348801363','2017-02-27 21:45:00',NULL),(617,9,'91.95357330836056','24.912761026112722','2017-02-27 21:45:04',NULL),(618,9,'91.95357330836056','24.912761026112722','2017-02-27 21:45:09',NULL),(619,9,'91.95357330836056','24.912761026112722','2017-02-27 21:45:14',NULL),(620,9,'91.95357330836056','24.912761026112722','2017-02-27 21:45:19',NULL),(621,9,'91.95357330836056','24.912761026112722','2017-02-27 21:45:24',NULL),(622,9,'91.95357330836056','24.912761026112722','2017-02-27 21:45:29',NULL),(623,9,'91.95357330836056','24.912761026112722','2017-02-27 21:45:34',NULL),(624,9,'91.95357330836056','24.912761026112722','2017-02-27 21:45:39',NULL),(625,9,'91.95360777434405','24.91286639625057','2017-02-27 21:45:44',NULL),(626,9,'91.95360777434405','24.91286639625057','2017-02-27 21:45:49',NULL),(627,9,'91.95360777434405','24.91286639625057','2017-02-27 21:45:54',NULL),(628,9,'91.95360777434405','24.91286639625057','2017-02-27 21:46:20',NULL),(629,9,'91.95340422408795','24.912866036588415','2017-02-27 21:46:44',NULL),(630,9,'91.95340422408795','24.912866036588415','2017-02-27 21:47:00',NULL),(631,9,'91.95356878465','24.912811955902477','2017-02-27 21:47:23',NULL),(632,9,'91.95356878465','24.912811955902477','2017-02-27 21:47:40',NULL),(633,9,'91.95356878465','24.912811955902477','2017-02-27 21:48:00',NULL),(634,9,'91.95356878465','24.912811955902477','2017-02-27 21:48:20',NULL),(635,9,'91.95356878465','24.912811955902477','2017-02-27 21:48:40',NULL),(636,9,'91.95356878465','24.912811955902477','2017-02-27 21:49:03',NULL),(637,9,'91.95356878465','24.912811955902477','2017-02-27 21:49:20',NULL),(638,9,'91.95356878465','24.912811955902477','2017-02-27 21:49:40',NULL),(639,9,'91.95356878465','24.912811955902477','2017-02-27 21:50:02',NULL),(640,9,'91.95370606643209','24.91278454945372','2017-02-27 21:50:20',NULL),(641,9,'91.95370606643209','24.91278454945372','2017-02-27 21:50:40',NULL),(642,9,'91.95370606643209','24.91278454945372','2017-02-27 21:51:00',NULL),(643,9,'91.95370606643209','24.91278454945372','2017-02-27 21:51:20',NULL),(644,9,'91.95365827277885','24.912846932859544','2017-02-27 21:51:44',NULL),(645,9,'91.953614562557','24.912848016502252','2017-02-27 21:52:01',NULL),(646,9,'91.95360261372272','24.9127510812963','2017-02-27 21:52:20',NULL),(647,9,'91.9535710125929','24.912740517481247','2017-02-27 21:52:40',NULL),(648,9,'91.95354471749474','24.91272516056848','2017-02-27 21:53:00',NULL),(649,9,'91.9535617628383','24.912741556189165','2017-02-27 21:53:22',NULL),(650,9,'91.95358534469543','24.91275772000676','2017-02-27 21:53:41',NULL),(651,9,'91.95355450974048','24.91272957409646','2017-02-27 21:54:01',NULL),(652,9,'91.95353931299624','24.912731136219705','2017-02-27 21:54:23',NULL),(653,9,'91.95353940124306','24.91273916085973','2017-02-27 21:54:41',NULL),(654,9,'91.95356137495168','24.912754379903152','2017-02-27 21:55:01',NULL),(655,9,'91.95364411326037','24.9128019302309','2017-02-27 21:55:21',NULL),(656,9,'91.95366753009117','24.912796319018643','2017-02-27 21:55:43',NULL),(657,9,'91.95366431927478','24.912777015774417','2017-02-27 21:56:03',NULL),(658,9,'91.95367212994024','24.912765483881444','2017-02-27 21:56:21',NULL),(659,9,'91.95360971879855','24.912718298589528','2017-02-27 21:56:41',NULL),(660,9,'91.9535112158241','24.912658372819294','2017-02-27 21:57:01',NULL),(661,9,'91.95350809429112','24.912648387818283','2017-02-27 21:57:23',NULL),(662,9,'91.95353781615715','24.912697154802366','2017-02-27 21:57:42',NULL),(663,9,'91.95352576552415','24.91273428825166','2017-02-27 21:58:01',NULL),(664,9,'91.9535827304231','24.912761826834384','2017-02-27 21:58:21',NULL),(665,9,'91.95361672578427','24.912728722121354','2017-02-27 21:58:41',NULL),(666,9,'91.9536018488701','24.912732037263375','2017-02-27 21:59:03',NULL),(667,9,'91.95357043535464','24.912767587863097','2017-02-27 21:59:21',NULL),(668,9,'91.95342344129861','24.91269871745749','2017-02-27 22:01:33',NULL),(669,9,'91.95352488063425','24.912760599154915','2017-02-27 22:01:54',NULL),(670,9,'91.95359691780057','24.91280284673548','2017-02-27 23:03:09',NULL),(671,9,'91.95371107938949','24.91267279190421','2017-02-27 23:03:29',NULL),(672,9,'91.95370840296182','24.912762374039044','2017-02-27 23:03:49',NULL),(673,9,'91.95370840296182','24.912762374039044','2017-02-27 23:04:09',NULL),(674,9,'91.95370840296182','24.912762374039044','2017-02-27 23:04:29',NULL),(675,9,'91.95362782539536','24.912821692621034','2017-02-27 23:04:49',NULL),(676,9,'91.95362782539536','24.912821692621034','2017-02-27 23:05:11',NULL),(677,9,'91.9536160338983','24.9128705844819','2017-02-27 23:05:29',NULL),(678,9,'91.9536160338983','24.9128705844819','2017-02-27 23:05:51',NULL),(679,9,'91.9536160338983','24.9128705844819','2017-02-27 23:06:09',NULL),(680,9,'91.9536160338983','24.9128705844819','2017-02-27 23:06:29',NULL),(681,9,'91.9536160338983','24.9128705844819','2017-02-27 23:06:51',NULL),(682,9,'91.9536160338983','24.9128705844819','2017-02-27 23:07:09',NULL),(683,9,'91.9536160338983','24.9128705844819','2017-02-27 23:07:31',NULL),(684,9,'91.9536160338983','24.9128705844819','2017-02-27 23:07:49',NULL),(685,9,'91.95355136700432','24.91278177572427','2017-02-27 23:08:09',NULL),(686,9,'91.95355136700432','24.91278177572427','2017-02-27 23:08:29',NULL),(687,9,'91.95355136700432','24.91278177572427','2017-02-27 23:08:49',NULL),(688,9,'91.95355136700432','24.91278177572427','2017-02-27 23:09:10',NULL),(689,9,'91.95355136700432','24.91278177572427','2017-02-27 23:09:33',NULL),(690,9,'91.95355136700432','24.91278177572427','2017-02-27 23:09:49',NULL),(691,9,'91.95355136700432','24.91278177572427','2017-02-27 23:10:10',NULL),(692,9,'91.95355136700432','24.91278177572427','2017-02-27 23:10:30',NULL),(693,9,'91.95355136700432','24.91278177572427','2017-02-27 23:10:49',NULL),(694,9,'91.95355136700432','24.91278177572427','2017-02-27 23:11:09',NULL),(695,9,'91.95355136700432','24.91278177572427','2017-02-27 23:11:29',NULL),(696,9,'91.95355136700432','24.91278177572427','2017-02-27 23:11:50',NULL),(697,9,'91.95355136700432','24.91278177572427','2017-02-27 23:12:09',NULL),(698,9,'91.95355136700432','24.91278177572427','2017-02-27 23:12:31',NULL),(699,9,'91.95355136700432','24.91278177572427','2017-02-27 23:12:50',NULL),(700,9,'91.95348383441785','24.912981956819824','2017-02-27 23:13:10',NULL),(701,9,'91.95348383441785','24.912981956819824','2017-02-27 23:13:31',NULL),(702,9,'91.95348383441785','24.912981956819824','2017-02-27 23:13:51',NULL),(703,9,'91.95348383441785','24.912981956819824','2017-02-27 23:14:10',NULL),(704,9,'91.95348383441785','24.912981956819824','2017-02-27 23:14:30',NULL),(705,9,'91.95351013989472','24.91283954179684','2017-02-27 23:14:54',NULL),(706,9,'91.95351013989472','24.91283954179684','2017-02-27 23:15:10',NULL),(707,9,'91.95358607292083','24.912803158640205','2017-02-27 23:15:30',NULL),(708,9,'91.95358607292083','24.912803158640205','2017-02-27 23:15:50',NULL),(709,9,'91.95358607292083','24.912803158640205','2017-02-27 23:16:11',NULL),(710,9,'91.95358607292083','24.912803158640205','2017-02-27 23:16:31',NULL),(711,9,'91.95358607292083','24.912803158640205','2017-02-27 23:16:51',NULL),(712,9,'91.95358607292083','24.912803158640205','2017-02-27 23:17:10',NULL),(713,9,'91.95358607292083','24.912803158640205','2017-02-27 23:17:35',NULL),(714,9,'91.95358607292083','24.912803158640205','2017-02-27 23:17:52',NULL),(715,9,'91.95366681596778','24.91287642974377','2017-02-27 23:18:11',NULL),(716,9,'91.95366681596778','24.91287642974377','2017-02-27 23:18:33',NULL),(717,9,'91.95366681596778','24.91287642974377','2017-02-27 23:18:51',NULL),(718,9,'91.95366681596778','24.91287642974377','2017-02-27 23:19:11',NULL),(719,9,'91.95332446113098','24.912637066818498','2017-02-27 23:19:31',NULL),(720,9,'91.95332446113098','24.912637066818498','2017-02-27 23:19:53',NULL),(721,9,'91.95332446113098','24.912637066818498','2017-02-27 23:20:12',NULL),(722,9,'91.95332446113098','24.912637066818498','2017-02-27 23:20:31',NULL),(723,9,'91.95372704480324','24.912766006108185','2017-02-27 23:23:53',NULL),(724,9,'91.95372704480324','24.912766006108185','2017-02-27 23:23:53',NULL),(725,9,'91.95372704480324','24.912766006108185','2017-02-27 23:23:53',NULL),(726,9,'91.95372704480324','24.912766006108185','2017-02-27 23:23:53',NULL),(727,9,'91.95372704480324','24.912766006108185','2017-02-27 23:23:54',NULL),(728,9,'91.95372704480324','24.912766006108185','2017-02-27 23:24:11',NULL),(729,9,'91.95372704480324','24.912766006108185','2017-02-27 23:24:32',NULL),(730,9,'91.95372704480324','24.912766006108185','2017-02-27 23:24:51',NULL),(731,9,'91.95372704480324','24.912766006108185','2017-02-27 23:25:00',NULL),(732,9,'91.95372704480324','24.912766006108185','2017-02-27 23:25:19',NULL),(733,9,'91.95372704480324','24.912766006108185','2017-02-27 23:25:39',NULL),(734,9,'91.95372704480324','24.912766006108185','2017-02-27 23:26:01',NULL),(735,9,'91.95356916897715','24.912768778421245','2017-02-27 23:26:20',NULL),(736,9,'91.95356916897715','24.912768778421245','2017-02-27 23:26:40',NULL),(737,9,'91.95356916897715','24.912768778421245','2017-02-27 23:27:00',NULL),(738,9,'91.95359127357564','24.912647702804534','2017-02-27 23:27:20',NULL),(739,9,'91.95359127357564','24.912647702804534','2017-02-27 23:27:42',NULL),(740,9,'91.95359127357564','24.912647702804534','2017-02-27 23:28:00',NULL),(741,9,'91.95359127357564','24.912647702804534','2017-02-27 23:28:22',NULL),(742,9,'91.95359127357564','24.912647702804534','2017-02-27 23:28:40',NULL),(743,9,'91.95359127357564','24.912647702804534','2017-02-27 23:29:03',NULL),(744,9,'91.95359127357564','24.912647702804534','2017-02-27 23:29:20',NULL),(745,9,'91.95359127357564','24.912647702804534','2017-02-27 23:29:42',NULL),(746,9,'91.95359127357564','24.912647702804534','2017-02-27 23:30:00',NULL),(747,9,'91.95359127357564','24.912647702804534','2017-02-27 23:30:20',NULL),(748,9,'91.95359127357564','24.912647702804534','2017-02-27 23:30:40',NULL),(749,9,'91.95359127357564','24.912647702804534','2017-02-27 23:31:03',NULL),(750,9,'91.95359127357564','24.912647702804534','2017-02-27 23:31:22',NULL),(751,9,'91.95359127357564','24.912647702804534','2017-02-27 23:31:41',NULL),(752,9,'91.95359127357564','24.912647702804534','2017-02-27 23:32:01',NULL),(753,9,'91.95359127357564','24.912647702804534','2017-02-27 23:32:21',NULL),(754,9,'91.95359127357564','24.912647702804534','2017-02-27 23:32:41',NULL),(755,9,'91.95359127357564','24.912647702804534','2017-02-27 23:33:01',NULL),(756,9,'91.95359127357564','24.912647702804534','2017-02-27 23:33:22',NULL),(757,9,'91.95359127357564','24.912647702804534','2017-02-27 23:33:41',NULL),(758,9,'91.95359127357564','24.912647702804534','2017-02-27 23:34:04',NULL),(759,9,'91.95359127357564','24.912647702804534','2017-02-27 23:34:22',NULL),(760,9,'91.95359127357564','24.912647702804534','2017-02-27 23:34:42',NULL),(761,9,'91.9534869619772','24.912845646849878','2017-02-27 23:35:01',NULL),(762,9,'91.9534869619772','24.912845646849878','2017-02-27 23:35:21',NULL),(763,9,'91.9534869619772','24.912845646849878','2017-02-27 23:35:42',NULL),(764,9,'91.9534869619772','24.912845646849878','2017-02-27 23:36:02',NULL),(765,9,'91.9534869619772','24.912845646849878','2017-02-27 23:36:22',NULL),(766,9,'91.9534869619772','24.912845646849878','2017-02-27 23:36:42',NULL),(767,9,'91.9534869619772','24.912845646849878','2017-02-27 23:37:04',NULL),(768,9,'91.9534869619772','24.912845646849878','2017-02-27 23:37:22',NULL),(769,9,'91.9534869619772','24.912845646849878','2017-02-27 23:37:42',NULL),(770,9,'91.9534869619772','24.912845646849878','2017-02-27 23:38:04',NULL),(771,9,'91.9534869619772','24.912845646849878','2017-02-27 23:38:22',NULL),(772,9,'91.9534869619772','24.912845646849878','2017-02-27 23:38:42',NULL),(773,9,'91.9534869619772','24.912845646849878','2017-02-27 23:39:02',NULL),(774,9,'91.9534869619772','24.912845646849878','2017-02-27 23:39:22',NULL),(775,9,'91.9534869619772','24.912845646849878','2017-02-27 23:39:45',NULL),(776,9,'91.9534869619772','24.912845646849878','2017-02-27 23:40:03',NULL),(777,9,'91.9534869619772','24.912845646849878','2017-02-27 23:40:26',NULL),(778,9,'91.9534869619772','24.912845646849878','2017-02-27 23:40:43',NULL),(779,9,'91.9534869619772','24.912845646849878','2017-02-27 23:41:05',NULL),(780,9,'91.9534869619772','24.912845646849878','2017-02-27 23:41:23',NULL),(781,9,'91.9534869619772','24.912845646849878','2017-02-27 23:41:43',NULL),(782,9,'91.9534869619772','24.912845646849878','2017-02-27 23:42:03',NULL),(783,9,'91.9534869619772','24.912845646849878','2017-02-27 23:42:25',NULL),(784,9,'91.9534869619772','24.912845646849878','2017-02-27 23:42:43',NULL),(785,9,'91.9534869619772','24.912845646849878','2017-02-27 23:48:45',NULL),(786,20,'91.8395116','24.9098405','2017-02-28 00:32:09',NULL),(787,20,'91.8395271191711','24.90969353892147','2017-02-28 00:32:29',NULL),(788,20,'91.839462349179','24.909743102286008','2017-02-28 00:32:49',NULL),(789,20,'91.83945949189116','24.90983023789697','2017-02-28 00:33:08',NULL),(790,20,'91.83945949189116','24.90983023789697','2017-02-28 00:33:29',NULL),(791,20,'91.83945949189116','24.90983023789697','2017-02-28 00:33:49',NULL),(792,20,'91.83945949189116','24.90983023789697','2017-02-28 00:34:09',NULL),(793,20,'91.83945949189116','24.90983023789697','2017-02-28 00:34:29',NULL),(794,20,'91.83945949189116','24.90983023789697','2017-02-28 00:34:49',NULL),(795,20,'91.83945949189116','24.90983023789697','2017-02-28 00:35:09',NULL),(796,20,'91.83945949189116','24.90983023789697','2017-02-28 00:35:29',NULL),(797,20,'91.83945949189116','24.90983023789697','2017-02-28 00:35:49',NULL),(798,20,'91.83945949189116','24.90983023789697','2017-02-28 00:36:09',NULL),(799,20,'91.83945949189116','24.90983023789697','2017-02-28 00:36:29',NULL),(800,20,'91.83945949189116','24.90983023789697','2017-02-28 00:36:49',NULL),(801,20,'91.83945949189116','24.90983023789697','2017-02-28 00:37:09',NULL),(802,20,'91.83945949189116','24.90983023789697','2017-02-28 00:37:29',NULL),(803,20,'91.83945949189116','24.90983023789697','2017-02-28 00:37:49',NULL),(804,20,'91.83945949189116','24.90983023789697','2017-02-28 00:38:09',NULL),(805,20,'91.83945949189116','24.90983023789697','2017-02-28 00:38:29',NULL),(806,20,'91.83945949189116','24.90983023789697','2017-02-28 00:38:49',NULL),(807,20,'91.83945949189116','24.90983023789697','2017-02-28 00:39:09',NULL),(808,20,'91.83945949189116','24.90983023789697','2017-02-28 00:39:29',NULL),(809,20,'91.83945949189116','24.90983023789697','2017-02-28 00:39:49',NULL),(810,20,'91.83945949189116','24.90983023789697','2017-02-28 00:40:09',NULL),(811,20,'91.83945949189116','24.90983023789697','2017-02-28 00:40:29',NULL),(812,20,'91.83945949189116','24.90983023789697','2017-02-28 00:40:49',NULL),(813,20,'91.83945949189116','24.90983023789697','2017-02-28 00:41:09',NULL),(814,20,'91.83945949189116','24.90983023789697','2017-02-28 00:41:29',NULL),(815,20,'91.83945949189116','24.90983023789697','2017-02-28 00:41:49',NULL),(816,20,'91.83945949189116','24.90983023789697','2017-02-28 00:42:09',NULL),(817,20,'91.83945949189116','24.90983023789697','2017-02-28 00:42:29',NULL),(818,20,'91.83945949189116','24.90983023789697','2017-02-28 00:42:49',NULL),(819,20,'91.83945949189116','24.90983023789697','2017-02-28 00:43:09',NULL),(820,20,'91.83945949189116','24.90983023789697','2017-02-28 00:43:29',NULL),(821,20,'91.83945949189116','24.90983023789697','2017-02-28 00:43:49',NULL),(822,20,'91.83945949189116','24.90983023789697','2017-02-28 00:44:09',NULL),(823,20,'91.83945949189116','24.90983023789697','2017-02-28 00:44:29',NULL),(824,20,'91.83945949189116','24.90983023789697','2017-02-28 00:44:49',NULL),(825,20,'91.83945949189116','24.90983023789697','2017-02-28 00:45:09',NULL),(826,20,'91.83945949189116','24.90983023789697','2017-02-28 00:45:29',NULL),(827,20,'91.83945949189116','24.90983023789697','2017-02-28 00:45:49',NULL),(828,20,'91.83945949189116','24.90983023789697','2017-02-28 00:46:09',NULL),(829,20,'91.83945949189116','24.90983023789697','2017-02-28 00:46:29',NULL),(830,20,'91.83945949189116','24.90983023789697','2017-02-28 00:46:49',NULL),(831,20,'91.83945949189116','24.90983023789697','2017-02-28 00:47:09',NULL),(832,20,'91.83945949189116','24.90983023789697','2017-02-28 00:47:29',NULL),(833,20,'91.83945949189116','24.90983023789697','2017-02-28 00:47:49',NULL),(834,20,'91.83945949189116','24.90983023789697','2017-02-28 00:48:09',NULL),(835,20,'91.83945949189116','24.90983023789697','2017-02-28 00:48:29',NULL),(836,20,'91.83945949189116','24.90983023789697','2017-02-28 00:48:49',NULL),(837,20,'91.83945949189116','24.90983023789697','2017-02-28 00:49:09',NULL),(838,20,'91.83945949189116','24.90983023789697','2017-02-28 00:49:29',NULL),(839,20,'91.83945949189116','24.90983023789697','2017-02-28 00:49:49',NULL),(840,20,'91.83945949189116','24.90983023789697','2017-02-28 00:50:09',NULL),(841,20,'91.83945949189116','24.90983023789697','2017-02-28 00:50:29',NULL),(842,20,'91.83945949189116','24.90983023789697','2017-02-28 00:50:49',NULL),(843,20,'91.83945949189116','24.90983023789697','2017-02-28 00:51:09',NULL),(844,20,'91.83945949189116','24.90983023789697','2017-02-28 00:51:29',NULL),(845,20,'91.83945949189116','24.90983023789697','2017-02-28 00:51:49',NULL),(846,20,'91.83945949189116','24.90983023789697','2017-02-28 00:52:09',NULL),(847,20,'91.83945949189116','24.90983023789697','2017-02-28 00:52:29',NULL),(848,20,'91.83945949189116','24.90983023789697','2017-02-28 00:52:49',NULL),(849,20,'91.83945949189116','24.90983023789697','2017-02-28 00:53:09',NULL),(850,20,'91.83945949189116','24.90983023789697','2017-02-28 00:53:29',NULL),(851,20,'91.83945949189116','24.90983023789697','2017-02-28 00:53:49',NULL),(852,20,'91.83945949189116','24.90983023789697','2017-02-28 00:54:09',NULL),(853,20,'91.83945949189116','24.90983023789697','2017-02-28 00:54:29',NULL),(854,20,'91.83945949189116','24.90983023789697','2017-02-28 00:54:49',NULL),(855,20,'91.83945949189116','24.90983023789697','2017-02-28 00:55:09',NULL),(856,20,'91.83945949189116','24.90983023789697','2017-02-28 00:55:29',NULL),(857,20,'91.83945949189116','24.90983023789697','2017-02-28 00:55:49',NULL),(858,20,'91.83945949189116','24.90983023789697','2017-02-28 00:56:09',NULL),(859,20,'91.83945949189116','24.90983023789697','2017-02-28 00:56:29',NULL),(860,20,'91.83945949189116','24.90983023789697','2017-02-28 00:56:49',NULL),(861,20,'91.83945949189116','24.90983023789697','2017-02-28 00:57:09',NULL),(862,20,'91.83945949189116','24.90983023789697','2017-02-28 00:57:29',NULL),(863,20,'91.83945949189116','24.90983023789697','2017-02-28 00:57:49',NULL),(864,20,'91.83945949189116','24.90983023789697','2017-02-28 00:58:09',NULL),(865,20,'91.83945949189116','24.90983023789697','2017-02-28 00:58:29',NULL),(866,20,'91.83945949189116','24.90983023789697','2017-02-28 00:58:49',NULL),(867,20,'91.83945949189116','24.90983023789697','2017-02-28 00:59:09',NULL),(868,20,'91.83945949189116','24.90983023789697','2017-02-28 00:59:29',NULL),(869,20,'91.83945949189116','24.90983023789697','2017-02-28 00:59:49',NULL),(870,20,'91.83945949189116','24.90983023789697','2017-02-28 01:00:09',NULL),(871,20,'91.83945949189116','24.90983023789697','2017-02-28 01:00:29',NULL),(872,20,'91.83945949189116','24.90983023789697','2017-02-28 01:00:49',NULL),(873,20,'91.83945949189116','24.90983023789697','2017-02-28 01:01:09',NULL),(874,20,'91.83945949189116','24.90983023789697','2017-02-28 01:01:29',NULL),(875,20,'91.83945949189116','24.90983023789697','2017-02-28 01:01:49',NULL),(876,20,'91.83945949189116','24.90983023789697','2017-02-28 01:02:09',NULL),(877,20,'91.83945949189116','24.90983023789697','2017-02-28 01:02:29',NULL),(878,20,'91.83945949189116','24.90983023789697','2017-02-28 01:02:49',NULL),(879,20,'91.83945949189116','24.90983023789697','2017-02-28 01:03:09',NULL),(880,20,'91.83945949189116','24.90983023789697','2017-02-28 01:03:29',NULL),(881,20,'91.83945949189116','24.90983023789697','2017-02-28 01:03:49',NULL),(882,20,'91.83945949189116','24.90983023789697','2017-02-28 01:04:09',NULL),(883,20,'91.83945949189116','24.90983023789697','2017-02-28 01:04:29',NULL),(884,20,'91.83945949189116','24.90983023789697','2017-02-28 01:04:49',NULL),(885,20,'91.83945949189116','24.90983023789697','2017-02-28 01:05:09',NULL),(886,20,'91.83945949189116','24.90983023789697','2017-02-28 01:05:29',NULL),(887,20,'91.83945949189116','24.90983023789697','2017-02-28 01:05:50',NULL),(888,20,'91.83945949189116','24.90983023789697','2017-02-28 01:06:10',NULL),(889,20,'91.83945949189116','24.90983023789697','2017-02-28 01:06:30',NULL),(890,20,'91.83945949189116','24.90983023789697','2017-02-28 01:06:50',NULL),(891,20,'91.83945949189116','24.90983023789697','2017-02-28 01:07:10',NULL),(892,20,'91.83945949189116','24.90983023789697','2017-02-28 01:07:30',NULL),(893,20,'91.83945949189116','24.90983023789697','2017-02-28 01:07:50',NULL),(894,20,'91.83945949189116','24.90983023789697','2017-02-28 01:08:10',NULL),(895,20,'91.83945949189116','24.90983023789697','2017-02-28 01:08:30',NULL),(896,20,'91.83945949189116','24.90983023789697','2017-02-28 01:08:50',NULL),(897,20,'91.83945949189116','24.90983023789697','2017-02-28 01:09:15',NULL),(898,20,'91.83945949189116','24.90983023789697','2017-02-28 01:09:35',NULL),(899,20,'91.83945949189116','24.90983023789697','2017-02-28 01:10:00',NULL),(900,20,'91.83945949189116','24.90983023789697','2017-02-28 01:10:20',NULL),(901,20,'91.83945949189116','24.90983023789697','2017-02-28 01:10:40',NULL),(902,20,'91.83945949189116','24.90983023789697','2017-02-28 01:11:00',NULL),(903,20,'91.83945949189116','24.90983023789697','2017-02-28 01:11:20',NULL),(904,20,'91.83945949189116','24.90983023789697','2017-02-28 01:11:40',NULL),(905,20,'91.83945949189116','24.90983023789697','2017-02-28 01:12:00',NULL),(906,20,'91.83945949189116','24.90983023789697','2017-02-28 01:12:20',NULL),(907,20,'91.83945949189116','24.90983023789697','2017-02-28 01:12:40',NULL),(908,20,'91.83945949189116','24.90983023789697','2017-02-28 01:13:00',NULL),(909,20,'91.83945949189116','24.90983023789697','2017-02-28 01:13:20',NULL),(910,20,'91.83945949189116','24.90983023789697','2017-02-28 01:13:40',NULL),(911,20,'91.83945949189116','24.90983023789697','2017-02-28 01:14:00',NULL),(912,20,'91.83945949189116','24.90983023789697','2017-02-28 01:14:20',NULL),(913,20,'91.83945949189116','24.90983023789697','2017-02-28 01:14:40',NULL),(914,20,'91.83945949189116','24.90983023789697','2017-02-28 01:15:00',NULL),(915,20,'91.83945949189116','24.90983023789697','2017-02-28 01:15:20',NULL),(916,20,'91.83945949189116','24.90983023789697','2017-02-28 01:15:40',NULL),(917,20,'91.83945949189116','24.90983023789697','2017-02-28 01:16:00',NULL),(918,20,'91.83945949189116','24.90983023789697','2017-02-28 01:16:20',NULL),(919,20,'91.83945949189116','24.90983023789697','2017-02-28 01:16:40',NULL),(920,20,'91.83945949189116','24.90983023789697','2017-02-28 01:17:00',NULL),(921,20,'91.83945949189116','24.90983023789697','2017-02-28 01:17:20',NULL),(922,20,'91.83945949189116','24.90983023789697','2017-02-28 01:17:40',NULL),(923,20,'91.83945949189116','24.90983023789697','2017-02-28 01:18:00',NULL),(924,20,'91.83945949189116','24.90983023789697','2017-02-28 01:18:20',NULL),(925,20,'91.83945949189116','24.90983023789697','2017-02-28 01:18:40',NULL),(926,20,'91.83945949189116','24.90983023789697','2017-02-28 01:19:00',NULL),(927,20,'91.83945949189116','24.90983023789697','2017-02-28 01:19:20',NULL),(928,20,'91.83945949189116','24.90983023789697','2017-02-28 01:19:40',NULL),(929,20,'91.83945949189116','24.90983023789697','2017-02-28 01:20:00',NULL),(930,20,'91.83945949189116','24.90983023789697','2017-02-28 01:20:22',NULL),(931,20,'91.83945949189116','24.90983023789697','2017-02-28 01:20:40',NULL),(932,20,'91.83945949189116','24.90983023789697','2017-02-28 01:21:00',NULL),(933,20,'91.83945949189116','24.90983023789697','2017-02-28 01:21:20',NULL),(934,20,'91.83945949189116','24.90983023789697','2017-02-28 01:21:40',NULL),(935,20,'91.83945949189116','24.90983023789697','2017-02-28 01:22:00',NULL),(936,20,'91.83945949189116','24.90983023789697','2017-02-28 01:22:20',NULL),(937,20,'91.83945949189116','24.90983023789697','2017-02-28 01:22:40',NULL),(938,20,'91.83945949189116','24.90983023789697','2017-02-28 01:23:00',NULL),(939,20,'91.83945949189116','24.90983023789697','2017-02-28 01:23:20',NULL),(940,20,'91.83945949189116','24.90983023789697','2017-02-28 01:23:40',NULL),(941,20,'91.83945949189116','24.90983023789697','2017-02-28 01:24:00',NULL),(942,20,'91.83945949189116','24.90983023789697','2017-02-28 01:24:20',NULL),(943,20,'91.83945949189116','24.90983023789697','2017-02-28 01:24:40',NULL),(944,20,'91.83945949189116','24.90983023789697','2017-02-28 01:25:00',NULL),(945,20,'91.83945949189116','24.90983023789697','2017-02-28 01:25:20',NULL),(946,20,'91.83945949189116','24.90983023789697','2017-02-28 01:25:40',NULL),(947,20,'91.83945949189116','24.90983023789697','2017-02-28 01:26:00',NULL),(948,20,'91.83945949189116','24.90983023789697','2017-02-28 01:26:20',NULL),(949,20,'91.83945949189116','24.90983023789697','2017-02-28 01:26:40',NULL),(950,20,'91.83945949189116','24.90983023789697','2017-02-28 01:27:00',NULL),(951,20,'91.83945949189116','24.90983023789697','2017-02-28 01:27:20',NULL),(952,20,'91.83945949189116','24.90983023789697','2017-02-28 01:27:40',NULL),(953,20,'91.83945949189116','24.90983023789697','2017-02-28 01:28:00',NULL),(954,20,'91.83945949189116','24.90983023789697','2017-02-28 01:28:20',NULL),(955,20,'91.83945949189116','24.90983023789697','2017-02-28 01:28:40',NULL),(956,20,'91.83945949189116','24.90983023789697','2017-02-28 01:45:31',NULL),(957,20,'91.83945949189116','24.90983023789697','2017-02-28 01:45:54',NULL),(958,20,'91.83945949189116','24.90983023789697','2017-02-28 01:46:12',NULL),(959,20,'91.83945949189116','24.90983023789697','2017-02-28 01:46:34',NULL),(960,20,'91.83945949189116','24.90983023789697','2017-02-28 01:46:52',NULL),(961,20,'91.83945949189116','24.90983023789697','2017-02-28 01:49:09',NULL),(962,20,'91.83945949189116','24.90983023789697','2017-02-28 01:49:21',NULL),(963,20,'91.83945949189116','24.90983023789697','2017-02-28 01:49:43',NULL),(964,20,'91.83945949189116','24.90983023789697','2017-02-28 01:50:01',NULL),(965,20,'91.83945949189116','24.90983023789697','2017-02-28 01:50:21',NULL),(966,20,'91.83945949189116','24.90983023789697','2017-02-28 01:50:41',NULL),(967,20,'91.83945949189116','24.90983023789697','2017-02-28 01:57:18',NULL),(968,20,'91.83945949189116','24.90983023789697','2017-02-28 01:57:27',NULL),(969,20,'91.83945949189116','24.90983023789697','2017-02-28 01:57:48',NULL),(970,20,'91.83945949189116','24.90983023789697','2017-02-28 01:58:07',NULL),(971,20,'91.83945949189116','24.90983023789697','2017-02-28 01:58:32',NULL),(972,20,'91.83945949189116','24.90983023789697','2017-02-28 01:58:47',NULL),(973,20,'91.83945949189116','24.90983023789697','2017-02-28 01:59:06',NULL),(974,20,'91.83945949189116','24.90983023789697','2017-02-28 01:59:29',NULL),(975,20,'91.83945949189116','24.90983023789697','2017-02-28 02:01:12',NULL),(976,20,'91.83945949189116','24.90983023789697','2017-02-28 02:01:28',NULL),(977,20,'91.83945949189116','24.90983023789697','2017-02-28 02:01:47',NULL),(978,20,'91.83945949189116','24.90983023789697','2017-02-28 02:02:07',NULL),(979,20,'91.83945949189116','24.90983023789697','2017-02-28 02:02:27',NULL),(980,20,'91.83945949189116','24.90983023789697','2017-02-28 02:02:49',NULL),(981,20,'91.83945949189116','24.90983023789697','2017-02-28 02:03:09',NULL),(982,20,'91.83945949189116','24.90983023789697','2017-02-28 02:04:07',NULL),(983,20,'91.83945949189116','24.90983023789697','2017-02-28 02:04:08',NULL),(984,20,'91.83945949189116','24.90983023789697','2017-02-28 02:04:12',NULL),(985,20,'91.83945949189116','24.90983023789697','2017-02-28 02:04:32',NULL),(986,20,'91.83945949189116','24.90983023789697','2017-02-28 02:04:54',NULL),(987,20,'91.83945949189116','24.90983023789697','2017-02-28 02:05:12',NULL),(988,20,'91.83945949189116','24.90983023789697','2017-02-28 02:05:36',NULL),(989,20,'91.83945949189116','24.90983023789697','2017-02-28 02:05:52',NULL),(990,20,'91.83945949189116','24.90983023789697','2017-02-28 02:06:16',NULL),(991,20,'91.83945949189116','24.90983023789697','2017-02-28 02:06:32',NULL),(992,20,'91.83945949189116','24.90983023789697','2017-02-28 02:07:21',NULL),(993,20,'91.83945949189116','24.90983023789697','2017-02-28 02:07:21',NULL),(994,20,'91.83945949189116','24.90983023789697','2017-02-28 02:07:40',NULL),(995,20,'91.83945949189116','24.90983023789697','2017-02-28 02:07:58',NULL),(996,20,'91.83945949189116','24.90983023789697','2017-02-28 02:08:19',NULL),(997,20,'91.83945949189116','24.90983023789697','2017-02-28 02:08:38',NULL),(998,20,'91.83945949189116','24.90983023789697','2017-02-28 02:08:58',NULL),(999,20,'91.83945949189116','24.90983023789697','2017-02-28 02:11:54',NULL),(1000,20,'91.83945949189116','24.90983023789697','2017-02-28 02:11:56',NULL),(1000,20,'91.83945949189116','24.90983023789697','2017-02-28 02:11:56',NULL),(1001,20,'91.83945949189116','24.90983023789697','2017-02-28 02:11:56',NULL),(1002,20,'91.83945949189116','24.90983023789697','2017-02-28 02:11:58',NULL),(1002,20,'91.83945949189116','24.90983023789697','2017-02-28 02:11:58',NULL),(1002,20,'91.83945949189116','24.90983023789697','2017-02-28 02:11:58',NULL),(1002,20,'91.83945949189116','24.90983023789697','2017-02-28 02:11:58',NULL),(1003,20,'91.83945949189116','24.90983023789697','2017-02-28 02:12:18',NULL),(1004,20,'91.83945949189116','24.90983023789697','2017-02-28 02:12:38',NULL),(1005,20,'91.83945949189116','24.90983023789697','2017-02-28 02:12:58',NULL),(1006,20,'91.83945949189116','24.90983023789697','2017-02-28 02:13:19',NULL),(1007,20,'91.83945949189116','24.90983023789697','2017-02-28 02:13:38',NULL),(1008,20,'91.83945949189116','24.90983023789697','2017-02-28 02:13:59',NULL),(1009,20,'91.83945949189116','24.90983023789697','2017-02-28 02:14:18',NULL),(1010,20,'91.83945949189116','24.90983023789697','2017-02-28 02:14:39',NULL),(1011,20,'91.83945949189116','24.90983023789697','2017-02-28 02:14:58',NULL),(1012,20,'91.83945949189116','24.90983023789697','2017-02-28 02:15:28',NULL),(1013,20,'91.83945949189116','24.90983023789697','2017-02-28 02:15:38',NULL),(1014,20,'91.83945949189116','24.90983023789697','2017-02-28 02:15:58',NULL),(1015,9,'91.9534869619772','24.912845646849878','2017-02-28 02:16:11',NULL),(1016,20,'91.83945949189116','24.90983023789697','2017-02-28 02:16:18',NULL),(1017,9,'91.95397144260144','24.914347683250895','2017-02-28 02:16:31',NULL),(1018,9,'91.95408435306476','24.915573528953033','2017-02-28 02:16:53',NULL),(1019,9,'91.9539137889647','24.916740707344385','2017-02-28 02:17:11',NULL),(1020,9,'91.95359760087571','24.917219012363972','2017-02-28 02:17:32',NULL),(1021,20,'91.83945949189116','24.90983023789697','2017-02-28 02:17:49',NULL),(1022,20,'91.83945949189116','24.90983023789697','2017-02-28 02:17:50',NULL),(1023,20,'91.83945949189116','24.90983023789697','2017-02-28 02:17:50',NULL),(1024,20,'91.83945949189116','24.90983023789697','2017-02-28 02:17:51',NULL),(1025,9,'91.95176883649347','24.916773293036318','2017-02-28 02:17:55',NULL),(1026,20,'91.83945949189116','24.90983023789697','2017-02-28 02:17:57',NULL),(1027,9,'91.94969697385922','24.91627046549038','2017-02-28 02:18:12',NULL),(1028,20,'91.83945949189116','24.90983023789697','2017-02-28 02:18:20',NULL),(1029,9,'91.94778422604371','24.91582242678441','2017-02-28 02:18:31',NULL),(1030,20,'91.83945949189116','24.90983023789697','2017-02-28 02:18:43',NULL),(1031,9,'91.9456532232885','24.915307982751692','2017-02-28 02:18:52',NULL),(1032,20,'91.83945949189116','24.90983023789697','2017-02-28 02:18:58',NULL),(1033,9,'91.9433676084181','24.91474833290484','2017-02-28 02:19:14',NULL),(1034,20,'91.83945949189116','24.90983023789697','2017-02-28 02:19:18',NULL),(1035,9,'91.94096782516954','24.914156277348734','2017-02-28 02:19:31',NULL),(1036,20,'91.83945949189116','24.90983023789697','2017-02-28 02:19:38',NULL),(1037,9,'91.93899919381109','24.91370479995213','2017-02-28 02:19:54',NULL),(1038,20,'91.83945949189116','24.90983023789697','2017-02-28 02:20:02',NULL),(1039,9,'91.9367298783869','24.913237562487577','2017-02-28 02:20:13',NULL),(1040,20,'91.83945949189116','24.90983023789697','2017-02-28 02:20:18',NULL),(1041,9,'91.93484050627025','24.9125066277242','2017-02-28 02:20:33',NULL),(1042,20,'91.83945949189116','24.90983023789697','2017-02-28 02:20:50',NULL),(1043,9,'91.93388246379004','24.911524632834134','2017-02-28 02:20:52',NULL),(1044,20,'91.83945949189116','24.90983023789697','2017-02-28 02:21:02',NULL),(1045,9,'91.93324034466464','24.910898893986833','2017-02-28 02:21:13',NULL),(1046,20,'91.83945949189116','24.90983023789697','2017-02-28 02:21:24',NULL),(1047,9,'91.93165035246801','24.910288097957054','2017-02-28 02:21:33',NULL),(1048,20,'91.83945949189116','24.90983023789697','2017-02-28 02:21:43',NULL),(1049,9,'91.92960719216737','24.909191505123523','2017-02-28 02:21:53',NULL),(1050,20,'91.83945949189116','24.90983023789697','2017-02-28 02:22:04',NULL),(1051,9,'91.92761448261261','24.907978523227555','2017-02-28 02:22:16',NULL),(1052,20,'91.83945949189116','24.90983023789697','2017-02-28 02:22:23',NULL),(1053,9,'91.92536977951124','24.907031580959256','2017-02-28 02:22:33',NULL),(1054,20,'91.83945949189116','24.90983023789697','2017-02-28 02:22:45',NULL),(1055,9,'91.92349497682417','24.90619704621756','2017-02-28 02:22:53',NULL),(1056,20,'91.83945949189116','24.90983023789697','2017-02-28 02:23:05',NULL),(1057,9,'91.92164162644781','24.904822061767014','2017-02-28 02:23:18',NULL),(1058,20,'91.83945949189116','24.90983023789697','2017-02-28 02:23:23',NULL),(1059,9,'91.9191284068564','24.902997796963213','2017-02-28 02:23:38',NULL),(1060,20,'91.83945949189116','24.90983023789697','2017-02-28 02:23:46',NULL),(1061,9,'91.9169173498842','24.901716399015513','2017-02-28 02:24:00',NULL),(1062,20,'91.83945949189116','24.90983023789697','2017-02-28 02:24:02',NULL),(1063,9,'91.91514061216908','24.900946062762348','2017-02-28 02:24:18',NULL),(1064,20,'91.83945949189116','24.90983023789697','2017-02-28 02:24:25',NULL),(1065,9,'91.9135645661515','24.900207383184664','2017-02-28 02:24:40',NULL),(1066,20,'91.83945949189116','24.90983023789697','2017-02-28 02:24:43',NULL),(1067,9,'91.91181925960072','24.89938776154452','2017-02-28 02:24:57',NULL),(1068,20,'91.83945949189116','24.90983023789697','2017-02-28 02:25:02',NULL),(1069,9,'91.91056126624316','24.89885661963299','2017-02-28 02:25:20',NULL),(1070,20,'91.83945949189116','24.90983023789697','2017-02-28 02:25:24',NULL),(1071,9,'91.9096872851989','24.8985282396452','2017-02-28 02:25:38',NULL),(1072,20,'91.83945949189116','24.90983023789697','2017-02-28 02:25:46',NULL),(1073,9,'91.90855224252783','24.897913937429685','2017-02-28 02:25:58',NULL),(1074,20,'91.83945949189116','24.90983023789697','2017-02-28 02:26:05',NULL),(1075,9,'91.90675198734047','24.896886661628606','2017-02-28 02:26:17',NULL),(1076,20,'91.83945949189116','24.90983023789697','2017-02-28 02:26:25',NULL),(1077,9,'91.90447191586709','24.8965001278015','2017-02-28 02:26:39',NULL),(1078,20,'91.83945949189116','24.90983023789697','2017-02-28 02:26:43',NULL),(1079,9,'91.90255786710559','24.897157705152274','2017-02-28 02:26:59',NULL),(1080,20,'91.83945949189116','24.90983023789697','2017-02-28 02:27:12',NULL),(1081,9,'91.90090938283625','24.89684583444071','2017-02-28 02:27:21',NULL),(1082,20,'91.83945949189116','24.90983023789697','2017-02-28 02:27:23',NULL),(1083,9,'91.90022973086812','24.896954688457487','2017-02-28 02:27:39',NULL),(1084,20,'91.83945949189116','24.90983023789697','2017-02-28 02:27:44',NULL),(1085,9,'91.90091663993388','24.898456683397814','2017-02-28 02:27:59',NULL),(1086,20,'91.83945949189116','24.90983023789697','2017-02-28 02:28:04',NULL),(1087,9,'91.90083830317542','24.899904405506778','2017-02-28 02:28:19',NULL),(1088,20,'91.83945949189116','24.90983023789697','2017-02-28 02:28:23',NULL),(1089,9,'91.89988082127077','24.901456894946634','2017-02-28 02:28:38',NULL),(1090,20,'91.83945949189116','24.90983023789697','2017-02-28 02:28:42',NULL),(1091,9,'91.8993548071026','24.90164273601076','2017-02-28 02:29:01',NULL),(1092,20,'91.83945949189116','24.90983023789697','2017-02-28 02:29:02',NULL),(1093,9,'91.89937481059438','24.901633997264526','2017-02-28 02:29:18',NULL),(1094,9,'91.89937481059438','24.901633997264526','2017-02-28 02:29:41',NULL),(1095,9,'91.89937481059438','24.901633997264526','2017-02-28 02:29:59',NULL),(1096,9,'91.89951324008305','24.901690626314952','2017-02-28 02:30:19',NULL),(1097,9,'91.90078077829173','24.900387502312068','2017-02-28 02:30:39',NULL),(1098,9,'91.90092680543853','24.89849929788315','2017-02-28 02:30:59',NULL),(1099,9,'91.9003465045356','24.897227530697972','2017-02-28 02:31:18',NULL),(1100,9,'91.90030964743826','24.897301285440935','2017-02-28 02:31:40',NULL),(1101,9,'91.90085157287366','24.898440461205','2017-02-28 02:32:00',NULL),(1102,9,'91.90082559876572','24.90003162903822','2017-02-28 02:32:19',NULL),(1103,9,'91.89977764935676','24.90139362747838','2017-02-28 02:32:41',NULL),(1104,9,'91.8994729188797','24.90158910826868','2017-02-28 02:32:59',NULL),(1105,9,'91.8993663200811','24.901623039759617','2017-02-28 02:33:19',NULL),(1106,20,'0.0','0.0','2017-02-28 06:49:51',NULL),(1107,20,'92.4646917','24.8768125','2017-02-28 06:50:14',NULL),(1108,20,'92.4646917','24.8768125','2017-02-28 06:50:29',NULL),(1109,21,'0.0','0.0','2017-02-28 22:18:41',NULL),(1110,21,'91.8798071','25.16899837','2017-02-28 22:19:05',NULL),(1111,21,'91.8796118','25.16865281','2017-02-28 22:19:22',NULL),(1112,21,'91.87962518','25.16881026','2017-02-28 22:19:41',NULL),(1113,21,'91.87962879','25.16883204','2017-02-28 22:20:02',NULL),(1114,21,'91.87964429','25.16889123','2017-02-28 22:20:21',NULL),(1115,21,'91.87966516','25.16890322','2017-02-28 22:20:41',NULL),(1116,21,'91.87966636','25.16888863','2017-02-28 22:21:03',NULL),(1117,21,'91.87969384','25.16890657','2017-02-28 22:21:22',NULL),(1118,21,'91.87969184','25.16891247','2017-02-28 22:21:41',NULL),(1119,21,'91.87970844','25.16891992','2017-02-28 22:22:01',NULL),(1120,21,'91.87970916','25.1689227','2017-02-28 22:22:23',NULL),(1121,21,'91.87971525','25.16893041','2017-02-28 22:22:42',NULL),(1122,21,'91.87971276','25.16892587','2017-02-28 22:23:02',NULL),(1123,21,'91.87971367','25.16892522','2017-02-28 22:23:28',NULL),(1124,21,'91.87970566','25.16892031','2017-02-28 22:23:46',NULL),(1125,20,'91.8395116','24.9098405','2017-02-28 22:23:59',NULL),(1126,21,'91.87970692','25.1689276','2017-02-28 22:24:06',NULL),(1127,20,'91.8395116','24.9098405','2017-02-28 22:24:15',NULL),(1128,21,'91.87971106','25.16893436','2017-02-28 22:24:28',NULL),(1129,20,'91.83944102411508','24.90993259244438','2017-02-28 22:24:35',NULL),(1130,21,'91.87971169','25.16893483','2017-02-28 22:24:46',NULL),(1131,20,'91.8395273719744','24.909875242018785','2017-02-28 22:24:55',NULL),(1132,21,'91.87972586','25.16894653','2017-02-28 22:25:06',NULL),(1133,20,'91.8395273719744','24.909875242018785','2017-02-28 22:25:15',NULL),(1134,21,'91.87973479','25.16895908','2017-02-28 22:25:26',NULL),(1135,20,'91.8395273719744','24.909875242018785','2017-02-28 22:25:35',NULL),(1136,21,'91.87972313','25.16895836','2017-02-28 22:25:50',NULL),(1137,20,'91.8395273719744','24.909875242018785','2017-02-28 22:25:55',NULL),(1138,21,'91.87972383','25.16896113','2017-02-28 22:26:06',NULL),(1139,20,'91.8395273719744','24.909875242018785','2017-02-28 22:26:15',NULL),(1140,21,'91.87972204','25.16897229','2017-02-28 22:26:26',NULL),(1141,20,'91.8395273719744','24.909875242018785','2017-02-28 22:26:35',NULL),(1142,21,'91.87972071','25.16897871','2017-02-28 22:26:46',NULL),(1143,20,'91.8395273719744','24.909875242018785','2017-02-28 22:26:55',NULL),(1144,21,'91.87972061','25.16897891','2017-02-28 22:27:06',NULL),(1145,20,'91.8395273719744','24.909875242018785','2017-02-28 22:27:15',NULL),(1146,21,'91.87972053','25.16897901','2017-02-28 22:27:26',NULL),(1147,20,'91.8395273719744','24.909875242018785','2017-02-28 22:27:36',NULL),(1148,21,'91.87971302','25.16900441','2017-02-28 22:27:46',NULL),(1149,20,'91.8395273719744','24.909875242018785','2017-02-28 22:27:56',NULL),(1150,21,'91.87969791','25.16902286','2017-02-28 22:28:06',NULL),(1151,20,'91.8395273719744','24.909875242018785','2017-02-28 22:28:15',NULL),(1152,21,'91.87969027','25.16903208','2017-02-28 22:28:26',NULL),(1153,20,'91.8395273719744','24.909875242018785','2017-02-28 22:28:36',NULL),(1154,21,'91.87969028','25.16903208','2017-02-28 22:28:47',NULL),(1155,20,'91.8395273719744','24.909875242018785','2017-02-28 22:28:56',NULL),(1156,21,'91.87968896','25.16903673','2017-02-28 22:29:07',NULL),(1157,20,'91.8395273719744','24.909875242018785','2017-02-28 22:29:16',NULL),(1158,21,'91.87968408','25.16905436','2017-02-28 22:29:27',NULL),(1159,20,'91.8395273719744','24.909875242018785','2017-02-28 22:29:36',NULL),(1160,21,'91.87969347','25.16906322','2017-02-28 22:29:46',NULL),(1161,20,'91.8395273719744','24.909875242018785','2017-02-28 22:29:56',NULL),(1162,21,'91.87969477','25.16907224','2017-02-28 22:30:07',NULL),(1163,20,'91.8395273719744','24.909875242018785','2017-02-28 22:30:16',NULL),(1164,21,'91.8796948','25.16908595','2017-02-28 22:30:27',NULL),(1165,20,'91.8395273719744','24.909875242018785','2017-02-28 22:30:36',NULL),(1166,21,'91.87969469','25.16909849','2017-02-28 22:30:47',NULL),(1167,20,'91.8395273719744','24.909875242018785','2017-02-28 22:30:56',NULL),(1168,21,'91.87969804','25.16910215','2017-02-28 22:31:07',NULL),(1169,20,'91.8395273719744','24.909875242018785','2017-02-28 22:31:16',NULL),(1170,21,'91.87969891','25.16910716','2017-02-28 22:31:27',NULL),(1171,20,'91.8395273719744','24.909875242018785','2017-02-28 22:31:36',NULL),(1172,21,'91.8797069','25.16912493','2017-02-28 22:31:47',NULL),(1173,20,'91.8395273719744','24.909875242018785','2017-02-28 22:31:56',NULL),(1174,21,'91.87970859','25.16913489','2017-02-28 22:32:07',NULL),(1175,20,'91.8395273719744','24.909875242018785','2017-02-28 22:32:16',NULL),(1176,21,'91.87971127','25.16913822','2017-02-28 22:32:27',NULL),(1177,20,'91.8395273719744','24.909875242018785','2017-02-28 22:32:36',NULL),(1178,21,'91.87971127','25.16913822','2017-02-28 22:32:47',NULL),(1179,20,'91.8395273719744','24.909875242018785','2017-02-28 22:32:56',NULL),(1180,21,'91.87971127','25.16913822','2017-02-28 22:33:07',NULL),(1181,20,'91.8395273719744','24.909875242018785','2017-02-28 22:33:16',NULL),(1182,21,'91.87971127','25.16913822','2017-02-28 22:33:27',NULL),(1183,20,'91.8395273719744','24.909875242018785','2017-02-28 22:33:36',NULL),(1184,21,'91.87971127','25.16913822','2017-02-28 22:33:47',NULL),(1185,20,'91.8395273719744','24.909875242018785','2017-02-28 22:33:56',NULL),(1186,21,'91.87971127','25.16913822','2017-02-28 22:34:07',NULL),(1187,20,'91.8395273719744','24.909875242018785','2017-02-28 22:34:16',NULL),(1188,21,'91.87971127','25.16913822','2017-02-28 22:34:27',NULL),(1189,20,'91.8395273719744','24.909875242018785','2017-02-28 22:34:36',NULL),(1190,21,'91.87971127','25.16913822','2017-02-28 22:34:49',NULL),(1191,20,'91.8395273719744','24.909875242018785','2017-02-28 22:34:56',NULL),(1192,21,'91.87971127','25.16913822','2017-02-28 22:35:07',NULL),(1193,20,'91.8395273719744','24.909875242018785','2017-02-28 22:35:16',NULL),(1194,21,'91.87971127','25.16913822','2017-02-28 22:35:27',NULL),(1195,20,'91.8395273719744','24.909875242018785','2017-02-28 22:35:36',NULL),(1196,21,'91.87971127','25.16913822','2017-02-28 22:35:47',NULL),(1197,20,'91.8395273719744','24.909875242018785','2017-02-28 22:35:56',NULL),(1198,21,'91.87971127','25.16913822','2017-02-28 22:36:07',NULL),(1199,20,'91.8395273719744','24.909875242018785','2017-02-28 22:36:16',NULL),(1200,21,'91.87971127','25.16913822','2017-02-28 22:36:27',NULL),(1201,20,'91.8395273719744','24.909875242018785','2017-02-28 22:36:36',NULL),(1202,21,'91.87971127','25.16913822','2017-02-28 22:36:47',NULL),(1203,20,'91.8395273719744','24.909875242018785','2017-02-28 22:36:56',NULL),(1204,21,'91.87971028','25.16913384','2017-02-28 22:37:07',NULL),(1205,20,'91.8395273719744','24.909875242018785','2017-02-28 22:37:16',NULL),(1206,21,'91.87971024','25.16913358','2017-02-28 22:37:26',NULL),(1207,20,'91.8395273719744','24.909875242018785','2017-02-28 22:37:36',NULL),(1208,21,'91.87971025','25.16913354','2017-02-28 22:37:47',NULL),(1209,20,'91.8395273719744','24.909875242018785','2017-02-28 22:37:56',NULL),(1210,21,'91.87971049','25.16913352','2017-02-28 22:38:08',NULL),(1211,20,'91.8395273719744','24.909875242018785','2017-02-28 22:38:16',NULL),(1212,21,'91.87971064','25.16913313','2017-02-28 22:38:27',NULL),(1213,20,'91.8395273719744','24.909875242018785','2017-02-28 22:38:36',NULL),(1214,21,'91.87971062','25.16913311','2017-02-28 22:38:46',NULL),(1215,20,'91.8395273719744','24.909875242018785','2017-02-28 22:38:56',NULL),(1216,21,'91.87971059','25.16913292','2017-02-28 22:39:08',NULL),(1217,20,'91.8395273719744','24.909875242018785','2017-02-28 22:39:16',NULL),(1218,21,'91.87971058','25.16913288','2017-02-28 22:39:27',NULL),(1219,20,'91.83952214981366','24.909955934594695','2017-02-28 22:39:36',NULL),(1220,21,'91.87971058','25.16913286','2017-02-28 22:39:47',NULL),(1221,20,'91.83952214981366','24.909955934594695','2017-02-28 22:39:56',NULL),(1222,21,'91.87971059','25.16913283','2017-02-28 22:40:07',NULL),(1223,20,'91.83952214981366','24.909955934594695','2017-02-28 22:40:16',NULL),(1224,21,'91.87971105','25.16913264','2017-02-28 22:40:27',NULL),(1225,20,'91.83952214981366','24.909955934594695','2017-02-28 22:40:36',NULL),(1226,21,'91.87971143','25.16913268','2017-02-28 22:40:47',NULL),(1227,20,'91.83952214981366','24.909955934594695','2017-02-28 22:40:56',NULL),(1228,21,'91.87970854','25.16913145','2017-02-28 22:41:08',NULL),(1229,20,'91.83952214981366','24.909955934594695','2017-02-28 22:41:16',NULL),(1230,21,'91.87970854','25.16913144','2017-02-28 22:41:27',NULL),(1231,20,'91.83952214981366','24.909955934594695','2017-02-28 22:41:36',NULL),(1232,21,'91.87970854','25.16913144','2017-02-28 22:41:47',NULL),(1233,20,'91.83952214981366','24.909955934594695','2017-02-28 22:41:56',NULL),(1234,21,'91.87970854','25.16913133','2017-02-28 22:42:07',NULL),(1235,20,'91.83952214981366','24.909955934594695','2017-02-28 22:42:16',NULL),(1236,21,'91.87970857','25.16913131','2017-02-28 22:42:27',NULL),(1237,20,'91.83952214981366','24.909955934594695','2017-02-28 22:42:36',NULL),(1238,21,'91.87970861','25.16913128','2017-02-28 22:42:47',NULL),(1239,20,'91.83952214981366','24.909955934594695','2017-02-28 22:42:56',NULL),(1240,21,'91.87970863','25.16913125','2017-02-28 22:43:07',NULL),(1241,20,'91.83941124692882','24.90984585950678','2017-02-28 22:43:16',NULL),(1242,21,'91.87970782','25.16913087','2017-02-28 22:43:27',NULL),(1243,20,'91.83941124692882','24.90984585950678','2017-02-28 22:43:36',NULL),(1244,21,'91.87970692','25.16912734','2017-02-28 22:43:47',NULL),(1245,20,'91.83941124692882','24.90984585950678','2017-02-28 22:43:56',NULL),(1246,21,'91.87970349','25.16912574','2017-02-28 22:44:06',NULL),(1247,20,'91.83941124692882','24.90984585950678','2017-02-28 22:44:16',NULL),(1248,21,'91.87970604','25.16912329','2017-02-28 22:44:28',NULL),(1249,20,'91.83941124692882','24.90984585950678','2017-02-28 22:44:36',NULL),(1250,21,'91.87970618','25.16912057','2017-02-28 22:44:46',NULL),(1251,20,'91.83941124692882','24.90984585950678','2017-02-28 22:44:56',NULL),(1252,21,'91.87970581','25.16911877','2017-02-28 22:45:07',NULL),(1253,20,'91.83941124692882','24.90984585950678','2017-02-28 22:45:16',NULL),(1254,21,'91.87970601','25.16912108','2017-02-28 22:45:27',NULL),(1255,20,'91.83941124692882','24.90984585950678','2017-02-28 22:45:36',NULL),(1256,21,'91.87982305','25.16959345','2017-02-28 22:45:46',NULL),(1257,20,'91.83941124692882','24.90984585950678','2017-02-28 22:45:56',NULL),(1258,21,'91.87984306','25.16975252','2017-02-28 22:46:07',NULL),(1259,20,'91.83941124692882','24.90984585950678','2017-02-28 22:46:16',NULL),(1260,21,'91.88005666','25.16983116','2017-02-28 22:46:27',NULL),(1261,20,'91.83941124692882','24.90984585950678','2017-02-28 22:46:36',NULL),(1262,21,'91.88008794','25.17000522','2017-02-28 22:46:47',NULL),(1263,20,'91.83941124692882','24.90984585950678','2017-02-28 22:46:56',NULL),(1264,21,'91.88007858','25.17009638','2017-02-28 22:47:07',NULL),(1265,20,'91.83941124692882','24.90984585950678','2017-02-28 22:47:16',NULL),(1266,21,'91.88020786','25.17030662','2017-02-28 22:47:27',NULL),(1267,20,'91.83941124692882','24.90984585950678','2017-02-28 22:47:36',NULL),(1268,21,'91.88032338','25.17065934','2017-02-28 22:47:47',NULL),(1269,20,'91.83941124692882','24.90984585950678','2017-02-28 22:47:56',NULL),(1270,21,'91.88045155','25.17077803','2017-02-28 22:48:07',NULL),(1271,20,'91.83941124692882','24.90984585950678','2017-02-28 22:48:16',NULL),(1272,21,'91.88048196','25.17099685','2017-02-28 22:48:27',NULL),(1273,20,'91.83953809442504','24.909852597018084','2017-02-28 22:48:36',NULL),(1274,21,'91.88059145','25.17126685','2017-02-28 22:48:47',NULL),(1275,20,'91.83953809442504','24.909852597018084','2017-02-28 22:48:56',NULL),(1276,21,'91.88063035','25.17137834','2017-02-28 22:49:07',NULL),(1277,20,'91.83953809442504','24.909852597018084','2017-02-28 22:49:16',NULL),(1278,21,'91.88045835','25.17142316','2017-02-28 22:49:27',NULL),(1279,20,'91.8394470362301','24.909805885623992','2017-02-28 22:49:36',NULL),(1280,21,'91.88052523','25.17183136','2017-02-28 22:49:46',NULL),(1281,20,'91.8394470362301','24.909805885623992','2017-02-28 22:49:56',NULL),(1282,21,'91.88066145','25.17210897','2017-02-28 22:50:07',NULL),(1283,20,'91.8394470362301','24.909805885623992','2017-02-28 22:50:16',NULL),(1284,21,'91.88063916','25.17225946','2017-02-28 22:50:27',NULL),(1285,20,'91.8394470362301','24.909805885623992','2017-02-28 22:50:36',NULL),(1286,21,'91.88048189','25.17244402','2017-02-28 22:50:47',NULL),(1287,20,'91.8394470362301','24.909805885623992','2017-02-28 22:50:57',NULL),(1288,21,'91.88058465','25.17260273','2017-02-28 22:51:07',NULL),(1289,20,'91.83961154977345','24.90983430074969','2017-02-28 22:51:16',NULL),(1290,21,'91.88055297','25.17294203','2017-02-28 22:51:27',NULL),(1291,20,'91.83961154977345','24.90983430074969','2017-02-28 22:51:36',NULL),(1292,21,'91.88036287','25.17301986','2017-02-28 22:51:47',NULL),(1293,20,'91.83961154977345','24.90983430074969','2017-02-28 22:51:56',NULL),(1294,21,'91.88017624','25.17321119','2017-02-28 22:52:07',NULL),(1295,20,'91.83961154977345','24.90983430074969','2017-02-28 22:52:16',NULL),(1296,21,'91.88004911','25.17330972','2017-02-28 22:52:27',NULL),(1297,20,'91.83961154977345','24.90983430074969','2017-02-28 22:52:36',NULL),(1298,21,'91.87977702','25.1734542','2017-02-28 22:52:47',NULL),(1299,20,'91.83961154977345','24.90983430074969','2017-02-28 22:52:56',NULL),(1300,21,'91.87950436','25.17346783','2017-02-28 22:53:07',NULL),(1301,20,'91.83961154977345','24.90983430074969','2017-02-28 22:53:16',NULL),(1302,21,'91.87955409','25.1734245','2017-02-28 22:53:27',NULL),(1303,20,'91.83961154977345','24.90983430074969','2017-02-28 22:53:36',NULL),(1304,21,'91.87945518','25.17341981','2017-02-28 22:53:47',NULL),(1305,20,'91.83961154977345','24.90983430074969','2017-02-28 22:53:56',NULL),(1306,21,'91.87950303','25.17340066','2017-02-28 22:54:07',NULL),(1307,20,'91.83961154977345','24.90983430074969','2017-02-28 22:54:16',NULL),(1308,21,'91.87949258','25.17348658','2017-02-28 22:54:27',NULL),(1309,20,'91.83961154977345','24.90983430074969','2017-02-28 22:54:36',NULL),(1310,21,'91.87948612','25.17349094','2017-02-28 22:54:47',NULL),(1311,20,'91.83961154977345','24.90983430074969','2017-02-28 22:54:57',NULL),(1312,21,'91.87949117','25.17347293','2017-02-28 22:55:10',NULL),(1313,20,'91.83961154977345','24.90983430074969','2017-02-28 22:55:27',NULL),(1314,21,'91.87950262','25.17346471','2017-02-28 22:55:33',NULL),(1315,20,'91.83945911438192','24.909889262671275','2017-02-28 22:55:46',NULL),(1316,21,'91.87950572','25.17347084','2017-02-28 22:55:53',NULL),(1317,20,'91.83934854523876','24.90986123945857','2017-02-28 22:56:06',NULL),(1318,21,'91.87950172','25.17347846','2017-02-28 22:56:15',NULL),(1319,20,'91.83924038254129','24.90988278653821','2017-02-28 22:56:26',NULL),(1320,21,'91.87950159','25.17348207','2017-02-28 22:56:33',NULL),(1321,20,'91.83924038254129','24.90988278653821','2017-02-28 22:56:46',NULL),(1322,21,'91.87950182','25.17348822','2017-02-28 22:56:53',NULL),(1323,20,'91.83924038254129','24.90988278653821','2017-02-28 22:57:06',NULL),(1324,21,'91.87950027','25.17348374','2017-02-28 22:57:13',NULL),(1325,20,'91.83924038254129','24.90988278653821','2017-02-28 22:57:26',NULL),(1326,21,'91.87952144','25.17347325','2017-02-28 22:57:33',NULL),(1327,20,'91.83924038254129','24.90988278653821','2017-02-28 22:57:46',NULL),(1328,21,'91.88017609','25.17317927','2017-02-28 22:57:53',NULL),(1329,20,'91.83924038254129','24.90988278653821','2017-02-28 22:58:06',NULL),(1330,21,'91.8804873','25.17305538','2017-02-28 22:58:13',NULL),(1331,20,'91.8394182421884','24.90992983425877','2017-02-28 22:58:26',NULL),(1332,21,'91.88064894','25.1730489','2017-02-28 22:58:33',NULL),(1333,20,'91.8394182421884','24.90992983425877','2017-02-28 22:58:46',NULL),(1334,21,'91.8806422','25.17304573','2017-02-28 22:58:53',NULL),(1335,20,'91.8394182421884','24.90992983425877','2017-02-28 22:59:07',NULL),(1336,21,'91.88064209','25.1730456','2017-02-28 22:59:13',NULL),(1337,20,'91.8394182421884','24.90992983425877','2017-02-28 22:59:27',NULL),(1338,21,'91.88064424','25.17302867','2017-02-28 22:59:39',NULL),(1339,20,'91.8394182421884','24.90992983425877','2017-02-28 22:59:47',NULL),(1340,21,'91.88064399','25.17301746','2017-02-28 23:00:02',NULL),(1341,20,'91.8394182421884','24.90992983425877','2017-02-28 23:00:07',NULL),(1342,21,'91.88063267','25.17301649','2017-02-28 23:00:18',NULL),(1343,20,'91.8394182421884','24.90992983425877','2017-02-28 23:00:27',NULL),(1344,21,'91.88063686','25.17302917','2017-02-28 23:00:38',NULL),(1345,20,'91.8394182421884','24.90992983425877','2017-02-28 23:00:47',NULL),(1346,21,'91.88063238','25.17303547','2017-02-28 23:00:58',NULL),(1347,20,'91.8394182421884','24.90992983425877','2017-02-28 23:01:07',NULL),(1348,21,'91.88061824','25.17302689','2017-02-28 23:01:18',NULL),(1349,20,'91.8394182421884','24.90992983425877','2017-02-28 23:01:27',NULL),(1350,21,'91.88061119','25.17302475','2017-02-28 23:01:38',NULL),(1351,20,'91.8394182421884','24.90992983425877','2017-02-28 23:01:47',NULL),(1352,21,'91.88061792','25.17302168','2017-02-28 23:01:58',NULL),(1353,20,'91.8394182421884','24.90992983425877','2017-02-28 23:02:07',NULL),(1354,21,'91.88061948','25.1730206','2017-02-28 23:02:20',NULL),(1355,20,'91.8394182421884','24.90992983425877','2017-02-28 23:02:27',NULL),(1356,21,'91.88062293','25.17302029','2017-02-28 23:02:38',NULL),(1357,20,'91.8394182421884','24.90992983425877','2017-02-28 23:02:47',NULL),(1358,21,'91.88062994','25.1730232','2017-02-28 23:02:58',NULL),(1359,20,'91.8394182421884','24.90992983425877','2017-02-28 23:03:07',NULL),(1360,21,'91.88064146','25.17301865','2017-02-28 23:03:18',NULL),(1361,20,'91.8394182421884','24.90992983425877','2017-02-28 23:03:27',NULL),(1362,21,'91.8806403','25.17301642','2017-02-28 23:03:38',NULL),(1363,20,'91.8394182421884','24.90992983425877','2017-02-28 23:03:47',NULL),(1364,21,'91.88064067','25.17301268','2017-02-28 23:03:59',NULL),(1365,20,'91.8394182421884','24.90992983425877','2017-02-28 23:04:07',NULL),(1366,21,'91.88064094','25.17301195','2017-02-28 23:04:18',NULL),(1367,20,'91.8394182421884','24.90992983425877','2017-02-28 23:04:27',NULL),(1368,21,'91.8806418','25.17301347','2017-02-28 23:04:38',NULL),(1369,20,'91.8394182421884','24.90992983425877','2017-02-28 23:04:47',NULL),(1370,21,'91.88064419','25.17301489','2017-02-28 23:04:59',NULL),(1371,20,'91.8394182421884','24.90992983425877','2017-02-28 23:05:07',NULL),(1372,21,'91.88064727','25.1730192','2017-02-28 23:05:19',NULL),(1373,20,'91.8394182421884','24.90992983425877','2017-02-28 23:05:27',NULL),(1374,21,'91.88064955','25.17302245','2017-02-28 23:05:38',NULL),(1375,20,'91.8394182421884','24.90992983425877','2017-02-28 23:05:47',NULL),(1376,21,'91.88065346','25.17302548','2017-02-28 23:05:58',NULL),(1377,20,'91.8394182421884','24.90992983425877','2017-02-28 23:06:12',NULL),(1378,21,'91.88065785','25.17303103','2017-02-28 23:06:18',NULL),(1379,20,'91.8394182421884','24.90992983425877','2017-02-28 23:06:32',NULL),(1380,21,'91.88066006','25.17303215','2017-02-28 23:06:38',NULL),(1381,20,'91.8394182421884','24.90992983425877','2017-02-28 23:06:52',NULL),(1382,21,'91.8806617','25.17303418','2017-02-28 23:06:59',NULL),(1383,20,'91.8394182421884','24.90992983425877','2017-02-28 23:07:12',NULL),(1384,21,'91.88068543','25.17303434','2017-02-28 23:07:18',NULL),(1385,20,'91.8394182421884','24.90992983425877','2017-02-28 23:07:32',NULL),(1386,21,'91.88061015','25.17286768','2017-02-28 23:07:39',NULL),(1387,20,'91.8394182421884','24.90992983425877','2017-02-28 23:07:52',NULL),(1388,21,'91.88071349','25.17271068','2017-02-28 23:07:59',NULL),(1389,20,'91.8394182421884','24.90992983425877','2017-02-28 23:08:12',NULL),(1390,21,'91.88068852','25.17243793','2017-02-28 23:08:19',NULL),(1391,20,'91.8394182421884','24.90992983425877','2017-02-28 23:08:32',NULL),(1392,21,'91.88066021','25.17232805','2017-02-28 23:08:39',NULL),(1393,20,'91.8394182421884','24.90992983425877','2017-02-28 23:08:52',NULL),(1394,21,'91.88055033','25.17204135','2017-02-28 23:08:59',NULL),(1395,20,'91.8394182421884','24.90992983425877','2017-02-28 23:09:12',NULL),(1396,21,'91.88052095','25.17200141','2017-02-28 23:09:19',NULL),(1397,20,'91.83951306473378','24.909896906402743','2017-02-28 23:09:32',NULL),(1398,21,'91.88054862','25.17200158','2017-02-28 23:09:39',NULL),(1399,20,'91.83951306473378','24.909896906402743','2017-02-28 23:09:52',NULL),(1400,21,'91.88066417','25.17184864','2017-02-28 23:09:59',NULL),(1401,20,'91.83951306473378','24.909896906402743','2017-02-28 23:10:12',NULL),(1402,21,'91.88055648','25.17157327','2017-02-28 23:10:19',NULL),(1403,20,'91.8394307789069','24.909826306638944','2017-02-28 23:10:32',NULL),(1404,21,'91.88062776','25.17137071','2017-02-28 23:10:39',NULL),(1405,20,'91.8394307789069','24.909826306638944','2017-02-28 23:10:52',NULL),(1406,21,'91.88062312','25.17117004','2017-02-28 23:10:59',NULL),(1407,20,'91.8394307789069','24.909826306638944','2017-02-28 23:11:12',NULL),(1408,21,'91.88052458','25.17094333','2017-02-28 23:11:19',NULL),(1409,20,'91.8394307789069','24.909826306638944','2017-02-28 23:11:32',NULL),(1410,21,'91.88052463','25.17072171','2017-02-28 23:11:39',NULL),(1411,20,'91.8394307789069','24.909826306638944','2017-02-28 23:11:52',NULL),(1412,21,'91.88040204','25.170656','2017-02-28 23:11:59',NULL),(1413,20,'91.8394307789069','24.909826306638944','2017-02-28 23:12:12',NULL),(1414,21,'91.88031873','25.17039344','2017-02-28 23:12:19',NULL),(1415,20,'91.8394307789069','24.909826306638944','2017-02-28 23:12:32',NULL),(1416,21,'91.88029719','25.17024723','2017-02-28 23:12:39',NULL),(1417,20,'91.8394307789069','24.909826306638944','2017-02-28 23:12:52',NULL),(1418,21,'91.88025033','25.17022699','2017-02-28 23:12:59',NULL),(1419,20,'91.8394307789069','24.909826306638944','2017-02-28 23:13:12',NULL),(1420,21,'91.88016489','25.17018212','2017-02-28 23:13:19',NULL),(1421,20,'91.8394307789069','24.909826306638944','2017-02-28 23:13:32',NULL),(1422,21,'91.88003011','25.16994183','2017-02-28 23:13:39',NULL),(1423,20,'91.8394307789069','24.909826306638944','2017-02-28 23:13:52',NULL),(1424,21,'91.87990821','25.16979006','2017-02-28 23:13:59',NULL),(1425,20,'91.8394307789069','24.909826306638944','2017-02-28 23:14:12',NULL),(1426,21,'91.87981534','25.16965146','2017-02-28 23:14:19',NULL),(1427,20,'91.8394307789069','24.909826306638944','2017-02-28 23:14:32',NULL),(1428,21,'91.87977465','25.16944475','2017-02-28 23:14:39',NULL),(1429,20,'91.8394307789069','24.909826306638944','2017-02-28 23:14:52',NULL),(1430,21,'91.87977256','25.1692405','2017-02-28 23:14:59',NULL),(1431,20,'91.8394307789069','24.909826306638944','2017-02-28 23:15:12',NULL),(1432,21,'91.87963625','25.16914826','2017-02-28 23:15:19',NULL),(1433,20,'91.8394307789069','24.909826306638944','2017-02-28 23:15:32',NULL),(1434,21,'91.87966836','25.1690593','2017-02-28 23:15:39',NULL),(1435,20,'91.8394307789069','24.909826306638944','2017-02-28 23:15:52',NULL),(1436,21,'91.87982081','25.16899915','2017-02-28 23:15:59',NULL),(1437,20,'91.8394307789069','24.909826306638944','2017-02-28 23:16:12',NULL),(1438,21,'91.87980302','25.16902629','2017-02-28 23:16:19',NULL),(1439,20,'91.8394307789069','24.909826306638944','2017-02-28 23:16:32',NULL),(1440,21,'91.87981387','25.16896916','2017-02-28 23:16:39',NULL),(1441,20,'91.8394307789069','24.909826306638944','2017-02-28 23:16:52',NULL),(1442,21,'91.87971077','25.16888977','2017-02-28 23:16:59',NULL),(1443,20,'91.8394307789069','24.909826306638944','2017-02-28 23:17:12',NULL),(1444,20,'91.8394307789069','24.909826306638944','2017-02-28 23:17:32',NULL),(1445,20,'91.8394307789069','24.909826306638944','2017-02-28 23:17:52',NULL),(1446,20,'91.8394307789069','24.909826306638944','2017-02-28 23:18:12',NULL),(1447,21,'0.0','0.0','2017-02-28 23:18:27',NULL),(1448,20,'91.8394307789069','24.909826306638944','2017-02-28 23:18:32',NULL),(1449,21,'91.87955864','25.16891176','2017-02-28 23:18:47',NULL),(1450,20,'91.8394307789069','24.909826306638944','2017-02-28 23:18:52',NULL),(1451,21,'91.8795838','25.16889905','2017-02-28 23:19:07',NULL),(1452,20,'91.8394307789069','24.909826306638944','2017-02-28 23:19:12',NULL),(1453,21,'91.87960895','25.16876645','2017-02-28 23:19:27',NULL),(1454,20,'91.8395275529156','24.90983524467442','2017-02-28 23:19:32',NULL),(1455,21,'91.87973042','25.16885886','2017-02-28 23:19:47',NULL),(1456,20,'91.8395275529156','24.90983524467442','2017-02-28 23:19:52',NULL),(1457,21,'91.87971701','25.16883399','2017-02-28 23:20:07',NULL),(1458,20,'91.83921039593787','24.909757504382398','2017-02-28 23:20:12',NULL),(1459,21,'91.87973982','25.16883209','2017-02-28 23:20:27',NULL),(1460,20,'91.8391838548732','24.909761483820866','2017-02-28 23:20:32',NULL),(1461,21,'91.87974432','25.16883371','2017-02-28 23:20:47',NULL),(1462,20,'91.8391838548732','24.909761483820866','2017-02-28 23:20:52',NULL),(1463,21,'91.8797674','25.16884866','2017-02-28 23:21:09',NULL),(1464,20,'91.83941789859689','24.90971867670663','2017-02-28 23:21:12',NULL),(1465,21,'91.87976685','25.16884873','2017-02-28 23:21:29',NULL),(1466,20,'91.83958665815214','24.910104902617952','2017-02-28 23:21:32',NULL),(1467,21,'91.87974296','25.16885178','2017-02-28 23:21:49',NULL),(1468,20,'91.8397420822725','24.910558488263923','2017-02-28 23:21:52',NULL),(1469,21,'91.8797437','25.16885449','2017-02-28 23:22:08',NULL),(1470,20,'91.83978080545893','24.911068051563372','2017-02-28 23:22:12',NULL),(1471,21,'91.879744','25.16885432','2017-02-28 23:22:28',NULL),(1472,20,'91.83931649982877','24.911573574369907','2017-02-28 23:22:32',NULL),(1473,21,'91.879744','25.16885509','2017-02-28 23:22:51',NULL),(1474,20,'91.83933569272271','24.91106795930452','2017-02-28 23:22:52',NULL),(1475,20,'91.8395142054972','24.909938871304337','2017-02-28 23:23:12',NULL),(1476,21,'91.87974212','25.16886856','2017-02-28 23:23:15',NULL),(1477,20,'91.8395142054972','24.909938871304337','2017-02-28 23:23:32',NULL),(1478,21,'91.87974246','25.16887607','2017-02-28 23:23:34',NULL),(1479,20,'91.8395142054972','24.909938871304337','2017-02-28 23:23:52',NULL),(1480,21,'91.87975238','25.16887774','2017-02-28 23:23:55',NULL),(1481,20,'91.8395142054972','24.909938871304337','2017-02-28 23:24:12',NULL),(1482,21,'91.87974318','25.16888989','2017-02-28 23:24:17',NULL),(1483,20,'91.8395142054972','24.909938871304337','2017-02-28 23:24:32',NULL),(1484,21,'91.8797432','25.16889','2017-02-28 23:24:35',NULL),(1485,20,'91.8395142054972','24.909938871304337','2017-02-28 23:24:52',NULL),(1486,21,'91.87974247','25.16889452','2017-02-28 23:24:55',NULL),(1487,20,'91.8395142054972','24.909938871304337','2017-02-28 23:25:12',NULL),(1488,21,'91.87973666','25.16887944','2017-02-28 23:25:14',NULL),(1489,20,'91.8395142054972','24.909938871304337','2017-02-28 23:25:32',NULL),(1490,21,'91.87973496','25.16888263','2017-02-28 23:25:36',NULL),(1491,20,'91.8395142054972','24.909938871304337','2017-02-28 23:25:52',NULL),(1492,21,'91.87974097','25.16889479','2017-02-28 23:25:55',NULL),(1493,20,'91.8395142054972','24.909938871304337','2017-02-28 23:26:12',NULL),(1494,21,'91.87974035','25.16889737','2017-02-28 23:26:15',NULL),(1495,20,'91.83944257238139','24.909784345122947','2017-02-28 23:26:32',NULL),(1496,21,'91.87974246','25.16889702','2017-02-28 23:26:35',NULL),(1497,20,'91.83944257238139','24.909784345122947','2017-02-28 23:26:52',NULL),(1498,21,'91.87973756','25.16889922','2017-02-28 23:26:55',NULL),(1499,20,'91.83944257238139','24.909784345122947','2017-02-28 23:27:12',NULL),(1500,21,'91.87973677','25.16890393','2017-02-28 23:27:15',NULL),(1501,20,'91.83944257238139','24.909784345122947','2017-02-28 23:27:32',NULL),(1502,20,'91.83944257238139','24.909784345122947','2017-02-28 23:27:52',NULL),(1503,20,'91.83944257238139','24.909784345122947','2017-02-28 23:28:12',NULL),(1504,20,'91.83944257238139','24.909784345122947','2017-02-28 23:28:32',NULL),(1505,20,'91.83944257238139','24.909784345122947','2017-02-28 23:28:52',NULL),(1506,20,'91.83944257238139','24.909784345122947','2017-02-28 23:29:12',NULL),(1507,20,'91.83944257238139','24.909784345122947','2017-02-28 23:29:32',NULL),(1508,20,'91.83944257238139','24.909784345122947','2017-02-28 23:29:52',NULL),(1509,20,'91.83944257238139','24.909784345122947','2017-02-28 23:30:12',NULL),(1510,20,'91.83944257238139','24.909784345122947','2017-02-28 23:30:32',NULL),(1511,20,'91.83944257238139','24.909784345122947','2017-02-28 23:30:52',NULL),(1512,20,'91.83944257238139','24.909784345122947','2017-02-28 23:31:12',NULL),(1513,20,'91.83944257238139','24.909784345122947','2017-02-28 23:31:32',NULL),(1514,20,'91.83944257238139','24.909784345122947','2017-02-28 23:31:52',NULL),(1515,20,'91.83944257238139','24.909784345122947','2017-02-28 23:32:12',NULL),(1516,20,'91.83944257238139','24.909784345122947','2017-02-28 23:32:32',NULL),(1517,20,'91.83944257238139','24.909784345122947','2017-02-28 23:32:52',NULL),(1518,20,'91.83944257238139','24.909784345122947','2017-02-28 23:33:12',NULL),(1519,20,'91.83944257238139','24.909784345122947','2017-02-28 23:33:33',NULL),(1520,20,'91.83944257238139','24.909784345122947','2017-02-28 23:33:53',NULL),(1521,20,'91.83944257238139','24.909784345122947','2017-02-28 23:34:13',NULL),(1522,20,'91.83944257238139','24.909784345122947','2017-02-28 23:34:33',NULL),(1523,20,'91.83944257238139','24.909784345122947','2017-02-28 23:34:53',NULL),(1524,20,'91.83944257238139','24.909784345122947','2017-02-28 23:35:13',NULL),(1525,20,'91.83944257238139','24.909784345122947','2017-02-28 23:35:33',NULL),(1526,20,'91.83944257238139','24.909784345122947','2017-02-28 23:35:53',NULL),(1527,20,'91.83944257238139','24.909784345122947','2017-02-28 23:36:13',NULL),(1528,20,'91.83944257238139','24.909784345122947','2017-02-28 23:36:33',NULL),(1529,20,'91.83944257238139','24.909784345122947','2017-02-28 23:36:53',NULL),(1530,20,'91.83944257238139','24.909784345122947','2017-02-28 23:37:13',NULL),(1531,20,'91.83944257238139','24.909784345122947','2017-02-28 23:37:33',NULL),(1532,20,'91.83944257238139','24.909784345122947','2017-02-28 23:37:53',NULL),(1533,20,'91.83944257238139','24.909784345122947','2017-02-28 23:38:13',NULL),(1534,20,'91.83944257238139','24.909784345122947','2017-02-28 23:38:33',NULL),(1535,20,'91.83944257238139','24.909784345122947','2017-02-28 23:38:53',NULL),(1536,20,'91.83944257238139','24.909784345122947','2017-02-28 23:39:13',NULL),(1537,20,'91.83944257238139','24.909784345122947','2017-02-28 23:39:33',NULL),(1538,20,'91.83944257238139','24.909784345122947','2017-02-28 23:39:53',NULL),(1539,20,'91.83944257238139','24.909784345122947','2017-02-28 23:40:13',NULL),(1540,20,'91.83944257238139','24.909784345122947','2017-02-28 23:40:33',NULL),(1541,20,'91.83944257238139','24.909784345122947','2017-02-28 23:40:53',NULL),(1542,20,'91.83944257238139','24.909784345122947','2017-02-28 23:41:13',NULL),(1543,20,'91.83944257238139','24.909784345122947','2017-02-28 23:41:33',NULL),(1544,20,'91.83944257238139','24.909784345122947','2017-02-28 23:41:53',NULL),(1545,20,'91.83944257238139','24.909784345122947','2017-02-28 23:42:13',NULL),(1546,20,'91.83944257238139','24.909784345122947','2017-02-28 23:42:33',NULL),(1547,20,'91.83944257238139','24.909784345122947','2017-02-28 23:42:53',NULL),(1548,20,'91.83944257238139','24.909784345122947','2017-02-28 23:43:13',NULL),(1549,20,'91.83944257238139','24.909784345122947','2017-02-28 23:43:33',NULL),(1550,20,'91.83944257238139','24.909784345122947','2017-02-28 23:43:53',NULL),(1551,20,'91.83944257238139','24.909784345122947','2017-02-28 23:44:13',NULL),(1552,20,'91.83944257238139','24.909784345122947','2017-02-28 23:44:33',NULL),(1553,20,'91.83944257238139','24.909784345122947','2017-02-28 23:44:53',NULL),(1554,20,'91.83944257238139','24.909784345122947','2017-02-28 23:45:13',NULL),(1555,20,'91.83944257238139','24.909784345122947','2017-02-28 23:45:33',NULL),(1556,20,'91.83944257238139','24.909784345122947','2017-02-28 23:45:53',NULL),(1557,20,'91.83944257238139','24.909784345122947','2017-02-28 23:46:13',NULL),(1558,20,'91.83944257238139','24.909784345122947','2017-02-28 23:46:33',NULL),(1559,20,'91.83944257238139','24.909784345122947','2017-02-28 23:46:53',NULL),(1560,20,'91.83944257238139','24.909784345122947','2017-02-28 23:47:13',NULL),(1561,20,'91.83944257238139','24.909784345122947','2017-02-28 23:47:33',NULL),(1562,20,'91.83944257238139','24.909784345122947','2017-02-28 23:47:53',NULL),(1563,20,'91.83944257238139','24.909784345122947','2017-02-28 23:48:13',NULL),(1564,20,'91.83944257238139','24.909784345122947','2017-02-28 23:48:33',NULL),(1565,20,'91.83944257238139','24.909784345122947','2017-02-28 23:48:53',NULL),(1566,20,'91.83944257238139','24.909784345122947','2017-02-28 23:49:13',NULL),(1567,20,'91.83944257238139','24.909784345122947','2017-02-28 23:49:33',NULL),(1568,20,'91.83944257238139','24.909784345122947','2017-02-28 23:49:53',NULL),(1569,20,'91.83944257238139','24.909784345122947','2017-02-28 23:50:13',NULL),(1570,20,'91.83944257238139','24.909784345122947','2017-02-28 23:50:33',NULL),(1571,20,'91.83944257238139','24.909784345122947','2017-02-28 23:50:53',NULL),(1572,20,'91.83944257238139','24.909784345122947','2017-02-28 23:51:13',NULL),(1573,20,'91.83944257238139','24.909784345122947','2017-02-28 23:51:33',NULL),(1574,20,'91.83944257238139','24.909784345122947','2017-02-28 23:51:53',NULL),(1575,20,'91.83944257238139','24.909784345122947','2017-02-28 23:52:13',NULL),(1576,20,'91.83944257238139','24.909784345122947','2017-02-28 23:52:33',NULL),(1577,20,'91.83944257238139','24.909784345122947','2017-02-28 23:52:53',NULL),(1578,20,'91.83944257238139','24.909784345122947','2017-02-28 23:53:13',NULL),(1579,20,'91.83944257238139','24.909784345122947','2017-02-28 23:53:33',NULL),(1580,20,'91.83944257238139','24.909784345122947','2017-02-28 23:53:53',NULL),(1581,20,'91.83944257238139','24.909784345122947','2017-02-28 23:54:13',NULL),(1582,20,'91.83944257238139','24.909784345122947','2017-02-28 23:54:33',NULL),(1583,20,'91.83944257238139','24.909784345122947','2017-02-28 23:54:53',NULL),(1584,20,'91.83944257238139','24.909784345122947','2017-02-28 23:55:13',NULL),(1585,20,'91.83944257238139','24.909784345122947','2017-02-28 23:55:33',NULL),(1586,20,'91.83944257238139','24.909784345122947','2017-02-28 23:55:53',NULL),(1587,20,'91.83944257238139','24.909784345122947','2017-02-28 23:56:13',NULL),(1588,20,'91.83944257238139','24.909784345122947','2017-02-28 23:56:33',NULL),(1589,20,'91.83944257238139','24.909784345122947','2017-02-28 23:56:53',NULL),(1590,20,'91.83944257238139','24.909784345122947','2017-02-28 23:57:13',NULL),(1591,20,'91.83944257238139','24.909784345122947','2017-02-28 23:57:33',NULL),(1592,20,'91.83944257238139','24.909784345122947','2017-02-28 23:57:53',NULL),(1593,20,'91.83944257238139','24.909784345122947','2017-02-28 23:58:13',NULL),(1594,20,'91.83944257238139','24.909784345122947','2017-02-28 23:58:33',NULL),(1595,20,'91.83944257238139','24.909784345122947','2017-02-28 23:58:53',NULL),(1596,20,'91.83944257238139','24.909784345122947','2017-02-28 23:59:13',NULL),(1597,20,'91.83944257238139','24.909784345122947','2017-02-28 23:59:33',NULL),(1598,20,'91.83944257238139','24.909784345122947','2017-02-28 23:59:53',NULL),(1599,20,'91.83944257238139','24.909784345122947','2017-03-01 00:00:13',NULL),(1600,20,'91.83944257238139','24.909784345122947','2017-03-01 00:00:33',NULL),(1601,20,'91.83944257238139','24.909784345122947','2017-03-01 00:00:53',NULL),(1602,20,'91.83944257238139','24.909784345122947','2017-03-01 00:01:13',NULL),(1603,20,'91.83944257238139','24.909784345122947','2017-03-01 00:01:33',NULL),(1604,20,'91.83944257238139','24.909784345122947','2017-03-01 00:01:53',NULL),(1605,20,'91.83944257238139','24.909784345122947','2017-03-01 00:02:13',NULL),(1606,20,'91.83944257238139','24.909784345122947','2017-03-01 00:02:33',NULL),(1607,20,'91.83944257238139','24.909784345122947','2017-03-01 00:02:53',NULL),(1608,20,'91.83944257238139','24.909784345122947','2017-03-01 00:03:13',NULL),(1609,20,'91.83944257238139','24.909784345122947','2017-03-01 00:03:33',NULL),(1610,20,'91.83944257238139','24.909784345122947','2017-03-01 00:03:53',NULL),(1611,20,'91.83944257238139','24.909784345122947','2017-03-01 00:04:13',NULL),(1612,20,'91.83944257238139','24.909784345122947','2017-03-01 00:04:33',NULL),(1613,20,'91.83944257238139','24.909784345122947','2017-03-01 00:04:53',NULL),(1614,20,'91.83944257238139','24.909784345122947','2017-03-01 00:05:13',NULL),(1615,20,'91.83944257238139','24.909784345122947','2017-03-01 00:05:33',NULL),(1616,20,'91.83944257238139','24.909784345122947','2017-03-01 00:05:53',NULL),(1617,20,'91.83944257238139','24.909784345122947','2017-03-01 00:06:13',NULL),(1618,20,'91.83944257238139','24.909784345122947','2017-03-01 00:06:33',NULL),(1619,20,'91.83944257238139','24.909784345122947','2017-03-01 00:06:53',NULL),(1620,20,'91.83944257238139','24.909784345122947','2017-03-01 00:07:13',NULL),(1621,20,'91.83944257238139','24.909784345122947','2017-03-01 00:07:34',NULL),(1622,20,'91.83944257238139','24.909784345122947','2017-03-01 00:07:54',NULL),(1623,20,'91.83944257238139','24.909784345122947','2017-03-01 00:08:14',NULL),(1624,20,'91.83944257238139','24.909784345122947','2017-03-01 00:08:34',NULL),(1625,20,'91.83944257238139','24.909784345122947','2017-03-01 00:08:54',NULL),(1626,20,'91.83944257238139','24.909784345122947','2017-03-01 00:09:14',NULL),(1627,20,'91.83944257238139','24.909784345122947','2017-03-01 00:09:34',NULL),(1628,20,'91.83944257238139','24.909784345122947','2017-03-01 00:09:54',NULL),(1629,20,'91.83944257238139','24.909784345122947','2017-03-01 00:10:14',NULL),(1630,20,'91.83944257238139','24.909784345122947','2017-03-01 00:10:34',NULL),(1631,20,'91.83944257238139','24.909784345122947','2017-03-01 00:10:54',NULL),(1632,20,'91.83944257238139','24.909784345122947','2017-03-01 00:11:14',NULL),(1633,20,'91.83944257238139','24.909784345122947','2017-03-01 00:11:34',NULL),(1634,20,'91.83944257238139','24.909784345122947','2017-03-01 00:11:54',NULL),(1635,20,'91.83944257238139','24.909784345122947','2017-03-01 00:12:14',NULL),(1636,20,'91.83944257238139','24.909784345122947','2017-03-01 00:12:34',NULL),(1637,20,'91.83944257238139','24.909784345122947','2017-03-01 00:12:54',NULL),(1638,20,'91.83944257238139','24.909784345122947','2017-03-01 00:13:14',NULL),(1639,20,'91.83944257238139','24.909784345122947','2017-03-01 00:13:34',NULL),(1640,20,'91.83944257238139','24.909784345122947','2017-03-01 00:13:54',NULL),(1641,20,'91.83944257238139','24.909784345122947','2017-03-01 00:14:14',NULL),(1642,20,'91.83944257238139','24.909784345122947','2017-03-01 00:14:34',NULL),(1643,20,'91.83944257238139','24.909784345122947','2017-03-01 00:14:54',NULL),(1644,20,'91.83944257238139','24.909784345122947','2017-03-01 00:15:14',NULL),(1645,20,'91.83944257238139','24.909784345122947','2017-03-01 00:15:34',NULL),(1646,20,'91.83944257238139','24.909784345122947','2017-03-01 00:15:54',NULL),(1647,20,'91.83944257238139','24.909784345122947','2017-03-01 00:16:14',NULL),(1648,20,'91.83944257238139','24.909784345122947','2017-03-01 00:16:34',NULL),(1649,20,'91.83944257238139','24.909784345122947','2017-03-01 00:16:54',NULL),(1650,20,'91.83944257238139','24.909784345122947','2017-03-01 00:17:14',NULL),(1651,20,'91.83944257238139','24.909784345122947','2017-03-01 00:17:34',NULL),(1652,20,'91.83944257238139','24.909784345122947','2017-03-01 00:17:54',NULL),(1653,20,'91.83944257238139','24.909784345122947','2017-03-01 00:18:14',NULL),(1654,20,'91.83944257238139','24.909784345122947','2017-03-01 00:18:34',NULL),(1655,20,'91.83944257238139','24.909784345122947','2017-03-01 00:18:54',NULL),(1656,20,'91.83944257238139','24.909784345122947','2017-03-01 00:19:14',NULL),(1657,20,'91.83944257238139','24.909784345122947','2017-03-01 00:19:34',NULL),(1658,20,'91.83944257238139','24.909784345122947','2017-03-01 00:19:54',NULL),(1659,20,'91.83944257238139','24.909784345122947','2017-03-01 00:20:14',NULL),(1660,20,'91.83944257238139','24.909784345122947','2017-03-01 00:20:34',NULL),(1661,20,'91.83944257238139','24.909784345122947','2017-03-01 00:20:54',NULL),(1662,20,'91.83944257238139','24.909784345122947','2017-03-01 00:21:14',NULL),(1663,20,'91.83944257238139','24.909784345122947','2017-03-01 00:21:34',NULL),(1664,20,'91.83944257238139','24.909784345122947','2017-03-01 00:21:54',NULL),(1665,20,'91.83944257238139','24.909784345122947','2017-03-01 00:22:14',NULL),(1666,20,'91.83944257238139','24.909784345122947','2017-03-01 00:22:34',NULL),(1667,20,'91.83944257238139','24.909784345122947','2017-03-01 00:22:54',NULL),(1668,20,'91.83944257238139','24.909784345122947','2017-03-01 00:23:14',NULL),(1669,20,'91.83944257238139','24.909784345122947','2017-03-01 00:23:34',NULL),(1670,20,'91.83944257238139','24.909784345122947','2017-03-01 00:23:54',NULL),(1671,20,'91.83944257238139','24.909784345122947','2017-03-01 00:24:14',NULL),(1672,20,'91.83944257238139','24.909784345122947','2017-03-01 00:24:34',NULL),(1673,20,'91.83944257238139','24.909784345122947','2017-03-01 00:24:54',NULL),(1674,20,'91.83944257238139','24.909784345122947','2017-03-01 00:25:14',NULL),(1675,20,'91.83944257238139','24.909784345122947','2017-03-01 00:25:34',NULL),(1676,20,'91.83944257238139','24.909784345122947','2017-03-01 00:25:54',NULL),(1677,20,'91.83944257238139','24.909784345122947','2017-03-01 00:26:14',NULL),(1678,20,'91.83944257238139','24.909784345122947','2017-03-01 00:26:34',NULL),(1679,20,'91.83944257238139','24.909784345122947','2017-03-01 00:26:54',NULL),(1680,20,'91.83944257238139','24.909784345122947','2017-03-01 00:27:14',NULL),(1681,20,'91.83944257238139','24.909784345122947','2017-03-01 00:27:34',NULL),(1682,20,'91.83944257238139','24.909784345122947','2017-03-01 00:27:54',NULL),(1683,20,'91.83944257238139','24.909784345122947','2017-03-01 00:28:14',NULL),(1684,20,'91.83944257238139','24.909784345122947','2017-03-01 00:28:34',NULL),(1685,20,'91.83944257238139','24.909784345122947','2017-03-01 00:28:54',NULL),(1686,20,'91.83944257238139','24.909784345122947','2017-03-01 00:29:14',NULL),(1687,20,'91.83944257238139','24.909784345122947','2017-03-01 00:29:34',NULL),(1688,20,'91.83944257238139','24.909784345122947','2017-03-01 00:29:54',NULL),(1689,20,'91.83944257238139','24.909784345122947','2017-03-01 00:30:14',NULL),(1690,20,'91.83944257238139','24.909784345122947','2017-03-01 00:30:34',NULL),(1691,20,'91.83944257238139','24.909784345122947','2017-03-01 00:30:54',NULL),(1692,20,'91.83944257238139','24.909784345122947','2017-03-01 00:31:14',NULL),(1693,20,'91.83944257238139','24.909784345122947','2017-03-01 00:31:34',NULL),(1694,20,'91.83944257238139','24.909784345122947','2017-03-01 00:31:54',NULL),(1695,20,'91.83944257238139','24.909784345122947','2017-03-01 00:32:14',NULL),(1696,20,'91.83944257238139','24.909784345122947','2017-03-01 00:32:34',NULL),(1697,20,'91.83944257238139','24.909784345122947','2017-03-01 00:32:54',NULL),(1698,20,'91.83944257238139','24.909784345122947','2017-03-01 00:33:14',NULL),(1699,20,'91.83944257238139','24.909784345122947','2017-03-01 00:33:34',NULL),(1700,20,'91.83944257238139','24.909784345122947','2017-03-01 00:33:54',NULL),(1701,20,'91.83944257238139','24.909784345122947','2017-03-01 00:34:14',NULL),(1702,20,'91.83944257238139','24.909784345122947','2017-03-01 00:34:34',NULL),(1703,20,'91.83944257238139','24.909784345122947','2017-03-01 00:34:54',NULL),(1704,20,'91.83944257238139','24.909784345122947','2017-03-01 00:35:14',NULL),(1705,20,'91.83944257238139','24.909784345122947','2017-03-01 00:35:34',NULL),(1706,20,'91.83944257238139','24.909784345122947','2017-03-01 00:35:54',NULL),(1707,20,'91.83944257238139','24.909784345122947','2017-03-01 00:36:14',NULL),(1708,20,'91.83944257238139','24.909784345122947','2017-03-01 00:36:34',NULL),(1709,20,'91.83944257238139','24.909784345122947','2017-03-01 00:36:54',NULL),(1710,20,'91.83944257238139','24.909784345122947','2017-03-01 00:37:14',NULL),(1711,20,'91.83944257238139','24.909784345122947','2017-03-01 00:37:34',NULL),(1712,20,'91.83944257238139','24.909784345122947','2017-03-01 00:37:54',NULL),(1713,20,'91.83944257238139','24.909784345122947','2017-03-01 00:38:14',NULL),(1714,20,'91.83944257238139','24.909784345122947','2017-03-01 00:38:34',NULL),(1715,20,'91.83944257238139','24.909784345122947','2017-03-01 00:38:54',NULL),(1716,20,'91.83944257238139','24.909784345122947','2017-03-01 00:39:15',NULL),(1717,24,'0.0','0.0','2017-03-01 01:52:29',NULL),(1718,24,'91.9328688','25.1565856','2017-03-01 01:52:49',NULL),(1719,24,'91.92910562926347','25.17421408279231','2017-03-01 01:53:09',NULL),(1720,24,'91.92894858699745','25.174415557363478','2017-03-01 01:53:41',NULL),(1721,24,'91.92882794390279','25.17445131363469','2017-03-01 01:53:49',NULL),(1722,24,'91.92879881043572','25.174513967252285','2017-03-01 01:54:09',NULL),(1723,24,'91.92878941267762','25.174513622986165','2017-03-01 01:54:29',NULL),(1724,24,'91.92881777760638','25.17454525630112','2017-03-01 01:54:57',NULL),(1725,24,'91.92881777760638','25.17454525630112','2017-03-01 01:55:33',NULL),(1726,24,'91.92880625683948','25.17455488973848','2017-03-01 01:55:37',NULL),(1727,24,'91.92881297217245','25.1745492647102','2017-03-01 01:55:39',NULL),(1728,24,'91.92879250495085','25.174540513373262','2017-03-01 01:55:49',NULL),(1729,24,'91.92878585802659','25.17453085170429','2017-03-01 01:56:09',NULL),(1730,24,'91.92877589685175','25.174522121756283','2017-03-01 01:56:32',NULL),(1731,24,'91.92877127113243','25.174504110627737','2017-03-01 01:56:49',NULL),(1732,24,'91.9287712686322','25.174504083259738','2017-03-01 01:57:24',NULL),(1733,24,'91.9287712686322','25.174504083259738','2017-03-01 01:57:29',NULL),(1734,24,'91.92877051787961','25.174499267386572','2017-03-01 01:58:19',NULL),(1735,24,'91.92876849379165','25.174504010954013','2017-03-01 01:58:20',NULL),(1736,24,'91.9287633841044','25.174516355567846','2017-03-01 01:58:29',NULL),(1737,24,'91.92876019889079','25.174518174410487','2017-03-01 01:58:49',NULL),(1738,24,'91.92875166818348','25.17451935284925','2017-03-01 01:59:33',NULL),(1739,9,'91.95352716801546','24.91265926840755','2017-03-01 03:05:21',NULL),(1740,21,'0.0','0.0','2017-03-01 05:14:37',NULL),(1741,21,'91.8881454','25.1637974','2017-03-01 05:14:57',NULL),(1742,21,'91.87966266','25.16887304','2017-03-01 05:15:18',NULL),(1743,21,'91.87971694','25.16885413','2017-03-01 05:15:37',NULL),(1744,21,'91.87976714','25.16881606','2017-03-01 05:15:57',NULL),(1745,21,'91.87981213','25.16881567','2017-03-01 05:16:17',NULL),(1746,21,'91.87982438','25.16881764','2017-03-01 05:16:37',NULL),(1747,21,'91.87982612','25.16882611','2017-03-01 05:16:57',NULL),(1748,21,'91.87982463','25.16882849','2017-03-01 05:17:16',NULL),(1749,5,'90.38722043','23.76475385','2017-03-01 06:54:54',NULL),(1750,7,'90.38722043','23.76475385','2017-03-01 06:55:25',NULL),(1751,7,'90.38722043','23.76475385','2017-03-01 06:55:55',NULL),(1752,7,'90.38722043','23.76475385','2017-03-01 06:56:25',NULL),(1753,7,'90.38722043','23.76475385','2017-03-01 06:56:55',NULL),(1754,7,'90.38722043','23.76475385','2017-03-01 07:21:55',NULL),(1755,7,'90.38722043','23.76475385','2017-03-01 07:22:25',NULL),(1756,7,'90.38722043','23.76475385','2017-03-01 07:22:55',NULL),(1757,7,'90.38722043','23.76475385','2017-03-01 07:23:25',NULL),(1758,7,'90.38722043','23.76475385','2017-03-01 07:23:55',NULL),(1759,7,'90.38722043','23.76475385','2017-03-01 07:24:26',NULL),(1760,7,'90.38722043','23.76475385','2017-03-01 07:24:56',NULL),(1761,7,'90.38722043','23.76475385','2017-03-01 07:25:26',NULL),(1762,7,'90.38722043','23.76475385','2017-03-01 07:25:56',NULL),(1763,7,'90.38722043','23.76475385','2017-03-01 07:26:26',NULL),(1764,7,'90.38722043','23.76475385','2017-03-01 07:26:56',NULL),(1765,7,'90.38722043','23.76475385','2017-03-01 07:27:26',NULL),(1766,7,'90.38722043','23.76475385','2017-03-01 07:27:56',NULL),(1767,7,'90.38722043','23.76475385','2017-03-01 07:28:26',NULL),(1768,7,'90.38722043','23.76475385','2017-03-01 07:28:56',NULL),(1769,7,'90.38722043','23.76475385','2017-03-01 07:29:26',NULL),(1770,7,'90.38722043','23.76475385','2017-03-01 07:29:56',NULL),(1771,7,'90.38722043','23.76475385','2017-03-01 07:30:26',NULL),(1772,7,'90.38722043','23.76475385','2017-03-01 07:30:56',NULL),(1773,7,'90.38722043','23.76475385','2017-03-01 07:31:26',NULL),(1774,7,'90.38722043','23.76475385','2017-03-01 07:31:56',NULL),(1775,7,'90.38722043','23.76475385','2017-03-01 07:32:26',NULL),(1776,7,'90.38722043','23.76475385','2017-03-01 07:32:56',NULL),(1777,7,'90.38722043','23.76475385','2017-03-01 07:33:26',NULL),(1778,7,'90.38722043','23.76475385','2017-03-01 07:33:56',NULL),(1779,7,'90.38722043','23.76475385','2017-03-01 07:34:26',NULL),(1780,7,'90.38722043','23.76475385','2017-03-01 07:34:56',NULL),(1781,7,'90.38722043','23.76475385','2017-03-01 07:35:26',NULL),(1782,7,'90.38722043','23.76475385','2017-03-01 07:35:56',NULL),(1783,7,'90.38722043','23.76475385','2017-03-01 07:36:26',NULL),(1784,7,'90.38722043','23.76475385','2017-03-01 07:36:56',NULL),(1785,7,'90.38722043','23.76475385','2017-03-01 07:37:27',NULL),(1786,7,'90.38722043','23.76475385','2017-03-01 07:38:08',NULL),(1787,7,'90.38722043','23.76475385','2017-03-01 07:38:39',NULL),(1788,7,'90.38722043','23.76475385','2017-03-01 07:39:09',NULL),(1789,7,'90.38722043','23.76475385','2017-03-01 07:39:39',NULL),(1790,7,'90.38722043','23.76475385','2017-03-01 07:40:09',NULL),(1791,7,'90.38722043','23.76475385','2017-03-01 07:40:39',NULL),(1792,7,'90.38722043','23.76475385','2017-03-01 07:41:09',NULL),(1793,7,'90.38722043','23.76475385','2017-03-01 07:41:39',NULL),(1794,7,'90.38722043','23.76475385','2017-03-01 07:42:09',NULL),(1795,7,'90.38722043','23.76475385','2017-03-01 07:42:39',NULL),(1796,7,'90.38722043','23.76475385','2017-03-01 07:43:09',NULL),(1797,7,'90.38722043','23.76475385','2017-03-01 07:43:42',NULL),(1798,7,'90.38722043','23.76475385','2017-03-01 07:44:09',NULL),(1799,7,'90.38722043','23.76475385','2017-03-01 07:44:39',NULL),(1800,7,'90.38722043','23.76475385','2017-03-01 07:45:09',NULL),(1801,7,'90.38722043','23.76475385','2017-03-01 07:45:39',NULL),(1802,7,'90.38722043','23.76475385','2017-03-01 07:46:09',NULL),(1803,7,'90.38722043','23.76475385','2017-03-01 07:46:39',NULL),(1804,7,'90.38722043','23.76475385','2017-03-01 07:47:09',NULL),(1805,7,'90.38722043','23.76475385','2017-03-01 07:47:39',NULL),(1806,7,'90.38722043','23.76475385','2017-03-01 07:48:09',NULL),(1807,7,'90.38722043','23.76475385','2017-03-01 07:48:39',NULL),(1808,7,'90.38722043','23.76475385','2017-03-01 07:49:09',NULL),(1809,7,'90.38722043','23.76475385','2017-03-01 07:49:39',NULL),(1810,7,'90.38722043','23.76475385','2017-03-01 07:50:09',NULL),(1811,7,'90.38722043','23.76475385','2017-03-01 07:50:39',NULL),(1812,7,'90.38722043','23.76475385','2017-03-01 07:51:09',NULL),(1813,7,'90.38722043','23.76475385','2017-03-01 07:51:39',NULL),(1814,7,'90.38722043','23.76475385','2017-03-01 07:52:09',NULL),(1815,7,'90.38722043','23.76475385','2017-03-01 07:52:39',NULL),(1816,7,'90.38722043','23.76475385','2017-03-01 07:53:09',NULL),(1817,7,'90.38722043','23.76475385','2017-03-01 07:53:39',NULL),(1818,7,'90.38722043','23.76475385','2017-03-01 07:54:09',NULL),(1819,7,'90.38722043','23.76475385','2017-03-01 07:54:40',NULL),(1820,7,'90.38722043','23.76475385','2017-03-01 07:55:10',NULL),(1821,7,'90.38722043','23.76475385','2017-03-01 07:55:40',NULL),(1822,7,'90.38722043','23.76475385','2017-03-01 07:56:10',NULL),(1823,7,'90.38722043','23.76475385','2017-03-01 07:56:40',NULL),(1824,7,'90.38722043','23.76475385','2017-03-01 07:57:10',NULL),(1825,7,'90.38722043','23.76475385','2017-03-01 07:57:40',NULL),(1826,7,'90.38722043','23.76475385','2017-03-01 07:58:10',NULL),(1827,7,'90.38722043','23.76475385','2017-03-01 07:58:43',NULL),(1828,7,'90.38722043','23.76475385','2017-03-01 07:59:10',NULL),(1829,7,'90.38722043','23.76475385','2017-03-01 07:59:40',NULL),(1830,7,'90.38722043','23.76475385','2017-03-01 08:00:10',NULL),(1831,7,'90.38722043','23.76475385','2017-03-01 08:00:40',NULL),(1832,7,'90.38722043','23.76475385','2017-03-01 08:01:10',NULL),(1833,7,'90.38722043','23.76475385','2017-03-01 08:01:40',NULL),(1834,7,'90.38722043','23.76475385','2017-03-01 08:02:10',NULL),(1835,7,'90.38722043','23.76475385','2017-03-01 08:02:40',NULL),(1836,7,'90.38722043','23.76475385','2017-03-01 08:03:10',NULL),(1837,7,'90.38722043','23.76475385','2017-03-01 08:03:40',NULL),(1838,7,'90.38722043','23.76475385','2017-03-01 08:04:10',NULL),(1839,7,'90.38722043','23.76475385','2017-03-01 08:04:40',NULL),(1840,7,'90.38722043','23.76475385','2017-03-01 08:05:10',NULL),(1841,7,'90.38722043','23.76475385','2017-03-01 08:05:40',NULL),(1842,7,'90.38722043','23.76475385','2017-03-01 08:06:10',NULL),(1843,7,'90.38722043','23.76475385','2017-03-01 08:06:40',NULL),(1844,7,'90.38722043','23.76475385','2017-03-01 08:07:10',NULL),(1845,7,'90.38722043','23.76475385','2017-03-01 08:07:40',NULL),(1846,7,'90.38722043','23.76475385','2017-03-01 08:08:10',NULL),(1847,7,'90.38722043','23.76475385','2017-03-01 08:08:40',NULL),(1848,7,'90.38722043','23.76475385','2017-03-01 08:09:10',NULL),(1849,7,'90.38722043','23.76475385','2017-03-01 08:09:40',NULL),(1850,7,'90.38722043','23.76475385','2017-03-01 08:10:10',NULL),(1851,7,'90.38722043','23.76475385','2017-03-01 08:10:40',NULL),(1852,7,'90.38722043','23.76475385','2017-03-01 08:11:10',NULL),(1853,7,'90.38722043','23.76475385','2017-03-01 08:11:40',NULL),(1854,7,'90.38722043','23.76475385','2017-03-01 08:12:15',NULL),(1855,7,'90.38722043','23.76475385','2017-03-01 08:12:45',NULL),(1856,7,'90.38722043','23.76475385','2017-03-01 08:13:16',NULL),(1857,7,'90.38722043','23.76475385','2017-03-01 08:13:46',NULL),(1858,7,'90.38722043','23.76475385','2017-03-01 08:14:16',NULL),(1859,7,'90.38722043','23.76475385','2017-03-01 08:14:46',NULL),(1860,7,'90.38722043','23.76475385','2017-03-01 08:15:16',NULL),(1861,7,'90.38722043','23.76475385','2017-03-01 08:15:46',NULL),(1862,7,'90.38722043','23.76475385','2017-03-01 08:16:16',NULL),(1863,7,'90.38722043','23.76475385','2017-03-01 08:16:46',NULL),(1864,7,'90.38722043','23.76475385','2017-03-01 08:17:16',NULL),(1865,7,'90.38722043','23.76475385','2017-03-01 08:17:46',NULL),(1866,7,'90.38722043','23.76475385','2017-03-01 08:18:16',NULL),(1867,7,'90.38722043','23.76475385','2017-03-01 08:18:46',NULL),(1868,7,'90.38722043','23.76475385','2017-03-01 08:19:16',NULL),(1869,7,'90.38722043','23.76475385','2017-03-01 08:19:46',NULL),(1870,7,'90.38722043','23.76475385','2017-03-01 08:20:16',NULL),(1871,7,'90.38722043','23.76475385','2017-03-01 08:20:46',NULL),(1872,7,'90.38722043','23.76475385','2017-03-01 08:21:16',NULL),(1873,7,'90.38722043','23.76475385','2017-03-01 08:21:49',NULL),(1874,7,'90.38722043','23.76475385','2017-03-01 08:22:16',NULL),(1875,7,'90.38722043','23.76475385','2017-03-01 08:22:46',NULL),(1876,7,'90.38722043','23.76475385','2017-03-01 08:23:16',NULL),(1877,7,'90.38722043','23.76475385','2017-03-01 08:23:46',NULL),(1878,7,'90.38722043','23.76475385','2017-03-01 08:24:16',NULL),(1879,7,'90.38722043','23.76475385','2017-03-01 08:24:46',NULL),(1880,7,'90.38722043','23.76475385','2017-03-01 08:25:16',NULL),(1881,7,'90.38722043','23.76475385','2017-03-01 08:25:46',NULL),(1882,7,'90.38722043','23.76475385','2017-03-01 08:26:16',NULL),(1883,7,'90.38722043','23.76475385','2017-03-01 08:26:46',NULL),(1884,7,'90.38722043','23.76475385','2017-03-01 08:27:16',NULL),(1885,7,'90.38722043','23.76475385','2017-03-01 08:27:46',NULL),(1886,7,'90.38722043','23.76475385','2017-03-01 08:28:16',NULL),(1887,7,'90.38722043','23.76475385','2017-03-01 08:28:46',NULL),(1888,7,'90.38722043','23.76475385','2017-03-01 08:29:16',NULL),(1889,7,'90.38722043','23.76475385','2017-03-01 08:29:46',NULL),(1890,7,'90.38722043','23.76475385','2017-03-01 08:32:50',NULL),(1891,7,'90.38722043','23.76475385','2017-03-01 08:32:50',NULL),(1892,7,'90.38722043','23.76475385','2017-03-01 08:33:17',NULL),(1893,7,'90.38722043','23.76475385','2017-03-01 08:33:47',NULL),(1894,7,'90.38722043','23.76475385','2017-03-01 08:34:17',NULL),(1895,7,'90.38722043','23.76475385','2017-03-01 08:34:47',NULL),(1896,7,'90.38722043','23.76475385','2017-03-01 08:35:17',NULL),(1897,7,'90.38722043','23.76475385','2017-03-01 08:35:47',NULL),(1898,7,'90.38722043','23.76475385','2017-03-01 08:36:17',NULL),(1899,7,'90.38722043','23.76475385','2017-03-01 08:36:47',NULL),(1900,7,'90.38722043','23.76475385','2017-03-01 08:37:17',NULL),(1901,7,'90.38722043','23.76475385','2017-03-01 08:37:47',NULL),(1902,7,'90.38722043','23.76475385','2017-03-01 08:38:17',NULL),(1903,7,'90.38722043','23.76475385','2017-03-01 08:38:47',NULL),(1904,7,'90.38722043','23.76475385','2017-03-01 08:39:17',NULL),(1905,7,'90.38722043','23.76475385','2017-03-01 08:39:47',NULL),(1906,7,'90.38722043','23.76475385','2017-03-01 08:40:17',NULL),(1907,7,'90.38722043','23.76475385','2017-03-01 08:40:47',NULL),(1908,7,'90.38722043','23.76475385','2017-03-01 08:41:17',NULL),(1909,7,'90.38722043','23.76475385','2017-03-01 08:41:47',NULL),(1910,7,'90.38722043','23.76475385','2017-03-01 08:42:17',NULL),(1911,7,'90.38722043','23.76475385','2017-03-01 08:42:47',NULL),(1912,7,'90.38722043','23.76475385','2017-03-01 08:43:17',NULL),(1913,7,'90.38722043','23.76475385','2017-03-01 08:43:48',NULL),(1914,7,'90.38722043','23.76475385','2017-03-01 08:44:23',NULL),(1915,7,'90.38722043','23.76475385','2017-03-01 08:44:53',NULL),(1916,7,'90.38722043','23.76475385','2017-03-01 08:45:23',NULL),(1917,7,'90.38722043','23.76475385','2017-03-01 08:45:53',NULL),(1918,7,'90.38722043','23.76475385','2017-03-01 08:46:23',NULL),(1919,7,'90.38722043','23.76475385','2017-03-01 08:46:53',NULL),(1920,7,'90.38722043','23.76475385','2017-03-01 08:47:23',NULL),(1921,7,'90.38722043','23.76475385','2017-03-01 08:47:53',NULL),(1922,7,'90.38722043','23.76475385','2017-03-01 08:48:23',NULL),(1923,7,'90.38722043','23.76475385','2017-03-01 08:48:53',NULL),(1924,7,'90.38722043','23.76475385','2017-03-01 08:49:23',NULL),(1925,7,'90.38722043','23.76475385','2017-03-01 08:49:53',NULL),(1926,7,'90.38722043','23.76475385','2017-03-01 08:50:23',NULL),(1927,7,'90.38722043','23.76475385','2017-03-01 08:50:53',NULL),(1928,7,'90.38722043','23.76475385','2017-03-01 08:51:23',NULL),(1929,7,'90.38722043','23.76475385','2017-03-01 08:51:53',NULL),(1930,7,'90.38722043','23.76475385','2017-03-01 08:52:23',NULL),(1931,7,'90.38722043','23.76475385','2017-03-01 08:52:53',NULL),(1932,7,'90.38722043','23.76475385','2017-03-01 08:53:23',NULL),(1933,7,'90.38722043','23.76475385','2017-03-01 08:53:40',NULL),(1934,7,'90.38722043','23.76475385','2017-03-01 08:54:10',NULL),(1935,7,'90.38722043','23.76475385','2017-03-01 08:54:40',NULL),(1936,7,'90.38722043','23.76475385','2017-03-01 08:55:10',NULL),(1937,7,'90.38722043','23.76475385','2017-03-01 08:55:41',NULL),(1938,7,'90.38722043','23.76475385','2017-03-01 08:56:11',NULL),(1939,7,'90.38722043','23.76475385','2017-03-01 08:56:41',NULL),(1940,7,'90.38722043','23.76475385','2017-03-01 08:57:11',NULL),(1941,7,'90.38722043','23.76475385','2017-03-01 08:57:41',NULL),(1942,7,'90.38722043','23.76475385','2017-03-01 08:58:11',NULL),(1943,7,'90.38722043','23.76475385','2017-03-01 08:58:41',NULL),(1944,7,'90.38722043','23.76475385','2017-03-01 08:59:11',NULL),(1945,7,'90.38722043','23.76475385','2017-03-01 08:59:41',NULL),(1946,7,'90.38722043','23.76475385','2017-03-01 09:00:11',NULL),(1947,7,'90.38722043','23.76475385','2017-03-01 09:00:41',NULL),(1948,7,'90.38722043','23.76475385','2017-03-01 09:01:11',NULL),(1949,7,'90.38722043','23.76475385','2017-03-01 09:01:41',NULL),(1950,7,'90.38722043','23.76475385','2017-03-01 09:02:11',NULL),(1951,7,'90.38722043','23.76475385','2017-03-01 09:02:41',NULL),(1952,7,'90.38722043','23.76475385','2017-03-01 09:03:11',NULL),(1953,7,'90.38722043','23.76475385','2017-03-01 09:03:41',NULL),(1954,7,'90.38722043','23.76475385','2017-03-01 09:04:11',NULL),(1955,7,'90.38722043','23.76475385','2017-03-01 09:04:41',NULL),(1956,7,'90.38722043','23.76475385','2017-03-01 09:05:11',NULL),(1957,7,'90.38722043','23.76475385','2017-03-01 09:05:41',NULL),(1958,7,'90.38722043','23.76475385','2017-03-01 09:06:11',NULL),(1959,7,'90.38722043','23.76475385','2017-03-01 09:06:41',NULL),(1960,7,'90.38722043','23.76475385','2017-03-01 09:07:14',NULL),(1961,7,'90.38722043','23.76475385','2017-03-01 09:07:41',NULL),(1962,7,'90.38722043','23.76475385','2017-03-01 09:08:11',NULL),(1963,7,'90.38722043','23.76475385','2017-03-01 09:08:41',NULL),(1964,7,'90.38722043','23.76475385','2017-03-01 09:09:11',NULL),(1965,7,'90.38722043','23.76475385','2017-03-01 09:09:41',NULL),(1966,7,'90.38722043','23.76475385','2017-03-01 09:10:11',NULL),(1967,7,'90.38722043','23.76475385','2017-03-01 09:10:41',NULL),(1968,7,'90.38722043','23.76475385','2017-03-01 09:11:11',NULL),(1969,7,'90.38722043','23.76475385','2017-03-01 09:11:41',NULL),(1970,7,'90.38722043','23.76475385','2017-03-01 09:12:14',NULL),(1971,7,'90.38722043','23.76475385','2017-03-01 09:12:42',NULL),(1972,7,'90.38722043','23.76475385','2017-03-01 09:13:12',NULL),(1973,7,'90.38722043','23.76475385','2017-03-01 09:13:42',NULL),(1974,7,'90.38722043','23.76475385','2017-03-01 09:14:12',NULL),(1975,7,'90.38722043','23.76475385','2017-03-01 09:14:42',NULL),(1976,7,'90.38722043','23.76475385','2017-03-01 09:15:12',NULL),(1977,7,'90.38722043','23.76475385','2017-03-01 09:15:42',NULL),(1978,7,'90.38722043','23.76475385','2017-03-01 09:16:12',NULL),(1979,7,'90.38722043','23.76475385','2017-03-01 09:16:42',NULL),(1980,7,'90.38722043','23.76475385','2017-03-01 09:17:12',NULL),(1981,7,'90.38722043','23.76475385','2017-03-01 09:17:42',NULL),(1982,7,'90.38722043','23.76475385','2017-03-01 09:18:12',NULL),(1983,7,'90.38722043','23.76475385','2017-03-01 09:18:42',NULL),(1984,7,'90.38722043','23.76475385','2017-03-01 09:19:12',NULL),(1985,7,'90.38722043','23.76475385','2017-03-01 09:19:42',NULL),(1986,7,'90.38722043','23.76475385','2017-03-01 09:20:12',NULL),(1987,7,'90.38722043','23.76475385','2017-03-01 09:20:42',NULL),(1988,7,'90.38722043','23.76475385','2017-03-01 09:21:12',NULL),(1989,7,'90.38722043','23.76475385','2017-03-01 09:21:42',NULL),(1990,7,'90.38722043','23.76475385','2017-03-01 09:22:12',NULL),(1991,7,'90.38722043','23.76475385','2017-03-01 09:22:42',NULL),(1992,7,'90.38722043','23.76475385','2017-03-01 09:23:12',NULL),(1993,7,'90.38722043','23.76475385','2017-03-01 09:23:42',NULL),(1994,7,'90.38722043','23.76475385','2017-03-01 09:24:12',NULL),(1995,7,'90.38722043','23.76475385','2017-03-01 09:24:42',NULL),(1996,7,'90.38722043','23.76475385','2017-03-01 09:25:12',NULL),(1997,7,'90.38722043','23.76475385','2017-03-01 09:25:42',NULL),(1998,7,'90.38722043','23.76475385','2017-03-01 09:26:12',NULL),(1999,7,'90.38722043','23.76475385','2017-03-01 09:26:42',NULL),(2000,7,'90.38722043','23.76475385','2017-03-01 09:27:12',NULL),(2001,7,'90.38722043','23.76475385','2017-03-01 09:27:42',NULL),(2002,7,'90.38722043','23.76475385','2017-03-01 09:28:12',NULL),(2003,7,'90.38722043','23.76475385','2017-03-01 09:28:42',NULL),(2004,7,'90.38722043','23.76475385','2017-03-01 09:29:12',NULL),(2005,7,'90.38722043','23.76475385','2017-03-01 09:29:43',NULL),(2006,7,'90.38722043','23.76475385','2017-03-01 09:30:13',NULL),(2007,7,'90.38722043','23.76475385','2017-03-01 09:30:43',NULL),(2008,7,'90.38722043','23.76475385','2017-03-01 09:31:13',NULL),(2009,7,'90.38722043','23.76475385','2017-03-01 09:31:43',NULL),(2010,7,'90.38722043','23.76475385','2017-03-01 09:32:13',NULL),(2011,7,'90.38722043','23.76475385','2017-03-01 09:32:43',NULL),(2012,7,'90.38722043','23.76475385','2017-03-01 09:33:13',NULL),(2013,7,'90.38722043','23.76475385','2017-03-01 09:33:43',NULL),(2014,7,'90.38722043','23.76475385','2017-03-01 09:34:13',NULL),(2015,7,'90.38722043','23.76475385','2017-03-01 09:34:43',NULL),(2016,7,'90.38722043','23.76475385','2017-03-01 10:13:16',NULL),(2017,7,'90.38722043','23.76475385','2017-03-01 10:13:45',NULL),(2018,7,'90.38722043','23.76475385','2017-03-01 10:14:15',NULL),(2019,7,'90.38722043','23.76475385','2017-03-01 10:14:46',NULL),(2020,7,'90.38722043','23.76475385','2017-03-01 10:15:16',NULL),(2021,7,'90.38722043','23.76475385','2017-03-01 10:15:46',NULL),(2022,7,'90.38722043','23.76475385','2017-03-01 10:16:16',NULL),(2023,7,'90.38722043','23.76475385','2017-03-01 10:16:46',NULL),(2024,7,'90.38722043','23.76475385','2017-03-01 10:17:16',NULL),(2025,7,'90.38722043','23.76475385','2017-03-01 10:17:46',NULL),(2026,7,'90.38722043','23.76475385','2017-03-01 10:18:16',NULL),(2027,7,'90.38722043','23.76475385','2017-03-01 10:18:46',NULL),(2028,7,'90.38722043','23.76475385','2017-03-01 10:19:16',NULL),(2029,7,'90.38722043','23.76475385','2017-03-01 10:19:46',NULL),(2030,7,'90.38722043','23.76475385','2017-03-01 10:20:16',NULL),(2031,7,'90.38722043','23.76475385','2017-03-01 10:20:46',NULL),(2032,7,'90.38722043','23.76475385','2017-03-01 10:21:16',NULL),(2033,7,'90.38722043','23.76475385','2017-03-01 10:21:46',NULL),(2034,7,'90.38722043','23.76475385','2017-03-01 10:22:16',NULL),(2035,7,'90.38722043','23.76475385','2017-03-01 10:22:46',NULL),(2036,7,'90.38722043','23.76475385','2017-03-01 10:23:16',NULL),(2037,7,'90.38722043','23.76475385','2017-03-01 10:23:46',NULL),(2038,7,'90.38722043','23.76475385','2017-03-01 10:24:16',NULL),(2039,7,'90.38722043','23.76475385','2017-03-01 10:24:46',NULL),(2040,7,'90.38722043','23.76475385','2017-03-01 10:25:16',NULL),(2041,7,'90.38722043','23.76475385','2017-03-01 10:25:46',NULL),(2042,7,'90.38722043','23.76475385','2017-03-01 10:26:16',NULL),(2043,7,'90.38722043','23.76475385','2017-03-01 10:26:46',NULL),(2044,7,'90.38722043','23.76475385','2017-03-01 10:27:16',NULL),(2045,7,'90.38722043','23.76475385','2017-03-01 10:27:46',NULL),(2046,7,'90.38722043','23.76475385','2017-03-01 10:28:16',NULL),(2047,7,'90.38722043','23.76475385','2017-03-01 10:28:46',NULL),(2048,7,'90.38722043','23.76475385','2017-03-01 10:29:16',NULL),(2049,7,'90.38722043','23.76475385','2017-03-01 10:29:46',NULL),(2050,7,'90.38722043','23.76475385','2017-03-01 10:30:16',NULL),(2051,7,'90.38722043','23.76475385','2017-03-01 10:30:46',NULL),(2052,7,'90.38722043','23.76475385','2017-03-01 10:31:16',NULL),(2053,7,'90.38722043','23.76475385','2017-03-01 10:31:47',NULL),(2054,7,'90.38722043','23.76475385','2017-03-01 10:32:17',NULL),(2055,7,'90.38722043','23.76475385','2017-03-01 10:32:47',NULL),(2056,7,'90.38722043','23.76475385','2017-03-01 10:33:17',NULL),(2057,7,'90.38722043','23.76475385','2017-03-01 10:33:47',NULL),(2058,7,'90.38722043','23.76475385','2017-03-01 10:34:17',NULL),(2059,7,'90.38722043','23.76475385','2017-03-01 10:34:47',NULL),(2060,7,'90.38722043','23.76475385','2017-03-01 10:35:17',NULL),(2061,7,'90.38722043','23.76475385','2017-03-01 10:35:47',NULL),(2062,7,'90.38722043','23.76475385','2017-03-01 10:36:17',NULL),(2063,7,'90.38722043','23.76475385','2017-03-01 10:36:47',NULL),(2064,7,'90.38722043','23.76475385','2017-03-01 10:37:17',NULL),(2065,7,'90.38722043','23.76475385','2017-03-01 10:37:47',NULL),(2066,7,'90.38722043','23.76475385','2017-03-01 10:38:17',NULL),(2067,7,'90.38722043','23.76475385','2017-03-01 10:38:47',NULL),(2068,7,'90.38722043','23.76475385','2017-03-01 10:39:17',NULL),(2069,7,'90.38722043','23.76475385','2017-03-01 10:39:50',NULL),(2070,7,'90.38722043','23.76475385','2017-03-01 10:40:17',NULL),(2071,7,'90.38722043','23.76475385','2017-03-01 10:40:47',NULL),(2072,7,'90.38722043','23.76475385','2017-03-01 10:41:21',NULL),(2073,7,'90.38722043','23.76475385','2017-03-01 10:41:51',NULL),(2074,7,'90.38722043','23.76475385','2017-03-01 10:42:21',NULL),(2075,7,'90.38722043','23.76475385','2017-03-01 10:42:51',NULL),(2076,7,'90.38722043','23.76475385','2017-03-01 10:46:07',NULL),(2077,7,'90.38722043','23.76475385','2017-03-01 10:46:40',NULL),(2078,7,'90.38722043','23.76475385','2017-03-01 10:47:07',NULL),(2079,7,'90.38722043','23.76475385','2017-03-01 10:47:37',NULL),(2080,7,'90.38722043','23.76475385','2017-03-01 10:48:07',NULL),(2081,7,'90.38722043','23.76475385','2017-03-01 10:48:37',NULL),(2082,7,'90.38722043','23.76475385','2017-03-01 10:49:07',NULL),(2083,7,'90.38722043','23.76475385','2017-03-01 10:49:37',NULL),(2084,7,'90.38722043','23.76475385','2017-03-01 10:50:07',NULL),(2085,6,'91.883297','25.174009','2017-03-12 20:54:00',5),(2086,6,'91.883475','25.174262','2017-03-12 20:54:00',5),(2087,6,'91.883652','25.174446','2017-03-12 20:54:00',5),(2088,6,'91.883872','25.174742','2017-03-12 20:54:00',5),(2089,6,'91.884129','25.175106','2017-03-12 20:54:00',5),(2090,6,'91.884376','25.175431','2017-03-12 20:54:00',5),(2091,6,'91.884596','25.175713','2017-03-12 20:54:00',5),(2092,6,'91.884966','25.175970','2017-03-12 20:54:00',5),(2093,6,'91.885438','25.176150','2017-03-12 20:54:00',5),(2094,6,'91.885776','25.176344','2017-03-12 20:54:00',5),(2095,6,'91.886114','25.176257','2017-03-12 20:54:00',5),(2096,6,'91.886447','25.176063','2017-03-12 20:54:00',5),(2097,6,'91.886876','25.175786','2017-03-01 11:33:37',NULL),(2098,6,'91.887268','25.175451','2017-03-01 11:35:04',NULL),(2099,6,'91.887450','25.175019','2017-03-01 11:40:56',NULL),(2100,6,'91.887697','25.175000','2017-03-01 11:42:09',NULL),(2101,6,'91.887997','25.174641','2017-03-01 11:43:02',NULL),(2102,6,'91.888271','25.174821','2017-03-01 11:43:36',NULL),(2103,6,'91.888573','25.174718','2017-03-01 11:44:20',NULL),(2104,6,'91.888976','25.174912','2017-03-01 11:44:54',NULL),(2105,6,'91.888976','25.174912','2017-03-01 11:45:28',NULL),(2106,6,'91.888976','25.174912','2017-03-01 11:55:17',NULL),(2107,6,'91.889266','25.175082','2017-03-01 11:56:45',NULL),(2108,6,'91.889502','25.175288','2017-03-01 11:58:05',NULL);
/*!40000 ALTER TABLE `soldier_location` ENABLE KEYS */;
UNLOCK TABLES;
/*!40103 SET TIME_ZONE=@OLD_TIME_ZONE */;

/*!40101 SET SQL_MODE=@OLD_SQL_MODE */;
/*!40014 SET FOREIGN_KEY_CHECKS=@OLD_FOREIGN_KEY_CHECKS */;
/*!40014 SET UNIQUE_CHECKS=@OLD_UNIQUE_CHECKS */;
/*!40101 SET CHARACTER_SET_CLIENT=@OLD_CHARACTER_SET_CLIENT */;
/*!40101 SET CHARACTER_SET_RESULTS=@OLD_CHARACTER_SET_RESULTS */;
/*!40101 SET COLLATION_CONNECTION=@OLD_COLLATION_CONNECTION */;
/*!40111 SET SQL_NOTES=@OLD_SQL_NOTES */;

-- Dump completed on 2017-03-15  3:16:21
