-- MySQL dump 10.13  Distrib 5.7.17, for Win64 (x86_64)
--
-- Host: localhost    Database: bgb
-- ------------------------------------------------------
-- Server version	5.7.16-log

/*!40101 SET @OLD_CHARACTER_SET_CLIENT=@@CHARACTER_SET_CLIENT */;
/*!40101 SET @OLD_CHARACTER_SET_RESULTS=@@CHARACTER_SET_RESULTS */;
/*!40101 SET @OLD_COLLATION_CONNECTION=@@COLLATION_CONNECTION */;
/*!40101 SET NAMES utf8 */;
/*!40103 SET @OLD_TIME_ZONE=@@TIME_ZONE */;
/*!40103 SET TIME_ZONE='+00:00' */;
/*!40014 SET @OLD_UNIQUE_CHECKS=@@UNIQUE_CHECKS, UNIQUE_CHECKS=0 */;
/*!40014 SET @OLD_FOREIGN_KEY_CHECKS=@@FOREIGN_KEY_CHECKS, FOREIGN_KEY_CHECKS=0 */;
/*!40101 SET @OLD_SQL_MODE=@@SQL_MODE, SQL_MODE='NO_AUTO_VALUE_ON_ZERO' */;
/*!40111 SET @OLD_SQL_NOTES=@@SQL_NOTES, SQL_NOTES=0 */;

--
-- Table structure for table `admin`
--

DROP TABLE IF EXISTS `admin`;
/*!40101 SET @saved_cs_client     = @@character_set_client */;
/*!40101 SET character_set_client = utf8 */;
CREATE TABLE `admin` (
  `username` varchar(110) DEFAULT NULL,
  `password` varchar(110) DEFAULT NULL,
  `id` int(11) NOT NULL,
  PRIMARY KEY (`id`)
) ENGINE=InnoDB DEFAULT CHARSET=utf8;
/*!40101 SET character_set_client = @saved_cs_client */;

--
-- Dumping data for table `admin`
--

LOCK TABLES `admin` WRITE;
/*!40000 ALTER TABLE `admin` DISABLE KEYS */;
INSERT INTO `admin` VALUES ('admin','$2a$12$liXSAnyWeCZ4QS7U51pCI.kIMXzs1DARGTq2jlVtCEf3WEkb2UmtK',1);
/*!40000 ALTER TABLE `admin` ENABLE KEYS */;
UNLOCK TABLES;

--
-- Table structure for table `capture`
--

DROP TABLE IF EXISTS `capture`;
/*!40101 SET @saved_cs_client     = @@character_set_client */;
/*!40101 SET character_set_client = utf8 */;
CREATE TABLE `capture` (
  `id` int(11) NOT NULL,
  `soldier_id` int(11) DEFAULT NULL,
  `pillar_id` int(11) DEFAULT NULL,
  `time_captured` varchar(110) DEFAULT NULL,
  `situation` varchar(110) DEFAULT NULL,
  `image_url` time DEFAULT NULL,
  PRIMARY KEY (`id`)
) ENGINE=InnoDB DEFAULT CHARSET=utf8;
/*!40101 SET character_set_client = @saved_cs_client */;

--
-- Dumping data for table `capture`
--

LOCK TABLES `capture` WRITE;
/*!40000 ALTER TABLE `capture` DISABLE KEYS */;
INSERT INTO `capture` VALUES (1,1,1,'2017-01-01-12-48','GOOD',NULL),(2,1,1,'2017-04-01-12-48','POOR',NULL),(3,2,3,'2017-06-01-02-48','MODERATE',NULL),(4,1,2,'2017-11-01-10-48','GOOD',NULL),(5,3,1,'2017-01-21-02-48','GOOD',NULL),(6,1,3,'2017-01-22-12-48','MODERATE',NULL),(7,4,3,'2017-01-22-13-48','POOR',NULL),(8,1,1,'2017-02-02-12-48','MODERATE',NULL),(9,2,3,'2017-02-02-20-48','GOOD',NULL),(10,1,6,'2017-03-02-11-48','MODERATE',NULL);
/*!40000 ALTER TABLE `capture` ENABLE KEYS */;
UNLOCK TABLES;

--
-- Table structure for table `pillar`
--

DROP TABLE IF EXISTS `pillar`;
/*!40101 SET @saved_cs_client     = @@character_set_client */;
/*!40101 SET character_set_client = utf8 */;
CREATE TABLE `pillar` (
  `id` int(11) NOT NULL,
  `name` varchar(110) DEFAULT NULL,
  `number` int(11) DEFAULT NULL,
  `longitude` varchar(110) DEFAULT NULL,
  `latitude` varchar(110) DEFAULT NULL,
  `situation` varchar(110) DEFAULT NULL,
  PRIMARY KEY (`id`)
) ENGINE=InnoDB DEFAULT CHARSET=utf8;
/*!40101 SET character_set_client = @saved_cs_client */;

--
-- Dumping data for table `pillar`
--

LOCK TABLES `pillar` WRITE;
/*!40000 ALTER TABLE `pillar` DISABLE KEYS */;
INSERT INTO `pillar` VALUES (1,'South Pillar-1',1,'91.088881','24.0100101','null'),(2,'South Pillar-2',2,'0.0','0.0','Average'),(3,'North Pillar',3,'91.83440681578945','24.911800626928216','Average'),(4,'West Pillar-1',4,'1875234.2244','23234541.31244','Flooded'),(5,'West Pillar-1',5,'121434.4441','237941.3134','Broken'),(6,'East Pillar',6,'1253441.42434','23471.34134','Missing'),(8,'as',2,'11','1111',NULL),(10,'null',NULL,'null','null','null'),(11,'null',NULL,'null','null','null'),(13,'ids-01',0,'24.914038','91.952716','good'),(14,'null',NULL,'null','null','null'),(15,'null',NULL,'null','null','null'),(16,'null',NULL,'null','null','null'),(17,'ids-01',0,'24.913975','91.953658','good'),(18,'null',NULL,'null','null','null'),(19,'null',NULL,'null','null','null'),(20,'null',NULL,'null','null','null'),(21,'null',NULL,'null','null','null'),(22,'null',NULL,'null','null','null'),(23,'null',NULL,'null','null','null'),(24,'null',NULL,'null','null','null'),(25,'null',NULL,'null','null','null'),(26,'null',NULL,'null','null','null'),(27,'null',NULL,'null','null','null'),(28,'null',NULL,'null','null','null'),(29,'null',NULL,'null','null','null'),(30,'null',NULL,'null','null','null'),(31,'null',NULL,'null','null','null'),(32,'null',NULL,'91.088881','24.0100101','null'),(33,'null',NULL,'0.0','0.0','Average'),(34,'null',NULL,'0.0','0.0','Good'),(35,'null',NULL,'0.0','0.0','Good'),(36,'A244',1,'91.88968988','25.16903222','COOL'),(37,'test-1',1,'91.95366040405189','24.912778972616287','SSS'),(38,'MP-1262',1,'null','null',NULL),(39,'1262/1-T',1,'91.28759','25.186268333333334','Good'),(40,'1262/1-s',1,'91.2884','25.186561666666663','Good'),(41,'1262/2-T',1,'91.29148833333332','25.184483333333333','Average'),(42,'1262/2-s',1,'91.289515','25.185906666666664','Good'),(43,'1262/3-T',1,'91.29387666666668','25.18399833333334','Good'),(44,'1262/3-s',1,'91.29246833333333','25.183873333333334','Good'),(45,'1262/4-s',1,'91.29573833333333','25.183966666666667','Good'),(46,'1262/5-s',1,'91.29783333333334','25.18418166666667','Good'),(47,'1262/6-s',1,'91.300035','25.18438','Good'),(48,'1262/4-T',1,'91.29650333333332','25.184008333333335','Good'),(49,'1262/7-s',1,'91.298835','25.184351666666664','Good'),(50,'1262/5-T',1,'null','null',NULL),(51,'1262/8-s',1,'91.302645','25.183318333333332','Good'),(52,'1262/9-s',1,'91.30439333333334','25.182673333333334','Good'),(53,'MP 1263',1,'92.48826833333332','24.905858333333338','Good'),(54,'MP 1266',1,'null','null',NULL),(55,'1266/1-s',1,'null','null',NULL),(56,'1266/2-s',1,'null','null',NULL),(57,'1266/1-T',1,'null','null',NULL),(58,'1266/3-s',1,'null','null',NULL),(59,'1266/4-s',1,'null','null',NULL),(60,'1266/5-s',1,'null','null',NULL),(61,'1266/6-s',1,'null','null',NULL),(62,'1266/2-T',1,'null','null',NULL),(63,'1266/7-s',1,'null','null',NULL),(64,'1266/8-s',1,'null','null',NULL),(65,'1266/9-s',1,'92.0201257','25.1753854','Average'),(66,'1266/3-T',1,'null','null',NULL),(67,'1266/10-s',1,'null','null',NULL),(68,'1266/11-s',1,'null','null',NULL),(69,'1266/12-s',1,'null','null',NULL),(70,'1266/13-s',1,'null','null',NULL),(71,'MP 1267',1,'91.30454','25.182664999999997','Good'),(72,'test',1,'null','null',NULL),(76,'1226',1,'91.55710333333333','25.14986666666667','Broken'),(99,'1223/1-S',1,'null','null',NULL),(100,'1223/3-T',1,'null','null',NULL),(101,'1223/4-T',1,'null','null',NULL),(102,'1223/2-S',1,'null','null',NULL),(103,'1223/5-T',1,'null','null',NULL),(104,'1223/6-T',1,'null','null',NULL),(105,'1223/3-S',1,'null','null',NULL),(106,'1223/7-T',1,'null','null',NULL),(107,'1223/8-T',1,'null','null',NULL),(108,'1223/9-T',1,'null','null',NULL),(109,'1223/4-S',1,'null','null',NULL),(110,'1223/10-T',1,'null','null',NULL),(111,'1223/11-T',1,'null','null',NULL),(112,'1223/5-S',1,'null','null',NULL),(113,'1223/12-T',1,'null','null',NULL),(114,'1223/13-T',1,'null','null',NULL),(115,'1223/6-S',1,'null','null',NULL),(116,'1223/7-S',1,'null','null',NULL),(117,'1223/14-T',1,'null','null',NULL),(118,'1223/15-T',1,'null','null',NULL),(119,'1223/8-S',1,'null','null',NULL),(120,'1223/16-T',1,'null','null',NULL),(121,'1223/17-T',1,'null','null',NULL),(122,'1223/9-S',1,'null','null',NULL),(123,'1223/18-T',1,'null','null',NULL),(124,'1223/19-T',1,'null','null',NULL),(125,'1223/10-S',1,'null','null',NULL),(126,'1223/20-T',1,'null','null',NULL),(127,'1223/21-T',1,'null','null',NULL),(128,'1224/MP',1,'null','null',NULL),(129,'1224/1-T',1,'null','null',NULL),(130,'1224/1-S',1,'null','null',NULL),(131,'1224/2-T',1,'null','null',NULL),(132,'1224/2-S',1,'null','null',NULL),(133,'1224/3-S',1,'null','null',NULL),(134,'1224/3-T',1,'null','null',NULL),(135,'1224/4-S',1,'null','null',NULL),(136,'1224/5-S',1,'null','null',NULL),(137,'1224/4-T',1,'null','null',NULL),(138,'1224/6-S',1,'null','null',NULL),(139,'1224/5-T',1,'null','null',NULL),(140,'1224/7-S',1,'null','null',NULL),(141,'1224/8-S',1,'null','null',NULL),(142,'1224/6-T',1,'null','null',NULL),(143,'1224/7-T',1,'null','null',NULL),(144,'1224/9-S',1,'null','null',NULL),(145,'1224/8-T',1,'null','null',NULL),(146,'1224/10-S',1,'null','null',NULL),(147,'1225/MP',1,'null','null',NULL),(148,'1225/1-T',1,'null','null',NULL),(149,'1225/2-T',1,'null','null',NULL),(150,'1225/1-S',1,'null','null',NULL),(151,'1225/2-S',1,'null','null',NULL),(152,'1225/3-T',1,'null','null',NULL),(153,'1225/4-T',1,'null','null',NULL),(154,'1225/3-S',1,'null','null',NULL),(155,'1225/4-S',1,'null','null',NULL),(156,'1225/5-T',1,'null','null',NULL),(157,'1225/5-S',1,'null','null',NULL),(158,'1225/6-T',1,'null','null',NULL),(159,'1225/6-S',1,'null','null',NULL),(160,'1226/MP',1,'null','null',NULL),(161,'1226/1-T',1,'null','null',NULL),(162,'1226/2-T',1,'null','null',NULL),(163,'1226/3-T',1,'null','null',NULL),(164,'1226/1-S',1,'null','null',NULL),(165,'1226/4-T',1,'null','null',NULL),(166,'1226/5-T',1,'null','null',NULL),(167,'1226/2-S',1,'null','null',NULL),(168,'1226/6-T',1,'null','null',NULL),(169,'1226/7-T',1,'null','null',NULL),(170,'1226/8-T',1,'null','null',NULL),(171,'1226/3-S',1,'null','null',NULL),(172,'1226/9-T',1,'null','null',NULL),(173,'1226/10-T',1,'null','null',NULL),(174,'1226/11-T',1,'null','null',NULL),(175,'1226/12-T',1,'null','null',NULL),(176,'1226/13-T',1,'null','null',NULL),(177,'1226/4-S',1,'null','null',NULL),(178,'1226/14-T',1,'null','null',NULL),(179,'1226/15-T',1,'null','null',NULL),(180,'1226/16-T',1,'null','null',NULL),(181,'1226/5-S',1,'null','null',NULL),(182,'1226/17-T',1,'null','null',NULL),(183,'1226/18-T',1,'null','null',NULL),(184,'1226/6-S',1,'null','null',NULL),(185,'1227/MP',1,'null','null',NULL),(186,'1227/1-T',1,'null','null',NULL),(187,'1227/2-T',1,'null','null',NULL),(188,'1227/1-S',1,'null','null',NULL),(189,'1227/2-S',1,'null','null',NULL),(190,'1227/3-S',1,'null','null',NULL),(191,'1227/4-S',1,'null','null',NULL),(192,'1227/5-S',1,'null','null',NULL),(193,'1227/3-T',1,'null','null',NULL),(194,'1227/6-S',1,'null','null',NULL),(195,'1227/7-S',1,'null','null',NULL),(196,'1227/8-S',1,'null','null',NULL),(197,'1227/9-S',1,'null','null',NULL),(198,'1227/4-T',1,'null','null',NULL),(199,'1227/5-T',1,'null','null',NULL),(200,'1227/10-S',1,'null','null',NULL),(201,'1227/6-T',1,'null','null',NULL),(202,'1227/1-R',1,'null','null',NULL),(203,'1227/11-S',1,'null','null',NULL),(204,'1227/12-S',1,'null','null',NULL),(205,'1227/13-S',1,'null','null',NULL),(206,'1227/7-T',1,'null','null',NULL),(207,'1227/14-S',1,'null','null',NULL),(208,'1227/8-T',1,'null','null',NULL),(209,'1227/9-T',1,'null','null',NULL),(210,'1227/10-T',1,'null','null',NULL),(211,'1227/11-T',1,'null','null',NULL),(212,'1227/15-S',1,'null','null',NULL),(213,'1227/12-T',1,'null','null',NULL),(214,'1227/16-S',1,'null','null',NULL),(215,'1227/13-T',1,'null','null',NULL),(216,'1228/MP',1,'null','null',NULL),(217,'1228/1-R',1,'null','null',NULL),(218,'1228/2-R',1,'null','null',NULL),(219,'1228/1-T',1,'null','null',NULL),(220,'1228/2-T',1,'null','null',NULL),(221,'1228/1-S',1,'null','null',NULL),(222,'1228/3-T',1,'null','null',NULL),(223,'1228/4-T',1,'null','null',NULL),(224,'1228/2-S',1,'null','null',NULL),(225,'1228/3-S',1,'null','null',NULL),(226,'1228/5-T',1,'null','null',NULL),(227,'1228/6-T',1,'null','null',NULL),(228,'1228/7-T',1,'null','null',NULL),(229,'1228/8-T',1,'null','null',NULL),(230,'1228/4-S',1,'null','null',NULL),(231,'1228/9-T',1,'null','null',NULL),(232,'1228/5-S',1,'null','null',NULL),(233,'1228/10-T',1,'null','null',NULL),(234,'1228/11-T',1,'null','null',NULL),(235,'1228/6-S',1,'null','null',NULL),(236,'1228/12-T',1,'null','null',NULL),(237,'1228/13-T',1,'null','null',NULL),(238,'1228/14-T',1,'null','null',NULL),(239,'1228/7-S',1,'null','null',NULL),(240,'1228/15-T',1,'null','null',NULL),(241,'1228/16-T',1,'null','null',NULL),(242,'1228/8-S',1,'null','null',NULL),(243,'1228/17-T',1,'null','null',NULL),(244,'1228/9-S',1,'null','null',NULL),(245,'1228/18-T',1,'null','null',NULL),(246,'1229/MP',1,'null','null',NULL),(247,'1229/1-T',1,'null','null',NULL),(248,'1229/2-T',1,'null','null',NULL),(249,'1229/1-S',1,'null','null',NULL),(250,'1229/3-T',1,'null','null',NULL),(251,'1229/2-S',1,'null','null',NULL),(252,'1229/3-S',1,'null','null',NULL),(253,'1229/4-S',1,'null','null',NULL),(254,'1229/4-T',1,'null','null',NULL),(255,'1229/5-S',1,'null','null',NULL),(256,'1229/5-T',1,'null','null',NULL),(257,'1229/6-T',1,'null','null',NULL),(258,'1229/7-T',1,'null','null',NULL),(259,'1229/8-T',1,'null','null',NULL),(260,'1229/6-S',1,'null','null',NULL),(261,'1229/9-T',1,'null','null',NULL),(262,'1229/10-T',1,'null','null',NULL),(263,'1229/11-T',1,'null','null',NULL),(264,'1229/7-S',1,'null','null',NULL),(265,'1229/12-T',1,'null','null',NULL),(266,'1229/13-T',1,'null','null',NULL),(267,'1230/MP',1,'null','null',NULL),(268,'1230/1-T',1,'null','null',NULL),(269,'1230/2-T',1,'null','null',NULL),(270,'1230/1-S',1,'null','null',NULL),(271,'1230/2-S',1,'null','null',NULL),(272,'1230/3-T',1,'null','null',NULL),(273,'1230/4-T',1,'null','null',NULL),(274,'1230/3-S',1,'null','null',NULL),(275,'1230/4-S',1,'null','null',NULL),(276,'1230/5-T',1,'null','null',NULL),(277,'1230/6-T',1,'null','null',NULL),(278,'1230/5-S',1,'null','null',NULL),(279,'1230/7-T',1,'null','null',NULL),(280,'1230/6-S',1,'null','null',NULL),(281,'1230/8-T',1,'null','null',NULL),(282,'1230/9-T',1,'null','null',NULL),(283,'1230/10-T',1,'null','null',NULL),(284,'1230/7-S',1,'null','null',NULL),(285,'1230/11-T',1,'null','null',NULL),(286,'1230/12-T',1,'null','null',NULL),(287,'1230/13-T',1,'null','null',NULL),(288,'1230/8-S',1,'null','null',NULL),(289,'1230/14-T',1,'null','null',NULL),(290,'1230/15-T',1,'null','null',NULL),(291,'1230/16-T',1,'null','null',NULL),(292,'1230/9-S',1,'null','null',NULL),(293,'1230/17-T',1,'null','null',NULL),(294,'1230/18-T',1,'null','null',NULL),(295,'1230/19-T',1,'null','null',NULL),(296,'1230/20-T',1,'null','null',NULL),(297,'1230/10-S',1,'null','null',NULL),(298,'1230/11-S',1,'null','null',NULL),(299,'1230/21-T',1,'null','null',NULL),(300,'1230/12-S',1,'null','null',NULL),(301,'1231/MP',1,'null','null',NULL),(302,'1231/1-S',1,'null','null',NULL),(303,'1231/2-S',1,'null','null',NULL),(304,'1231/1-T',1,'null','null',NULL),(305,'1231/2-T',1,'null','null',NULL),(306,'1231/3-T',1,'null','null',NULL),(307,'1231/3-S',1,'null','null',NULL),(308,'1231/4-T',1,'null','null',NULL),(309,'1231/5-T',1,'null','null',NULL),(310,'1231/6-T',1,'null','null',NULL),(311,'1231/4-S',1,'null','null',NULL),(312,'1231/7-T',1,'null','null',NULL),(313,'1231/8-T',1,'null','null',NULL),(314,'1231/5-S',1,'null','null',NULL),(315,'1231/1-R',1,'null','null',NULL),(316,'1231/9-T',1,'null','null',NULL),(317,'1231/10-T',1,'null','null',NULL),(318,'1231/6-S',1,'null','null',NULL),(319,'1231/11-T',1,'null','null',NULL),(320,'1231/7-S',1,'null','null',NULL),(321,'1231/12-T',1,'null','null',NULL),(322,'1231/8-S',1,'null','null',NULL),(323,'1231/13-T',1,'null','null',NULL),(324,'1231/9-S',1,'null','null',NULL),(325,'1232/MP',1,'null','null',NULL),(326,'1232/1-T',1,'null','null',NULL),(327,'1232/2-T',1,'null','null',NULL),(328,'1232/1-S',1,'null','null',NULL),(329,'1232/3-T',1,'null','null',NULL),(330,'1232/4-T',1,'null','null',NULL),(331,'1232/5-T',1,'null','null',NULL),(332,'1232/2-S',1,'null','null',NULL),(333,'1232/6-T',1,'null','null',NULL),(334,'1232/3-S',1,'null','null',NULL),(335,'1232/7-T',1,'null','null',NULL),(336,'1232/8-T',1,'null','null',NULL),(337,'1232/4-S',1,'null','null',NULL),(338,'1232/9-T',1,'null','null',NULL),(339,'1232/5-S',1,'null','null',NULL),(340,'1232/10-T',1,'null','null',NULL),(341,'1232/11-T',1,'null','null',NULL),(342,'1232/12-T',1,'null','null',NULL),(343,'1232/6-S',1,'null','null',NULL),(344,'1232/13-T',1,'null','null',NULL),(345,'1232/14-T',1,'null','null',NULL),(346,'1232/7-S',1,'null','null',NULL),(347,'1232/15-T',1,'null','null',NULL),(348,'1232/8-S',1,'null','null',NULL),(349,'1232/16-T',1,'null','null',NULL),(350,'1232/9-S',1,'null','null',NULL),(351,'1232/10-S',1,'null','null',NULL),(352,'1232/17-T',1,'null','null',NULL),(353,'1232/18-T',1,'null','null',NULL),(354,'1232/19-T',1,'null','null',NULL),(355,'1232/11-S',1,'null','null',NULL),(356,'1232/20-T',1,'null','null',NULL),(357,'1232/21-T',1,'null','null',NULL),(358,'1232/22-T',1,'null','null',NULL),(359,'1232/12-S',1,'null','null',NULL),(360,'1232/23-T',1,'null','null',NULL),(361,'1232/24-T',1,'null','null',NULL),(362,'1232/25-T',1,'null','null',NULL),(363,'1233/MP',1,'null','null',NULL),(364,'1233/1-T',1,'null','null',NULL),(365,'1233/2-T',1,'null','null',NULL),(366,'1233/3-T',1,'null','null',NULL),(367,'1233/1-S',1,'null','null',NULL),(368,'1233/4-T',1,'null','null',NULL),(369,'1233/2-S',1,'null','null',NULL),(370,'1233/5-T',1,'null','null',NULL),(371,'1233/6-T',1,'null','null',NULL),(372,'1233/7-T',1,'null','null',NULL),(373,'1233/3-S',1,'null','null',NULL),(374,'1233/8-T',1,'null','null',NULL),(375,'1233/4-S',1,'null','null',NULL),(376,'1233/9-T',1,'null','null',NULL),(377,'1233/10-T',1,'null','null',NULL),(378,'1233/11(A)-T',1,'null','null',NULL),(379,'1233/11(B)-T',1,'null','null',NULL),(380,'1233/12(A)-T',1,'null','null',NULL),(381,'1233/12(B)-T',1,'null','null',NULL),(382,'1233/5-S',1,'null','null',NULL),(383,'1233/13-T',1,'null','null',NULL),(384,'1234/MP',1,'null','null',NULL),(385,'1342/7-S',1,'null','null',NULL),(386,'1343/MP',1,'null','null',NULL),(387,'1343/1-R',1,'null','null',NULL),(388,'1343/2-R',1,'null','null',NULL),(389,'1343/3-R',1,'null','null',NULL),(390,'1343/4-R',1,'null','null',NULL),(391,'1343/5-R',1,'null','null',NULL),(392,'1343/6-R',1,'null','null',NULL),(393,'1343/7-R',1,'null','null',NULL),(394,'1343/8-R',1,'null','null',NULL),(395,'1343/9-R',1,'null','null',NULL),(396,'1343/10-R',1,'null','null',NULL),(397,'1343/1-T',1,'null','null',NULL),(398,'1343/1-S',1,'null','null',NULL),(399,'1343/2-T',1,'null','null',NULL),(400,'1343/2-S',1,'null','null',NULL),(401,'1343/3-T',1,'null','null',NULL),(402,'1343/3-S',1,'null','null',NULL),(403,'1343/4-T',1,'null','null',NULL),(404,'1343/4-S',1,'null','null',NULL),(405,'1343/5-T',1,'null','null',NULL),(406,'1343/5-S',1,'null','null',NULL),(407,'1343/6-T',1,'null','null',NULL),(408,'1344/MP',1,'92.43111333333333','24.965676666666663','Good'),(409,'1344/1-S',1,'null','null',NULL),(410,'1344/2-S',1,'null','null',NULL),(411,'1344/3-S',1,'null','null',NULL),(412,'1344/1-T',1,'null','null',NULL),(413,'1344/4-S',1,'null','null',NULL),(414,'1344/2-T',1,'null','null',NULL),(415,'1344/5-S',1,'null','null',NULL),(416,'1344/3-T',1,'null','null',NULL),(417,'1344/6-S',1,'null','null',NULL),(418,'1344/4-T',1,'92.43968333333332','24.966261666666664','Good'),(419,'1344/7-S',1,'null','null',NULL),(420,'1344/5-T',1,'null','null',NULL),(421,'1344/8-S',1,'null','null',NULL),(422,'1344/1-R',1,'92.43258333333333','24.965846666666668','Good'),(423,'1344/2-R',1,'null','null',NULL),(424,'1344/3-R',1,'null','null',NULL),(425,'1344/4-R',1,'null','null',NULL),(426,'1344/5-R',1,'null','null',NULL),(427,'1344/6-R',1,'null','null',NULL),(428,'1344/7-R',1,'null','null',NULL),(429,'1344/8-R',1,'null','null',NULL),(430,'1344/9-R',1,'null','null',NULL),(431,'1344/10-R',1,'null','null',NULL),(432,'1345/MP',1,'null','null',NULL),(433,'1345/1-T',1,'null','null',NULL),(434,'1345/1-S',1,'null','null',NULL),(435,'1345/2-S',1,'null','null',NULL),(436,'1345/2-T',1,'null','null',NULL),(437,'1345/3-S',1,'null','null',NULL),(438,'1345/3-T',1,'null','null',NULL),(439,'1345/4-S',1,'null','null',NULL),(440,'1345/4-T',1,'null','null',NULL),(441,'1345/5-S',1,'null','null',NULL),(442,'1345/5-T',1,'null','null',NULL),(443,'1345/6-T',1,'null','null',NULL),(444,'1345/6-S',1,'null','null',NULL),(445,'1345/7-T',1,'null','null',NULL),(446,'1345/1-R',1,'null','null',NULL),(447,'1345/2-R',1,'null','null',NULL),(448,'1345/3-R',1,'null','null',NULL),(449,'1345/4-R',1,'null','null',NULL),(450,'1345/5-R',1,'null','null',NULL),(451,'1345/6-R',1,'null','null',NULL),(452,'1345/7-R',1,'null','null',NULL),(453,'1345/8-R',1,'null','null',NULL),(454,'1346/MP',1,'null','null',NULL),(455,'1346/1-T',1,'null','null',NULL),(456,'1346/1-S',1,'null','null',NULL),(457,'1346/2-T',1,'null','null',NULL),(458,'1346/2-S',1,'null','null',NULL),(459,'1346/3-T',1,'null','null',NULL),(460,'1346/3-S',1,'null','null',NULL),(461,'1346/4-T',1,'null','null',NULL),(462,'1346/5-T',1,'null','null',NULL),(463,'1346/4-S',1,'null','null',NULL),(464,'1346/6-T',1,'null','null',NULL),(465,'1346/5-S',1,'92.46292','24.955928333333336','Good'),(466,'1346/7-T',1,'null','null',NULL),(467,'1346/6-S',1,'null','null',NULL),(468,'1346/8-T',1,'null','null',NULL),(469,'1346/7-S',1,'null','null',NULL),(470,'1346/9-T',1,'92.46292','24.955928333333336','Good'),(471,'1346/8-S',1,'92.46292','24.955928333333336','Good'),(472,'1346/9-S',1,'92.46292','24.955928333333336','Good'),(473,'1346/10-T',1,'null','null',NULL),(474,'1346/11-T',1,'92.46352666666668','24.956039999999998','Good'),(475,'1347/MP',1,'null','null',NULL),(476,'1347/1-S',1,'null','null',NULL),(477,'1347/2-R',1,'null','null',NULL),(478,'1347/3-R',1,'null','null',NULL),(479,'1347/4-S',1,'null','null',NULL),(480,'1347/5-R',1,'null','null',NULL),(481,'1347/6-R',1,'null','null',NULL),(482,'1347/7-S',1,'null','null',NULL),(483,'1347/8-R',1,'null','null',NULL),(484,'1347/9-R',1,'null','null',NULL),(485,'1347/10-S',1,'null','null',NULL),(486,'1347/11-R',1,'null','null',NULL),(487,'1347/12-R',1,'null','null',NULL),(488,'1347/13-S',1,'null','null',NULL),(489,'1347/14-R',1,'null','null',NULL),(490,'1347/2-S',1,'null','null',NULL),(491,'1347/3-S',1,'null','null',NULL),(492,'1347/4-S',1,'null','null',NULL),(493,'1347/5-S',1,'null','null',NULL),(494,'1347/1-T',1,'null','null',NULL),(495,'1347/6-S',1,'null','null',NULL),(496,'1347/2-T',1,'null','null',NULL),(497,'1347/3-T',1,'null','null',NULL),(498,'1347/7-S',1,'null','null',NULL),(499,'1347/4-T',1,'null','null',NULL),(500,'1347/8-S',1,'null','null',NULL),(501,'1347/15-R',1,'null','null',NULL),(502,'1347/16-R',1,'null','null',NULL),(503,'1347/17-R',1,'null','null',NULL),(504,'1347/18-R',1,'null','null',NULL),(505,'1347/19-R',1,'null','null',NULL),(506,'1347/20-R',1,'null','null',NULL),(507,'1347/5-T',1,'null','null',NULL),(508,'1347/9-S',1,'null','null',NULL),(509,'1347/10-S',1,'null','null',NULL),(510,'1347/6-T',1,'null','null',NULL),(511,'1347/7-T',1,'null','null',NULL),(512,'1347/11-S',1,'null','null',NULL),(513,'1347/8-T',1,'null','null',NULL),(514,'1347/12-S',1,'null','null',NULL),(515,'1347/9-T',1,'null','null',NULL),(516,'1348/MP',1,'null','null',NULL),(517,'1348/1-T',1,'null','null',NULL),(518,'1348/2-S',1,'null','null',NULL),(519,'1348/3-S',1,'null','null',NULL),(520,'1348/4-S',1,'null','null',NULL),(521,'1348/5-S',1,'null','null',NULL),(522,'1348/6-S',1,'null','null',NULL),(523,'1348/7-S',1,'null','null',NULL),(524,'1348/8-S',1,'null','null',NULL),(525,'1348/9-S',1,'null','null',NULL),(526,'1348/10-S',1,'null','null',NULL),(527,'1348/11-S',1,'null','null',NULL),(528,'1348/12-S',1,'null','null',NULL),(529,'1349/MP',1,'null','null',NULL),(530,'1349/1-S',1,'null','null',NULL),(531,'1349/1-R',1,'null','null',NULL),(532,'1349/2-R',1,'null','null',NULL),(533,'1349/3-R',1,'null','null',NULL),(534,'1349/4-R',1,'null','null',NULL),(535,'1350/MP',1,'null','null',NULL),(536,'1350/1-T',1,'null','null',NULL),(537,'1350/2-T',1,'null','null',NULL),(538,'1350/1-S',1,'null','null',NULL),(539,'1350/3-T',1,'null','null',NULL),(540,'1350/4-T',1,'null','null',NULL),(541,'1350/2-S',1,'null','null',NULL),(542,'1350/5-T',1,'null','null',NULL),(543,'1350/3-S',1,'null','null',NULL),(544,'1350/6-T',1,'null','null',NULL),(545,'1350/7-T',1,'null','null',NULL),(546,'1350/4-S',1,'92.44511333333334','24.93584','Good'),(547,'1350/8-T',1,'null','null',NULL),(548,'1350/9-T',1,'null','null',NULL),(549,'1350/10-T',1,'null','null',NULL),(550,'1350/5-S',1,'null','null',NULL),(551,'1350/11-T',1,'null','null',NULL),(552,'1350/6-S',1,'null','null',NULL),(553,'1350/12-T',1,'null','null',NULL),(554,'1350/7-S',1,'null','null',NULL),(555,'1350/13-T',1,'null','null',NULL),(556,'1351/M',1,'92.48852166666666','24.90590666666667','Broken'),(557,'1272/MP',1,'null','null',NULL),(558,'1272/1-T',1,'null','null',NULL),(559,'1272/1-S',1,'null','null',NULL),(560,'1272/2-S',1,'null','null',NULL),(561,'1272/2-T',1,'null','null',NULL),(562,'1272/3-T',1,'null','null',NULL),(563,'1272/3-S',1,'null','null',NULL),(564,'1272/4-T',1,'null','null',NULL),(565,'1272/5-T',1,'null','null',NULL),(566,'1272/6-T',1,'null','null',NULL),(567,'1272/4-S',1,'null','null',NULL),(568,'1272/5-S',1,'null','null',NULL),(569,'1272/7-T',1,'null','null',NULL),(570,'1272/8-T',1,'null','null',NULL),(571,'1272/6-S',1,'null','null',NULL),(572,'1272/9-T',1,'null','null',NULL),(573,'1272/7-S',1,'null','null',NULL),(574,'1272/8-S',1,'null','null',NULL),(575,'1272/9-S',1,'null','null',NULL),(576,'1273/MP',1,'null','null',NULL),(577,'1273/1-S',1,'null','null',NULL),(578,'1273/2-S',1,'null','null',NULL),(579,'1273/3-S',1,'null','null',NULL),(580,'1273/4-S',1,'null','null',NULL),(581,'1273/5-S',1,'null','null',NULL),(582,'1273/6-S',1,'null','null',NULL),(583,'1273/7-S',1,'null','null',NULL),(584,'1273/8-S',1,'null','null',NULL),(585,'1273/9-S',1,'null','null',NULL),(586,'1273/10-S',1,'null','null',NULL),(587,'1273/1-T',1,'null','null',NULL),(588,'1274/MP',1,'null','null',NULL),(589,'1274/1-T',1,'null','null',NULL),(590,'1274/1-S',1,'null','null',NULL),(591,'1274/2-S',1,'null','null',NULL),(592,'1274/3-S',1,'null','null',NULL),(593,'1274/2-T',1,'null','null',NULL),(594,'1274/3-T',1,'null','null',NULL),(595,'1274/4-S',1,'null','null',NULL),(596,'1274/4-T',1,'null','null',NULL),(597,'1274/5-T',1,'null','null',NULL),(598,'1274/5-S',1,'null','null',NULL),(599,'1274/6-T',1,'null','null',NULL),(600,'1274/6-S',1,'null','null',NULL),(601,'1274/7-T',1,'null','null',NULL),(602,'1274/7-S',1,'null','null',NULL),(603,'1274/8-T',1,'null','null',NULL),(604,'1274/8-S',1,'null','null',NULL),(605,'1274/9-S',1,'null','null',NULL),(606,'1274/10-S',1,'null','null',NULL),(607,'1274/11-S',1,'null','null',NULL),(608,'1275/MP',1,'null','null',NULL),(609,'1275/1-T',1,'null','null',NULL),(610,'1275/2-T',1,'null','null',NULL),(611,'1275/3-T',1,'null','null',NULL),(612,'1275/1-S',1,'null','null',NULL),(613,'1275/7-S',1,'null','null',NULL),(614,'1275/8-S',1,'null','null',NULL),(615,'1275/11-T',1,'null','null',NULL),(616,'1275/9-S',1,'null','null',NULL),(617,'1275/10-S',1,'null','null',NULL),(618,'1275/12-T',1,'null','null',NULL),(619,'1275/13-T',1,'null','null',NULL),(620,'1275/14-T',1,'null','null',NULL),(621,'1276/MP',1,'null','null',NULL),(622,'1276/1-T',1,'null','null',NULL),(623,'1276/2-T',1,'null','null',NULL),(624,'1276/3-T',1,'null','null',NULL),(625,'1276/4-T',1,'null','null',NULL),(626,'1276/1-S',1,'null','null',NULL),(627,'1276/2-S',1,'null','null',NULL),(628,'1276/5-T',1,'null','null',NULL),(629,'1276/6-T',1,'null','null',NULL),(630,'1276/3-S',1,'null','null',NULL),(631,'1276/7-T',1,'null','null',NULL),(632,'1276/4-S',1,'null','null',NULL),(633,'1276/8-T',1,'null','null',NULL),(634,'1276/9-T',1,'null','null',NULL),(635,'1276/5-S',1,'null','null',NULL),(636,'1276/10-T',1,'null','null',NULL),(637,'1276/6-S',1,'null','null',NULL),(638,'1276/11-T',1,'null','null',NULL),(639,'1276/7-S',1,'null','null',NULL),(640,'1276/12-T',1,'null','null',NULL),(641,'1276/8-S',1,'null','null',NULL),(642,'1276/9-S',1,'null','null',NULL),(643,'1276/13-T',1,'null','null',NULL),(644,'1276/14-T',1,'null','null',NULL),(645,'1276/15-T',1,'null','null',NULL),(646,'1276/10-S',1,'null','null',NULL),(647,'1276/16-T',1,'null','null',NULL),(648,'1276/11-S',1,'null','null',NULL),(649,'1276/17-T',1,'null','null',NULL),(650,'1276/12-S',1,'null','null',NULL),(651,'1276/18-T',1,'null','null',NULL),(652,'1276/13-S',1,'null','null',NULL),(653,'1276/14-S',1,'null','null',NULL),(654,'1276/19-T',1,'null','null',NULL),(655,'1276/15-S',1,'null','null',NULL),(656,'1276/20-T',1,'null','null',NULL),(657,'1276/21-T',1,'null','null',NULL),(658,'1276/22-T',1,'null','null',NULL),(659,'1276/16-S',1,'null','null',NULL),(660,'1277/MP',1,'null','null',NULL),(661,'1277/1-T',1,'null','null',NULL),(662,'1277/1-S',1,'null','null',NULL),(663,'1277/2-T',1,'null','null',NULL),(664,'1277/3-T',1,'null','null',NULL),(665,'1277/4-T',1,'null','null',NULL),(666,'1277/2-S',1,'null','null',NULL),(667,'1277/3-S',1,'null','null',NULL),(668,'1277/3/1-S',1,'null','null',NULL),(669,'1277/3/2-S',1,'null','null',NULL),(670,'1277/3/3-S',1,'null','null',NULL),(671,'1277/4-S',1,'null','null',NULL),(672,'1277/5-S',1,'null','null',NULL),(673,'1277/10-T',1,'null','null',NULL),(674,'1277/6-S',1,'null','null',NULL),(675,'1277/11-T',1,'null','null',NULL),(676,'1277/12-T',1,'null','null',NULL),(677,'1277/7-S',1,'null','null',NULL),(678,'1277/13-T',1,'null','null',NULL),(679,'1277/8-S',1,'null','null',NULL),(680,'1277/14-T',1,'null','null',NULL),(681,'1277/9-S',1,'null','null',NULL),(682,'1277/15-T',1,'null','null',NULL),(683,'1277/16-T',1,'null','null',NULL),(684,'1277/10-S',1,'null','null',NULL),(685,'1277/17-T',1,'null','null',NULL),(686,'1277/11-S',1,'null','null',NULL),(687,'1277/18-T',1,'null','null',NULL),(688,'1277/19-T',1,'null','null',NULL),(689,'1277/20-T',1,'null','null',NULL),(690,'1277/12-S',1,'null','null',NULL),(691,'1277/21-T',1,'null','null',NULL),(692,'1277/13-S',1,'null','null',NULL),(693,'1277/22-T',1,'null','null',NULL),(694,'1277/23-T',1,'null','null',NULL),(695,'1277/24-T',1,'null','null',NULL),(696,'1277/25-T',1,'null','null',NULL),(697,'1277/14-S',1,'null','null',NULL),(698,'1277/26-T',1,'null','null',NULL),(699,'1277/15-S',1,'null','null',NULL),(700,'1277/27-T',1,'null','null',NULL),(701,'1277/16-S',1,'null','null',NULL),(702,'1277/28-T',1,'null','null',NULL),(703,'1277/29-T',1,'null','null',NULL),(704,'1278/MP',1,'null','null',NULL),(705,'1278/1-S',1,'null','null',NULL),(706,'1278/1-T',1,'null','null',NULL),(707,'1278/2-S',1,'null','null',NULL),(708,'1279/3-S',1,'null','null',NULL),(709,'1279/3-T',1,'null','null',NULL),(710,'1279/4-S',1,'null','null',NULL),(711,'1279/4-T',1,'null','null',NULL),(712,'1279/5-S',1,'null','null',NULL),(713,'1279/4(A)',1,'null','null',NULL),(714,'1280/MP',1,'null','null',NULL),(715,'General',2,'92.49629666666667','24.90265','Good');
/*!40000 ALTER TABLE `pillar` ENABLE KEYS */;
UNLOCK TABLES;

--
-- Table structure for table `pillar_updated_by`
--

DROP TABLE IF EXISTS `pillar_updated_by`;
/*!40101 SET @saved_cs_client     = @@character_set_client */;
/*!40101 SET character_set_client = utf8 */;
CREATE TABLE `pillar_updated_by` (
  `soldier_id` int(11) DEFAULT NULL,
  `img_url` varchar(1010) DEFAULT NULL
) ENGINE=InnoDB DEFAULT CHARSET=utf8;
/*!40101 SET character_set_client = @saved_cs_client */;

--
-- Dumping data for table `pillar_updated_by`
--

LOCK TABLES `pillar_updated_by` WRITE;
/*!40000 ALTER TABLE `pillar_updated_by` DISABLE KEYS */;
INSERT INTO `pillar_updated_by` VALUES (40,'76_2017_03_25_09_17_00_Broken_.jpg'),(32,'39_2017_03_25_11_45_45_Good_.jpg'),(40,'76_2017_03_25_11_51_45_Good_.jpg'),(32,'40_2017_03_25_11_53_03_Good_.jpg'),(40,'76_2017_03_25_11_56_54_Good_.jpg'),(32,'42_2017_03_25_11_58_29_Good_.jpg'),(40,'76_2017_03_25_12_01_05_Good_.jpg'),(40,'76_2017_03_25_12_03_27_Average_.jpg'),(32,'41_2017_03_25_12_08_03_Average_.jpg'),(40,'76_2017_03_25_12_11_26_Good_.jpg'),(32,'44_2017_03_25_12_12_52_Good_.jpg'),(40,'76_2017_03_25_12_15_29_Good_.jpg'),(32,'43_2017_03_25_12_20_26_Good_.jpg'),(40,'76_2017_03_25_12_23_26_Average_.jpg'),(40,'76_2017_03_25_12_25_19_Good_.jpg'),(32,'45_2017_03_25_12_27_31_Good_.jpg'),(40,'76_2017_03_25_12_28_42_Good_.jpg'),(40,'76_2017_03_25_12_32_00_Good_.jpg'),(40,'76_2017_03_25_12_34_57_Good_.jpg'),(40,'76_2017_03_25_12_37_13_Good_.jpg'),(32,'48_2017_03_25_12_40_57_Good_.jpg'),(40,'76_2017_03_25_12_42_19_Good_.jpg'),(40,'76_2017_03_25_12_44_45_Good_.jpg'),(32,'46_2017_03_25_12_47_22_Good_.jpg'),(40,'76_2017_03_25_12_49_13_Broken_.jpg'),(32,'49_2017_03_25_12_54_02_Good_.jpg'),(40,'76_2017_03_25_12_54_44_Good_.jpg'),(32,'47_2017_03_25_12_58_43_Good_.jpg'),(32,'51_2017_03_25_13_05_18_Good_.jpg'),(32,'52_2017_03_25_13_11_52_Good_.jpg'),(32,'71_2017_03_25_13_13_45_Good_.jpg'),(40,'76_2017_03_25_13_47_55_Good_.jpg'),(40,'76_2017_03_25_13_51_26_Broken_.jpg'),(40,'76_2017_03_25_14_02_06_Broken_.jpg'),(40,'76_2017_03_25_14_04_02_Broken_.jpg'),(40,'76_2017_03_25_14_13_24_Good_.jpg'),(40,'76_2017_03_25_14_20_57_Broken_.jpg'),(27,'17_2017_03_26_00_20_55_Missing_.jpg'),(27,'17_2017_03_26_00_37_21_Broken_.jpg'),(27,'17_2017_03_26_00_53_28_Bad_.jpg'),(39,'53_2017_03_26_10_23_11_Good_.jpg'),(34,'422_2017_03_26_10_26_16_Good_.jpg'),(34,'408_2017_03_26_10_37_06_Good_.jpg'),(34,'418_2017_03_26_11_00_11_Good_.jpg'),(39,'715_2017_03_26_11_11_06_Good_.jpg'),(39,'556_2017_03_26_13_42_58_Broken_.jpg'),(34,'715_2017_03_26_14_21_39_Good_.jpg'),(34,'546_2017_03_26_14_23_48_Good_.jpg'),(32,'715_2017_03_27_09_37_30_Good_.jpg'),(32,'715_2017_03_27_09_43_01_Average_.jpg'),(34,'474_2017_03_27_09_43_40_Good_.jpg'),(32,'715_2017_03_27_09_51_42_Good_.jpg'),(32,'715_2017_03_27_09_55_50_Good_.jpg'),(34,'472_2017_03_27_10_02_39_Good_.jpg'),(34,'471_2017_03_27_10_05_02_Good_.jpg'),(32,'715_2017_03_27_10_05_43_Good_.jpg'),(34,'470_2017_03_27_10_07_25_Good_.jpg'),(32,'715_2017_03_27_10_09_01_Good_.jpg'),(32,'715_2017_03_27_10_12_56_Good_.jpg'),(32,'715_2017_03_27_10_20_20_Good_.jpg'),(32,'715_2017_03_27_10_22_43_Good_.jpg'),(32,'715_2017_03_27_10_25_33_Good_.jpg'),(34,'465_2017_03_27_10_34_33_Good_.jpg'),(32,'715_2017_03_27_10_41_30_Good_.jpg'),(32,'715_2017_03_27_10_44_45_Good_.jpg'),(32,'715_2017_03_27_10_50_42_Good_.jpg'),(32,'715_2017_03_27_10_52_52_Good_.jpg'),(32,'715_2017_03_27_10_58_15_Good_.jpg'),(32,'715_2017_03_27_11_02_05_Good_.jpg'),(32,'715_2017_03_27_11_06_29_Good_.jpg'),(32,'715_2017_03_27_11_12_26_Good_.jpg'),(32,'715_2017_03_27_11_24_35_Good_.jpg'),(32,'715_2017_03_27_11_30_01_Good_.jpg'),(32,'715_2017_03_27_11_33_09_Good_.jpg'),(32,'715_2017_03_27_11_36_11_Good_.jpg'),(32,'715_2017_03_27_11_39_11_Good_.jpg'),(32,'715_2017_03_27_11_45_36_Average_.jpg'),(32,'715_2017_03_27_11_51_37_Good_.jpg'),(32,'715_2017_03_27_12_01_08_Good_.jpg'),(32,'715_2017_03_27_12_03_33_Good_.jpg'),(32,'715_2017_03_27_12_07_12_Broken_.jpg'),(32,'715_2017_03_27_12_17_49_Good_.jpg'),(32,'715_2017_03_27_12_23_43_Good_.jpg'),(32,'715_2017_03_27_12_28_49_Good_.jpg'),(32,'715_2017_03_27_12_33_50_Good_.jpg'),(32,'715_2017_03_27_12_38_03_Good_.jpg'),(32,'715_2017_03_27_12_41_28_Good_.jpg'),(32,'715_2017_03_27_12_47_13_Good_.jpg'),(32,'715_2017_03_27_13_02_58_Good_.jpg');
/*!40000 ALTER TABLE `pillar_updated_by` ENABLE KEYS */;
UNLOCK TABLES;

--
-- Table structure for table `registered_mobiles`
--

DROP TABLE IF EXISTS `registered_mobiles`;
/*!40101 SET @saved_cs_client     = @@character_set_client */;
/*!40101 SET character_set_client = utf8 */;
CREATE TABLE `registered_mobiles` (
  `imie_number` varchar(110) DEFAULT NULL,
  UNIQUE KEY `registered_mobiles_mobile_number_uindex` (`imie_number`)
) ENGINE=InnoDB DEFAULT CHARSET=utf8;
/*!40101 SET character_set_client = @saved_cs_client */;

--
-- Dumping data for table `registered_mobiles`
--

LOCK TABLES `registered_mobiles` WRITE;
/*!40000 ALTER TABLE `registered_mobiles` DISABLE KEYS */;
INSERT INTO `registered_mobiles` VALUES ('01711389230'),('01737104638');
/*!40000 ALTER TABLE `registered_mobiles` ENABLE KEYS */;
UNLOCK TABLES;

--
-- Table structure for table `report_to_bgb`
--

DROP TABLE IF EXISTS `report_to_bgb`;
/*!40101 SET @saved_cs_client     = @@character_set_client */;
/*!40101 SET character_set_client = utf8 */;
CREATE TABLE `report_to_bgb` (
  `id` int(11) NOT NULL,
  `name` varchar(110) DEFAULT NULL,
  `mobile` varchar(110) DEFAULT NULL,
  `address` varchar(110) DEFAULT NULL,
  `message` varchar(1010) DEFAULT NULL,
  `datetime` timestamp NULL DEFAULT NULL,
  PRIMARY KEY (`id`),
  UNIQUE KEY `report_to_bgb_id_uindex` (`id`)
) ENGINE=InnoDB DEFAULT CHARSET=utf8;
/*!40101 SET character_set_client = @saved_cs_client */;

--
-- Dumping data for table `report_to_bgb`
--

LOCK TABLES `report_to_bgb` WRITE;
/*!40000 ALTER TABLE `report_to_bgb` DISABLE KEYS */;
INSERT INTO `report_to_bgb` VALUES (0,NULL,NULL,NULL,NULL,NULL),(13,'null','null','null','asdADASAsd','2017-03-17 09:34:25'),(14,'AAA','01wsdfad','BBBB','asdA DASAsd','2017-03-17 09:35:45'),(15,'jubyaer','989','asdjhj','null','2017-03-17 09:35:54'),(16,'jubyaer','989','asdjhj','','2017-03-17 09:37:08'),(17,'jubyaer','989','asdjhj','','2017-03-17 09:37:08'),(18,'jubyaer','989','asdjhj','','2017-03-17 09:37:08'),(19,'jubyaer','989','asdjhj','this','2017-03-17 09:37:32'),(20,'null','01wsdfad','BBC','asdA DASAsd','2017-03-17 13:53:46'),(21,'null','01wsdfad','BBC','','2017-03-17 14:51:50'),(22,'রহিম আলি','০১৭১১০৯৮০২১','রহিম ম্যানশন (বাড়ি নং- ২৫), কলেজ রোড, শ্রীমঙ্গল, সিলেট','বর্ডার গার্ড অফ বাংলাদেশ ।','2017-03-17 14:57:01'),(23,'yuyy','01737104638','fytt','gyg yygg','2017-03-19 18:15:51'),(24,'Abdul Muhammad','017XXXXXXXX','Pathantula, Sylhet','I Saw Some People are entering into our border area with bags in their hand at pillar 6','2017-03-19 18:18:00'),(25,'Suborna','','Pathantula','There is some suspicious people at pathantula point.','2017-03-24 18:08:52'),(26,'Mahesh Babu','01712537356','kastoghor,Bondor,Sylhet','There are some people at Kastoghor who are doing smuggling. ','2017-03-24 18:12:09'),(27,'আব্দুল্লাহ পারভেজ','০১৯১৬৩৫৬৭২৩','খাদিম,সিলেট ','আমাদের এলাকায় ইয়াবা কেনাবেচা অধিক পরিমানে বেড়ে গিয়েছে। আশা করছি বিজিবি  এর বিরুদ্ধে ব্যবস্থা নিবে।','2017-03-24 18:20:42');
/*!40000 ALTER TABLE `report_to_bgb` ENABLE KEYS */;
UNLOCK TABLES;

--
-- Table structure for table `soldier`
--

DROP TABLE IF EXISTS `soldier`;
/*!40101 SET @saved_cs_client     = @@character_set_client */;
/*!40101 SET character_set_client = utf8 */;
CREATE TABLE `soldier` (
  `id` int(11) NOT NULL,
  `name` varchar(110) DEFAULT NULL,
  `designation` varchar(110) DEFAULT NULL,
  `username` varchar(110) DEFAULT NULL,
  `password` varchar(110) DEFAULT NULL,
  `patrolling_status` int(11) DEFAULT '0',
  PRIMARY KEY (`id`),
  UNIQUE KEY `username` (`username`)
) ENGINE=InnoDB DEFAULT CHARSET=utf8;
/*!40101 SET character_set_client = @saved_cs_client */;

--
-- Dumping data for table `soldier`
--

LOCK TABLES `soldier` WRITE;
/*!40000 ALTER TABLE `soldier` DISABLE KEYS */;
INSERT INTO `soldier` VALUES (1,'Ali','Soldier(BGB-2)','ali','qrwe',0),(2,'Mohammad','Soldier(BGB-11)','md','reqrd',0),(3,'Sohel','Soldier(BGB-3)','sohel','rqwerq',0),(4,'Bibhash','Soldier(BGB-1)','bibhash','afsdfa',0),(5,'Mirza','Soldier(BGB-2)','mirza','dafa',0),(6,'Shahad','Soldier(BGB-1)','shahad','asdfasd',0),(7,'Al- Amin','Captain','alamin','afsd',0),(8,'ANN','afsd asdf','ann','das',0),(9,'Jubayer','adg','jubayer','erwer',0),(10,'asd','adg','a','ter',0),(11,'asd','adg','b','wwetr',0),(13,'werqw','qqq','c','wertwert',0),(14,'werqw','qqq','d','wtert',0),(15,'pp','ppp','e','wter',0),(16,'Salam','Soldier','salam','tewr',0),(17,'www','wer','asdf','wer',0),(18,'alamin_sust','qqqq','qqq','H7R1feGI',0),(19,'NEW','NRRR','asdfg','djA5',0),(20,'soldier-1','soldier','soldier-1','OJnn',0),(21,'soldier-2','BGB-SYLHET','soldier-2','fwER',0),(22,'soldier-3','BGB-SYLHET','soldier-3','e9tN',0),(23,'soldier-4','BGB-SYLHET','soldier-4','c8ST',0),(24,'soldier-5','BGB-SYLHET','soldier-5','Btji',0),(25,'AAAA','BBBB','CCCCC','$2a$12$cNU0EPm7TH3pKxY0y3kxuex1lHKMPAASW7RvrV6w62CICpyZRdNKW',0),(26,'Al-Amin','Student','alamin_sust','$2a$12$VP3MprOj256yFSxlFijR7Oc3mQ8MoGazKdlgv/iZAPK5Qq898QCmK',0),(27,'Jubayer','Student','jubayer_sust','$2a$12$p3VXk.0oSJh.yu1ftgU.key/dY4xp8U3CNz8qDNjgk5A0YdkJSoQG',0),(28,'Al-Amin 2','Student','alamin_sust2','$2a$12$3P4hsy3R1TTz510ddxyjzORIANRad61rdqPSnRKuI0R77/U.IASl6',0),(29,'Al- Amin 3','Student','alamin_sust3','$2a$12$xAMKGBN0j3MtWwhZ/PJ./.BbaW2rPLSDQYZVWsksMphwfCUuOfeBi',0),(30,'werqw','adg','alamin_sust4','$2a$12$OSaacWrzlg9dOwvk2iC9ueUr60gWsVod2C5zRZv00Wy/N7vkZLUDq',0),(31,'AAAAA','SSSS','alamin_sust5','$2a$12$n1baDdGNglFpIK91lVij7./Ht3J6q8eVH746Rb9kWl5Ax.27ky/SG',0),(32,'soldier-6','BGB-SYLHET','soldier-6','$2a$12$dEyh4qTxzRmB2m6g9zxRweXjSmKfpgHPLlQ709Dkv6c9p4bII7zLG',1),(33,'soldier-7','BGB-SYLHET','soldier-7','$2a$12$ruUKTrx73KFOZWdx08oihuvjZQN2EXjrEPWPVTHLnybAWk0eLnbx.',0),(34,'soldier-8','BGB-SYLHET','soldier-8','$2a$12$d3xUzYZwH5AAxNWxpe5zE.1Z.jKzFaBewGCIzbUQ4pybm19wXEgJe',0),(35,'Topon','signal CT','soldier','$2a$12$pBEiq1ykeSK.E.SGZKBzP.aldfGYDNsa7zhXr65KJurYVOYz0Tlqi',0),(36,'Topon','CT','soldier-10','$2a$12$Bo6I10qkRWswsYODFePVH.VRb/grCr70RJFKXcTEdIyi9ecF2bDVO',0),(37,'Abul Kalam Azad','Habildar CT','soldier-11','$2a$12$Qld.SoV3XH5w2LWRRL6Qv.Ojbmdiy6q1M8GXUXE1sznhe7CYbzjeK',1),(38,'Abul Kalam Azad','Habilder Ct','soldier-12','$2a$12$f5.YSkHFjdbAPjs5duHFS.oeGpFZXCjhgRZuV6JqZ8Mp.BLV9qYD.',0),(39,'Abul Kalam Azad','Hav. CT','soldier-13','$2a$12$l242AgcKII9S4XmnpvELqennIUeTeadJQJXsCUvGfct8HpGOM8ciO',1),(40,'Tohurul','soldier','soldier-14','$2a$12$bMhtCmSmeWmdLJLVCxcwXuISzy0lngWuj6AefR4MYjuFqarmPoHEu',0),(41,'Test','test','test','$2a$12$sbKzgH1Oj6I1HRKw.Twm0uJ0.aP1KHK/saad.Jbc1TbGTHW0f.e9a',0);
/*!40000 ALTER TABLE `soldier` ENABLE KEYS */;
UNLOCK TABLES;

--
-- Table structure for table `soldier_location`
--

DROP TABLE IF EXISTS `soldier_location`;
/*!40101 SET @saved_cs_client     = @@character_set_client */;
/*!40101 SET character_set_client = utf8 */;
CREATE TABLE `soldier_location` (
  `id` int(11) DEFAULT NULL,
  `soldier_id` int(11) DEFAULT NULL,
  `longitude` varchar(110) DEFAULT NULL,
  `latitude` varchar(110) DEFAULT NULL,
  `datetime` timestamp NOT NULL DEFAULT CURRENT_TIMESTAMP ON UPDATE CURRENT_TIMESTAMP,
  `patrol_id` int(11) DEFAULT NULL
) ENGINE=InnoDB DEFAULT CHARSET=utf8;
/*!40101 SET character_set_client = @saved_cs_client */;

--
-- Dumping data for table `soldier_location`
--

LOCK TABLES `soldier_location` WRITE;
/*!40000 ALTER TABLE `soldier_location` DISABLE KEYS */;
INSERT INTO `soldier_location` VALUES (0,0,'0','0','2017-03-12 20:26:08',0),(1,9,'91.108881','24.919200','2017-02-25 04:31:00',NULL),(2,5,'91.95351692252466','24.91271444795875','2017-02-25 07:16:59',NULL),(3,9,'91.95353545215123','24.912703212646132','2017-02-25 07:02:11',NULL),(4,7,'91.95352814229288','24.912735443882898','2017-02-25 09:22:00',NULL),(5,4,'91.95360765848207','24.9127406901786','2017-02-25 07:16:59',NULL),(6,3,'91.95355428644717','24.91273380539531','2017-02-25 07:26:59',NULL),(7,7,'91.95359038395273','24.912725170798126','2017-02-25 08:21:00',NULL),(8,1,'91.95362212586343','24.912689837689225','2017-02-25 10:06:59',NULL),(9,1,'91.95360277341932','24.91271066192659','2017-02-25 07:02:59',NULL),(10,9,'91.95359548544893','24.91271687379369','2017-02-25 07:05:41',NULL),(11,2,'91.95356816774496','24.912689860898166','2017-03-13 17:22:57',8),(12,2,'91.95361963974754','24.912679813850172','2017-03-13 17:22:57',8),(13,2,'91.95357330575273','24.912684171849925','2017-03-13 17:22:57',9),(14,2,'91.95357026575837','24.912670692187508','2017-03-13 18:51:19',11),(15,2,'91.95357026575837','24.912670692187508','2017-03-13 18:51:25',11),(16,4,'91.95333707727873','24.912607579424943','2017-02-25 09:21:00',NULL),(17,2,'91.95333707727873','24.912607579424943','2017-03-13 18:51:33',11),(18,2,'91.95336995503558','24.91263792241824','2017-03-13 19:15:35',11),(19,9,'91.95347269252316','24.912693188012668','2017-02-25 07:12:13',NULL),(20,9,'91.95368089337306','24.91279692393051','2017-02-25 07:12:42',NULL),(21,9,'91.95364495229016','24.91275073162767','2017-02-25 07:13:12',NULL),(22,9,'91.95363582141856','24.912823593407367','2017-03-12 20:45:58',1),(23,9,'91.95356007019511','24.91275414202106','2017-03-12 20:45:58',1),(24,9,'91.95352061629336','24.912749962984954','2017-03-12 20:45:58',1),(25,9,'91.95360456257183','24.912737056217466','2017-03-12 20:45:58',1),(26,9,'91.953401437583','24.91286554462779','2017-03-12 20:45:58',1),(27,9,'91.9535075313949','24.912794560116705','2017-03-12 20:45:58',1),(28,9,'91.95351942010774','24.912780228605094','2017-03-12 20:45:58',1),(29,9,'91.95351942010774','24.912780228605094','2017-03-12 20:45:58',1),(30,9,'91.95356144875778','24.912727836604585','2017-03-12 20:45:58',1),(31,9,'91.95356144875788','24.91272783660444','2017-03-12 20:45:58',1),(32,9,'91.95356144875788','24.91272783660444','2017-03-12 20:45:58',2),(33,9,'91.95363269029313','24.912620487417705','2017-03-12 20:45:58',2),(34,9,'91.95366591848061','24.912533363288464','2017-03-12 20:45:58',2),(35,9,'91.95373000479901','24.912426034488874','2017-03-12 20:45:58',2),(36,9,'91.95372774831317','24.91241420291324','2017-03-12 20:45:58',2),(37,9,'91.95372774831317','24.91241420291324','2017-03-12 20:45:58',2),(38,9,'91.95363759259753','24.912707567325366','2017-03-12 20:45:58',2),(39,9,'91.95359815984415','24.91275528421229','2017-03-12 20:45:58',2),(40,9,'91.95359815984415','24.91275528421229','2017-03-12 20:45:58',2),(41,9,'91.95367533251238','24.912755948726222','2017-03-12 20:45:58',2),(42,9,'91.9536041','24.9127316','2017-03-12 20:45:58',3),(43,9,'91.9536041','24.9127316','2017-03-12 20:45:58',4),(44,9,'91.9536041','24.9127316','2017-03-12 20:45:58',4),(45,9,'91.9536041','24.9127316','2017-02-27 04:39:46',NULL),(46,9,'91.9536041','24.9127316','2017-02-27 04:40:15',NULL),(47,9,'91.9536041','24.9127316','2017-02-27 04:40:47',NULL),(48,9,'91.9536041','24.9127316','2017-02-27 04:41:18',NULL),(49,9,'91.9536041','24.9127316','2017-02-27 04:41:46',NULL),(50,9,'91.9536041','24.9127316','2017-02-27 04:42:17',NULL),(51,9,'91.9536041','24.9127316','2017-02-27 04:42:50',NULL),(52,9,'91.9536041','24.9127316','2017-02-27 04:43:18',NULL),(53,9,'91.9536041','24.9127316','2017-02-27 04:44:04',NULL),(54,9,'91.9536041','24.9127316','2017-02-27 04:44:04',NULL),(55,9,'91.9536041','24.9127316','2017-02-27 04:44:24',NULL),(56,9,'91.9536041','24.9127316','2017-02-27 04:44:55',NULL),(57,9,'91.9536041','24.9127316','2017-02-27 04:45:26',NULL),(58,9,'91.9536041','24.9127316','2017-02-27 04:45:54',NULL),(59,9,'91.9536041','24.9127316','2017-02-27 04:46:26',NULL),(60,9,'91.9536041','24.9127316','2017-02-27 04:46:54',NULL),(61,9,'91.9536041','24.9127316','2017-02-27 04:52:12',NULL),(62,9,'91.9536041','24.9127316','2017-02-27 04:52:43',NULL),(63,9,'91.9536041','24.9127316','2017-02-27 04:53:12',NULL),(64,9,'91.9536041','24.9127316','2017-02-27 04:53:42',NULL),(65,9,'91.9536041','24.9127316','2017-02-27 04:54:12',NULL),(66,9,'91.9536041','24.9127316','2017-02-27 04:54:42',NULL),(67,9,'91.9536041','24.9127316','2017-02-27 04:55:14',NULL),(68,9,'91.9536041','24.9127316','2017-02-27 04:55:44',NULL),(69,9,'91.9536041','24.9127316','2017-02-27 04:56:15',NULL),(70,9,'91.9536041','24.9127316','2017-02-27 04:56:43',NULL),(71,9,'91.9536041','24.9127316','2017-02-27 04:57:13',NULL),(72,9,'91.9536041','24.9127316','2017-02-27 04:57:43',NULL),(73,9,'91.9536041','24.9127316','2017-02-27 04:58:15',NULL),(74,9,'91.9536041','24.9127316','2017-02-27 04:58:43',NULL),(75,9,'91.9536041','24.9127316','2017-02-27 04:59:14',NULL),(76,9,'91.9536041','24.9127316','2017-02-27 04:59:48',NULL),(77,9,'91.9536041','24.9127316','2017-02-27 05:00:14',NULL),(78,9,'91.9536041','24.9127316','2017-02-27 05:00:44',NULL),(79,9,'91.9536041','24.9127316','2017-02-27 05:01:14',NULL),(80,9,'91.9536041','24.9127316','2017-02-27 05:01:44',NULL),(81,9,'91.9536041','24.9127316','2017-02-27 05:02:14',NULL),(82,9,'91.9536041','24.9127316','2017-02-27 05:02:44',NULL),(83,9,'91.927466','24.911442','2017-02-27 05:03:02',NULL),(84,9,'91.9536041','24.9127316','2017-02-27 05:03:15',NULL),(85,9,'91.9536041','24.9127316','2017-02-27 05:03:45',NULL),(86,9,'91.9536041','24.9127316','2017-02-27 05:04:15',NULL),(87,9,'91.9536041','24.9127316','2017-02-27 05:04:45',NULL),(88,9,'91.9536041','24.9127316','2017-02-27 05:05:17',NULL),(89,9,'91.9536041','24.9127316','2017-02-27 05:05:46',NULL),(90,9,'91.9536041','24.9127316','2017-02-27 05:06:16',NULL),(91,9,'91.9536041','24.9127316','2017-02-27 05:06:46',NULL),(92,9,'91.9536041','24.9127316','2017-02-27 05:07:17',NULL),(93,9,'91.9536041','24.9127316','2017-02-27 05:07:47',NULL),(94,9,'91.9536041','24.9127316','2017-02-27 05:08:17',NULL),(95,9,'91.9536041','24.9127316','2017-02-27 05:08:47',NULL),(96,9,'91.9536041','24.9127316','2017-02-27 05:09:18',NULL),(97,9,'91.9536041','24.9127316','2017-02-27 05:09:47',NULL),(98,9,'91.9536041','24.9127316','2017-02-27 05:10:18',NULL),(99,9,'91.9536041','24.9127316','2017-02-27 05:10:49',NULL),(100,9,'91.9536041','24.9127316','2017-02-27 05:11:19',NULL),(101,9,'91.9536041','24.9127316','2017-02-27 05:11:49',NULL),(102,9,'91.9536041','24.9127316','2017-02-27 05:12:19',NULL),(103,9,'91.9536041','24.9127316','2017-02-27 05:12:49',NULL),(104,9,'91.9536041','24.9127316','2017-02-27 05:13:19',NULL),(105,9,'91.9536041','24.9127316','2017-02-27 05:13:49',NULL),(106,9,'91.9536041','24.9127316','2017-02-27 05:14:21',NULL),(107,9,'91.9536041','24.9127316','2017-02-27 05:14:51',NULL),(108,9,'91.9536041','24.9127316','2017-02-27 05:15:22',NULL),(109,9,'91.9536041','24.9127316','2017-02-27 05:15:51',NULL),(110,9,'91.9536041','24.9127316','2017-02-27 05:16:22',NULL),(111,9,'91.9536041','24.9127316','2017-02-27 05:16:51',NULL),(112,9,'91.9536041','24.9127316','2017-02-27 05:17:22',NULL),(113,9,'91.9536041','24.9127316','2017-02-27 05:17:51',NULL),(114,9,'91.9536041','24.9127316','2017-02-27 05:18:22',NULL),(115,9,'91.9536041','24.9127316','2017-02-27 05:18:52',NULL),(116,9,'91.9536041','24.9127316','2017-02-27 05:19:21',NULL),(117,9,'91.9536041','24.9127316','2017-02-27 05:19:51',NULL),(118,9,'91.9536041','24.9127316','2017-02-27 05:20:21',NULL),(119,9,'91.9536041','24.9127316','2017-02-27 05:20:52',NULL),(120,9,'91.9536041','24.9127316','2017-02-27 05:21:21',NULL),(121,9,'91.9536041','24.9127316','2017-02-27 05:21:51',NULL),(122,NULL,'null','null','2017-02-27 05:22:10',NULL),(123,9,'91.9536041','24.9127316','2017-02-27 05:22:22',NULL),(124,9,'91.9536041','24.9127316','2017-02-27 05:22:52',NULL),(125,9,'91.9536041','24.9127316','2017-02-27 05:23:42',NULL),(126,9,'91.9536041','24.9127316','2017-02-27 05:24:14',NULL),(127,9,'91.9536041','24.9127316','2017-02-27 05:24:41',NULL),(128,9,'91.9536041','24.9127316','2017-02-27 05:25:11',NULL),(129,9,'91.9536041','24.9127316','2017-02-27 05:25:42',NULL),(130,9,'91.9536041','24.9127316','2017-02-27 05:26:22',NULL),(131,9,'91.9536041','24.9127316','2017-02-27 05:26:50',NULL),(132,9,'91.9536041','24.9127316','2017-02-27 05:29:41',NULL),(133,9,'91.9536041','24.9127316','2017-02-27 05:29:50',NULL),(134,9,'91.9536041','24.9127316','2017-02-27 05:31:09',NULL),(135,9,'91.9536041','24.9127316','2017-02-27 05:31:39',NULL),(136,9,'91.9536041','24.9127316','2017-02-27 05:32:10',NULL),(137,NULL,'null','null','2017-02-27 05:32:23',NULL),(138,9,'91.9536041','24.9127316','2017-02-27 05:32:44',NULL),(139,NULL,'null','null','2017-02-27 05:32:45',NULL),(140,9,'91.9536041','24.9127316','2017-02-27 05:33:10',NULL),(141,9,'91.927466','24.911442','2017-02-27 05:33:33',NULL),(142,NULL,'null','null','2017-02-27 05:33:54',NULL),(143,NULL,'null','null','2017-02-27 05:34:02',NULL),(144,NULL,'null','null','2017-02-27 05:34:24',NULL),(145,NULL,'null','null','2017-02-27 05:34:54',NULL),(146,NULL,'null','null','2017-02-27 05:35:24',NULL),(147,NULL,'null','null','2017-02-27 05:35:55',NULL),(148,9,'0.0','0.0','2017-02-27 05:43:44',NULL),(149,9,'91.902535','24.898325','2017-02-27 05:51:07',NULL),(150,NULL,'null','null','2017-02-27 05:51:20',NULL),(151,9,'91.902535','24.898325','2017-02-27 05:51:36',NULL),(152,9,'91.902535','24.898325','2017-02-27 05:52:07',NULL),(153,9,'91.902535','24.898325','2017-02-27 05:52:37',NULL),(154,9,'91.902535','24.898325','2017-02-27 05:53:07',NULL),(155,9,'91.902535','24.898325','2017-02-27 05:53:39',NULL),(156,9,'91.902535','24.898325','2017-02-27 05:54:07',NULL),(157,9,'91.902535','24.898325','2017-02-27 05:54:39',NULL),(158,9,'91.902535','24.898325','2017-02-27 05:55:10',NULL),(159,9,'91.902535','24.898325','2017-02-27 05:55:38',NULL),(160,9,'91.902535','24.898325','2017-02-27 05:56:11',NULL),(161,9,'91.902535','24.898325','2017-02-27 05:56:40',NULL),(162,9,'91.902535','24.898325','2017-02-27 05:57:09',NULL),(163,9,'91.902535','24.898325','2017-02-27 05:57:39',NULL),(164,9,'91.902535','24.898325','2017-02-27 05:58:09',NULL),(165,9,'91.902535','24.898325','2017-02-27 05:58:41',NULL),(166,9,'91.902535','24.898325','2017-02-27 05:59:13',NULL),(167,9,'91.9536041','24.9127316','2017-02-27 05:59:30',NULL),(168,9,'91.902535','24.898325','2017-02-27 05:59:40',NULL),(169,9,'91.9536041','24.9127316','2017-02-27 06:00:00',NULL),(170,9,'91.902535','24.898325','2017-02-27 06:00:10',NULL),(171,9,'91.9536041','24.9127316','2017-02-27 06:00:29',NULL),(172,9,'91.902535','24.898325','2017-02-27 06:00:39',NULL),(173,9,'91.9536041','24.9127316','2017-02-27 06:00:59',NULL),(174,9,'91.902535','24.898325','2017-02-27 06:01:11',NULL),(175,9,'91.9536041','24.9127316','2017-02-27 06:01:29',NULL),(176,9,'91.902535','24.898325','2017-02-27 06:01:40',NULL),(177,9,'91.9536041','24.9127316','2017-02-27 06:02:03',NULL),(178,9,'91.902535','24.898325','2017-02-27 06:02:12',NULL),(179,9,'91.9536041','24.9127316','2017-02-27 06:02:33',NULL),(180,9,'91.902535','24.898325','2017-02-27 06:02:40',NULL),(181,9,'91.9536041','24.9127316','2017-02-27 06:02:59',NULL),(182,9,'91.902535','24.898325','2017-02-27 06:03:10',NULL),(183,9,'91.9536041','24.9127316','2017-02-27 06:03:40',NULL),(184,9,'91.902535','24.898325','2017-02-27 06:03:41',NULL),(185,9,'91.9536041','24.9127316','2017-02-27 06:03:59',NULL),(186,9,'91.902535','24.898325','2017-02-27 06:04:13',NULL),(187,9,'91.9536041','24.9127316','2017-02-27 06:04:30',NULL),(188,9,'91.902535','24.898325','2017-02-27 06:04:41',NULL),(189,9,'91.9536041','24.9127316','2017-02-27 06:05:00',NULL),(190,9,'91.902535','24.898325','2017-02-27 06:05:10',NULL),(191,9,'91.9536041','24.9127316','2017-02-27 06:05:32',NULL),(192,9,'91.902535','24.898325','2017-02-27 06:05:42',NULL),(193,9,'91.9536041','24.9127316','2017-02-27 06:06:00',NULL),(194,9,'91.902535','24.898325','2017-02-27 06:06:11',NULL),(195,9,'91.9536041','24.9127316','2017-02-27 06:06:31',NULL),(196,9,'91.902535','24.898325','2017-02-27 06:06:41',NULL),(197,9,'91.9536041','24.9127316','2017-02-27 06:07:01',NULL),(198,9,'91.902535','24.898325','2017-02-27 06:07:11',NULL),(199,9,'91.902535','24.898325','2017-02-27 06:08:01',NULL),(200,9,'91.902535','24.898325','2017-02-27 06:08:11',NULL),(201,9,'91.9536041','24.9127316','2017-02-27 06:08:30',NULL),(202,9,'91.9536041','24.9127316','2017-02-27 06:08:31',NULL),(203,9,'91.9536041','24.9127316','2017-02-27 06:08:31',NULL),(204,9,'91.902535','24.898325','2017-02-27 06:08:47',NULL),(205,9,'91.9536041','24.9127316','2017-02-27 06:09:07',NULL),(206,9,'91.902535','24.898325','2017-02-27 06:09:12',NULL),(207,9,'91.9536041','24.9127316','2017-02-27 06:09:33',NULL),(208,9,'91.902535','24.898325','2017-02-27 06:09:42',NULL),(209,9,'91.9536041','24.9127316','2017-02-27 06:10:01',NULL),(210,9,'91.902535','24.898325','2017-02-27 06:10:13',NULL),(211,9,'91.9536041','24.9127316','2017-02-27 06:10:31',NULL),(212,9,'91.902535','24.898325','2017-02-27 06:10:42',NULL),(213,9,'91.9536041','24.9127316','2017-02-27 06:11:01',NULL),(214,9,'91.902535','24.898325','2017-02-27 06:11:12',NULL),(215,NULL,'null','null','2017-02-27 06:11:19',NULL),(216,9,'91.902535','24.898325','2017-02-27 06:11:42',NULL),(217,NULL,'null','null','2017-02-27 06:11:49',NULL),(218,9,'91.902535','24.898325','2017-02-27 06:12:12',NULL),(219,9,'91.902535','24.898325','2017-02-27 06:12:42',NULL),(220,NULL,'null','null','2017-02-27 06:12:49',NULL),(221,9,'91.902535','24.898325','2017-02-27 06:13:13',NULL),(222,NULL,'null','null','2017-02-27 06:13:21',NULL),(223,9,'91.902535','24.898325','2017-02-27 06:13:42',NULL),(224,NULL,'null','null','2017-02-27 06:13:51',NULL),(225,9,'91.902535','24.898325','2017-02-27 06:14:12',NULL),(226,9,'91.902535','24.898325','2017-02-27 06:14:45',NULL),(227,9,'91.902535','24.898325','2017-02-27 06:15:14',NULL),(228,9,'91.902535','24.898325','2017-02-27 06:15:43',NULL),(229,9,'91.902535','24.898325','2017-02-27 06:16:13',NULL),(230,9,'91.902535','24.898325','2017-02-27 06:16:44',NULL),(231,9,'91.902535','24.898325','2017-02-27 06:17:14',NULL),(232,9,'91.902535','24.898325','2017-02-27 06:17:43',NULL),(233,9,'91.902535','24.898325','2017-02-27 06:18:15',NULL),(234,9,'91.902535','24.898325','2017-02-27 06:18:44',NULL),(235,9,'91.902535','24.898325','2017-02-27 06:19:14',NULL),(236,9,'91.902535','24.898325','2017-02-27 06:19:44',NULL),(237,9,'91.902535','24.898325','2017-02-27 06:20:16',NULL),(238,9,'91.902535','24.898325','2017-02-27 06:20:44',NULL),(239,9,'91.902535','24.898325','2017-02-27 06:21:14',NULL),(240,9,'91.902535','24.898325','2017-02-27 06:21:45',NULL),(241,9,'91.9536041','24.9127316','2017-02-27 06:21:54',NULL),(242,9,'91.902535','24.898325','2017-02-27 06:22:14',NULL),(243,9,'91.902535','24.898325','2017-02-27 06:22:45',NULL),(244,9,'91.902535','24.898325','2017-02-27 06:23:15',NULL),(245,9,'91.902535','24.898325','2017-02-27 06:23:46',NULL),(246,9,'91.902535','24.898325','2017-02-27 06:24:16',NULL),(247,9,'91.902535','24.898325','2017-02-27 06:52:52',NULL),(248,9,'91.902535','24.898325','2017-02-27 06:53:21',NULL),(249,9,'91.87866935517116','24.90656609234899','2017-02-27 06:53:30',NULL),(250,9,'91.902535','24.898325','2017-02-27 06:53:52',NULL),(251,9,'91.87866935517116','24.90656609234899','2017-02-27 06:54:00',NULL),(252,9,'91.902535','24.898325','2017-02-27 06:54:22',NULL),(253,9,'91.87866935517116','24.90656609234899','2017-02-27 06:54:30',NULL),(254,9,'91.902535','24.898325','2017-02-27 06:54:52',NULL),(255,9,'91.87866935517116','24.90656609234899','2017-02-27 06:55:01',NULL),(256,9,'91.902535','24.898325','2017-02-27 06:55:22',NULL),(257,9,'91.87866935517116','24.90656609234899','2017-02-27 06:55:32',NULL),(258,9,'91.902535','24.898325','2017-02-27 06:55:52',NULL),(259,9,'91.87866935517116','24.90656609234899','2017-02-27 06:56:03',NULL),(260,9,'91.902535','24.898325','2017-02-27 06:56:23',NULL),(261,9,'91.87866935517116','24.90656609234899','2017-02-27 06:56:32',NULL),(262,9,'91.902535','24.898325','2017-02-27 06:56:53',NULL),(263,9,'91.87866935517116','24.90656609234899','2017-02-27 06:57:04',NULL),(264,9,'91.902535','24.898325','2017-02-27 06:57:24',NULL),(265,9,'91.87866935517116','24.90656609234899','2017-02-27 06:57:31',NULL),(266,9,'91.902535','24.898325','2017-02-27 06:57:53',NULL),(267,9,'91.87866935517116','24.90656609234899','2017-02-27 06:58:02',NULL),(268,9,'91.902535','24.898325','2017-02-27 06:58:23',NULL),(269,9,'91.87866935517116','24.90656609234899','2017-02-27 06:58:33',NULL),(270,9,'91.902535','24.898325','2017-02-27 06:58:54',NULL),(271,9,'91.87866935517116','24.90656609234899','2017-02-27 06:59:03',NULL),(272,9,'91.902535','24.898325','2017-02-27 06:59:25',NULL),(273,9,'91.87866935517116','24.90656609234899','2017-02-27 06:59:36',NULL),(274,9,'91.902535','24.898325','2017-02-27 06:59:54',NULL),(275,9,'91.87866935517116','24.90656609234899','2017-02-27 07:00:03',NULL),(276,9,'91.902535','24.898325','2017-02-27 07:00:24',NULL),(277,9,'91.87866935517116','24.90656609234899','2017-02-27 07:00:32',NULL),(278,9,'91.902535','24.898325','2017-02-27 07:00:55',NULL),(279,9,'91.87866935517116','24.90656609234899','2017-02-27 07:01:03',NULL),(280,9,'91.902535','24.898325','2017-02-27 07:01:27',NULL),(281,9,'91.87866935517116','24.90656609234899','2017-02-27 07:01:34',NULL),(282,9,'91.902535','24.898325','2017-02-27 07:01:55',NULL),(283,9,'91.87866935517116','24.90656609234899','2017-02-27 07:02:03',NULL),(284,9,'91.902535','24.898325','2017-02-27 07:02:25',NULL),(285,9,'91.87866935517116','24.90656609234899','2017-02-27 07:02:34',NULL),(286,9,'91.902535','24.898325','2017-02-27 07:02:57',NULL),(287,9,'91.87866935517116','24.90656609234899','2017-02-27 07:03:06',NULL),(288,9,'91.902535','24.898325','2017-02-27 07:03:24',NULL),(289,9,'91.87866935517116','24.90656609234899','2017-02-27 07:03:33',NULL),(290,9,'91.902535','24.898325','2017-02-27 07:03:55',NULL),(291,9,'91.87866935517116','24.90656609234899','2017-02-27 07:04:03',NULL),(292,9,'91.902535','24.898325','2017-02-27 07:04:25',NULL),(293,9,'91.87866935517116','24.90656609234899','2017-02-27 07:04:34',NULL),(294,9,'91.902535','24.898325','2017-02-27 07:04:55',NULL),(295,9,'91.87866935517116','24.90656609234899','2017-02-27 07:05:04',NULL),(296,9,'91.902535','24.898325','2017-02-27 07:05:25',NULL),(297,9,'91.87866935517116','24.90656609234899','2017-02-27 07:05:34',NULL),(298,9,'91.902535','24.898325','2017-02-27 07:05:54',NULL),(299,9,'91.87866935517116','24.90656609234899','2017-02-27 07:06:04',NULL),(300,9,'91.87866935517116','24.90656609234899','2017-02-27 07:06:33',NULL),(301,9,'91.87866935517116','24.90656609234899','2017-02-27 07:07:25',NULL),(302,9,'91.87866935517116','24.90656609234899','2017-02-27 07:07:34',NULL),(303,9,'91.87866935517116','24.90656609234899','2017-02-27 07:08:05',NULL),(304,9,'91.87866935517116','24.90656609234899','2017-02-27 07:08:34',NULL),(305,9,'91.87866935517116','24.90656609234899','2017-02-27 07:09:09',NULL),(306,9,'91.83455919862239','24.91190133387424','2017-02-27 07:09:34',NULL),(307,9,'91.83463687831446','24.911618885268567','2017-02-27 07:10:05',NULL),(308,9,'91.83463687831446','24.911618885268567','2017-02-27 07:10:35',NULL),(309,9,'91.83463687831446','24.911618885268567','2017-02-27 07:11:16',NULL),(310,9,'91.83463687831446','24.911618885268567','2017-02-27 07:11:34',NULL),(311,9,'91.83463687831446','24.911618885268567','2017-02-27 07:12:06',NULL),(312,9,'91.83463687831446','24.911618885268567','2017-02-27 07:12:35',NULL),(313,9,'91.83463687831446','24.911618885268567','2017-02-27 07:13:05',NULL),(314,9,'91.83463687831446','24.911618885268567','2017-02-27 07:13:34',NULL),(315,9,'91.83463687831446','24.911618885268567','2017-02-27 07:14:07',NULL),(316,9,'91.83463687831446','24.911618885268567','2017-02-27 07:14:36',NULL),(317,9,'91.83463687831446','24.911618885268567','2017-02-27 07:15:05',NULL),(318,9,'91.83463687831446','24.911618885268567','2017-02-27 07:15:36',NULL),(319,9,'91.83463687831446','24.911618885268567','2017-02-27 07:16:06',NULL),(320,9,'91.83463687831446','24.911618885268567','2017-02-27 07:16:37',NULL),(321,9,'91.83463687831446','24.911618885268567','2017-02-27 07:17:09',NULL),(322,9,'91.83463687831446','24.911618885268567','2017-02-27 07:17:41',NULL),(323,9,'91.83463687831446','24.911618885268567','2017-02-27 07:18:06',NULL),(324,9,'91.83463687831446','24.911618885268567','2017-02-27 07:18:38',NULL),(325,9,'91.83463687831446','24.911618885268567','2017-02-27 07:19:06',NULL),(326,9,'91.83463687831446','24.911618885268567','2017-02-27 07:19:53',NULL),(327,9,'91.83463687831446','24.911618885268567','2017-02-27 07:20:08',NULL),(328,9,'91.83463687831446','24.911618885268567','2017-02-27 07:20:39',NULL),(329,9,'91.83463687831446','24.911618885268567','2017-02-27 07:21:11',NULL),(330,9,'91.83463687831446','24.911618885268567','2017-02-27 07:21:41',NULL),(331,9,'91.83463687831446','24.911618885268567','2017-02-27 07:22:17',NULL),(332,9,'91.83463687831446','24.911618885268567','2017-02-27 07:22:44',NULL),(333,9,'91.83440681578945','24.911800626928216','2017-02-27 07:22:51',NULL),(334,9,'91.83440681578945','24.911800626928216','2017-02-27 07:23:22',NULL),(335,9,'91.83440681578945','24.911800626928216','2017-02-27 07:23:51',NULL),(336,9,'91.83440681578945','24.911800626928216','2017-02-27 07:24:22',NULL),(337,9,'91.83440681578945','24.911800626928216','2017-02-27 07:25:21',NULL),(338,9,'91.83440681578945','24.911800626928216','2017-02-27 07:25:22',NULL),(339,9,'91.83440681578945','24.911800626928216','2017-02-27 07:26:14',NULL),(340,9,'91.83440681578945','24.911800626928216','2017-02-27 07:26:22',NULL),(341,9,'91.83440681578945','24.911800626928216','2017-02-27 07:26:52',NULL),(342,9,'91.83440681578945','24.911800626928216','2017-02-27 07:27:22',NULL),(343,9,'91.83440681578945','24.911800626928216','2017-02-27 07:27:55',NULL),(344,9,'91.83440681578945','24.911800626928216','2017-02-27 07:28:23',NULL),(345,9,'91.83440681578945','24.911800626928216','2017-02-27 07:28:52',NULL),(346,9,'91.83440681578945','24.911800626928216','2017-02-27 07:29:24',NULL),(347,9,'91.83440681578945','24.911800626928216','2017-02-27 07:30:22',NULL),(348,9,'91.83440681578945','24.911800626928216','2017-02-27 07:30:23',NULL),(349,9,'91.83440681578945','24.911800626928216','2017-02-27 07:30:56',NULL),(350,9,'91.83440681578945','24.911800626928216','2017-02-27 07:31:30',NULL),(351,9,'91.83440681578945','24.911800626928216','2017-02-27 07:32:24',NULL),(352,9,'91.83440681578945','24.911800626928216','2017-02-27 07:32:27',NULL),(353,9,'91.83440681578945','24.911800626928216','2017-02-27 07:32:53',NULL),(354,9,'91.83440681578945','24.911800626928216','2017-02-27 07:33:23',NULL),(355,9,'91.83440681578945','24.911800626928216','2017-02-27 07:34:44',NULL),(356,9,'91.83440681578945','24.911800626928216','2017-02-27 07:34:46',NULL),(357,9,'91.83440681578945','24.911800626928216','2017-02-27 07:34:54',NULL),(358,9,'91.83440681578945','24.911800626928216','2017-02-27 07:35:28',NULL),(359,9,'91.83440681578945','24.911800626928216','2017-02-27 07:36:49',NULL),(360,9,'91.83440681578945','24.911800626928216','2017-02-27 07:36:49',NULL),(361,9,'91.83440681578945','24.911800626928216','2017-02-27 07:36:54',NULL),(362,9,'91.83440681578945','24.911800626928216','2017-02-27 07:37:26',NULL),(363,9,'91.83440681578945','24.911800626928216','2017-02-27 07:37:56',NULL),(364,9,'91.95362153856209','24.912897260611764','2017-02-27 10:54:18',NULL),(365,9,'91.95362153856209','24.912897260611764','2017-02-27 10:54:48',NULL),(366,9,'91.95362153856209','24.912897260611764','2017-02-27 10:55:20',NULL),(367,9,'91.95362153856209','24.912897260611764','2017-02-27 10:55:49',NULL),(368,9,'91.95362153856209','24.912897260611764','2017-02-27 10:56:20',NULL),(369,9,'91.95362153856209','24.912897260611764','2017-02-27 10:56:49',NULL),(370,9,'91.95362153856209','24.912897260611764','2017-02-27 10:57:19',NULL),(371,9,'91.95362153856209','24.912897260611764','2017-02-27 10:57:54',NULL),(372,9,'91.95362153856209','24.912897260611764','2017-02-27 10:59:45',NULL),(373,9,'91.95362153856209','24.912897260611764','2017-02-27 11:00:52',NULL),(374,9,'91.95362153856209','24.912897260611764','2017-02-27 11:01:22',NULL),(375,9,'91.95362153856209','24.912897260611764','2017-02-27 11:01:39',NULL),(376,9,'91.95362153856209','24.912897260611764','2017-02-27 11:40:37',NULL),(377,9,'91.95362153856209','24.912897260611764','2017-02-27 11:41:09',NULL),(378,9,'91.95362153856209','24.912897260611764','2017-02-27 11:41:39',NULL),(379,9,'91.95362153856209','24.912897260611764','2017-02-27 11:42:09',NULL),(380,9,'91.95362153856209','24.912897260611764','2017-02-27 11:42:39',NULL),(381,9,'91.95362153856209','24.912897260611764','2017-02-27 11:43:10',NULL),(382,9,'91.95362153856209','24.912897260611764','2017-02-27 11:43:40',NULL),(383,9,'91.95362153856209','24.912897260611764','2017-02-27 11:44:11',NULL),(384,9,'91.95362153856209','24.912897260611764','2017-02-27 11:44:44',NULL),(385,9,'91.95362153856209','24.912897260611764','2017-02-27 11:51:14',NULL),(386,9,'91.95362153856209','24.912897260611764','2017-02-27 11:51:49',NULL),(387,9,'91.95362153856209','24.912897260611764','2017-02-27 11:52:17',NULL),(388,9,'91.95362153856209','24.912897260611764','2017-02-27 11:52:47',NULL),(389,9,'91.95362153856209','24.912897260611764','2017-02-27 11:53:19',NULL),(390,9,'91.95362153856209','24.912897260611764','2017-02-27 11:53:46',NULL),(391,9,'91.95362153856209','24.912897260611764','2017-02-27 11:54:17',NULL),(392,9,'91.95362153856209','24.912897260611764','2017-02-27 11:54:48',NULL),(393,9,'91.95362153856209','24.912897260611764','2017-02-27 11:55:17',NULL),(394,9,'91.95362153856209','24.912897260611764','2017-02-27 11:55:47',NULL),(395,9,'91.95362153856209','24.912897260611764','2017-02-27 11:56:19',NULL),(396,9,'91.95362153856209','24.912897260611764','2017-02-27 11:56:48',NULL),(397,9,'91.95362153856209','24.912897260611764','2017-02-27 11:57:18',NULL),(398,9,'91.95362153856209','24.912897260611764','2017-02-27 11:57:49',NULL),(399,9,'91.95362153856209','24.912897260611764','2017-02-27 11:58:19',NULL),(400,9,'91.95362153856209','24.912897260611764','2017-02-27 11:58:48',NULL),(401,9,'91.95362153856209','24.912897260611764','2017-02-27 11:59:21',NULL),(402,9,'91.95362153856209','24.912897260611764','2017-02-27 11:59:49',NULL),(403,9,'91.95362153856209','24.912897260611764','2017-02-27 12:00:20',NULL),(404,9,'91.95362153856209','24.912897260611764','2017-02-27 12:00:50',NULL),(405,9,'91.95362153856209','24.912897260611764','2017-02-27 12:01:24',NULL),(406,9,'91.95362153856209','24.912897260611764','2017-02-27 12:01:50',NULL),(407,9,'91.95362153856209','24.912897260611764','2017-02-27 12:02:20',NULL),(408,9,'91.95362153856209','24.912897260611764','2017-02-27 12:02:50',NULL),(409,9,'91.95362153856209','24.912897260611764','2017-02-27 12:03:22',NULL),(410,9,'91.95362153856209','24.912897260611764','2017-02-27 12:03:52',NULL),(411,9,'91.95362153856209','24.912897260611764','2017-02-27 12:04:21',NULL),(412,9,'91.95362153856209','24.912897260611764','2017-02-27 12:04:51',NULL),(413,9,'91.95362153856209','24.912897260611764','2017-02-27 12:05:21',NULL),(414,9,'91.95362153856209','24.912897260611764','2017-02-27 12:05:51',NULL),(415,9,'91.95362153856209','24.912897260611764','2017-02-27 12:06:24',NULL),(416,9,'91.95362153856209','24.912897260611764','2017-02-27 12:06:52',NULL),(417,9,'91.95362153856209','24.912897260611764','2017-02-27 12:07:21',NULL),(418,9,'91.95362153856209','24.912897260611764','2017-02-27 12:07:51',NULL),(419,9,'91.95362153856209','24.912897260611764','2017-02-27 12:08:22',NULL),(420,9,'91.95362153856209','24.912897260611764','2017-02-27 12:08:53',NULL),(421,9,'91.95362153856209','24.912897260611764','2017-02-27 12:09:22',NULL),(422,9,'91.95362153856209','24.912897260611764','2017-02-27 12:09:53',NULL),(423,9,'91.95362153856209','24.912897260611764','2017-02-27 12:10:24',NULL),(424,9,'91.95362153856209','24.912897260611764','2017-02-27 12:10:53',NULL),(425,9,'91.95362153856209','24.912897260611764','2017-02-27 12:11:23',NULL),(426,9,'91.95362153856209','24.912897260611764','2017-02-27 12:11:53',NULL),(427,9,'91.95362153856209','24.912897260611764','2017-02-27 12:12:24',NULL),(428,9,'91.95362153856209','24.912897260611764','2017-02-27 12:12:54',NULL),(429,9,'91.95362153856209','24.912897260611764','2017-02-27 12:13:26',NULL),(430,9,'91.95362153856209','24.912897260611764','2017-02-27 12:13:56',NULL),(431,9,'91.95362153856209','24.912897260611764','2017-02-27 12:14:24',NULL),(432,9,'91.95362153856209','24.912897260611764','2017-02-27 12:14:54',NULL),(433,9,'91.95362153856209','24.912897260611764','2017-02-27 12:15:24',NULL),(434,9,'91.95362153856209','24.912897260611764','2017-02-27 12:15:55',NULL),(435,9,'91.95362153856209','24.912897260611764','2017-02-27 12:16:26',NULL),(436,9,'91.95362153856209','24.912897260611764','2017-02-27 12:16:55',NULL),(437,9,'91.95362153856209','24.912897260611764','2017-02-27 12:17:26',NULL),(438,9,'91.95362153856209','24.912897260611764','2017-02-27 12:17:56',NULL),(439,9,'91.95362153856209','24.912897260611764','2017-02-27 12:18:29',NULL),(440,9,'91.95362153856209','24.912897260611764','2017-02-27 12:18:56',NULL),(441,9,'91.95362153856209','24.912897260611764','2017-02-27 12:19:26',NULL),(442,9,'91.95362153856209','24.912897260611764','2017-02-27 12:19:57',NULL),(443,9,'91.95362153856209','24.912897260611764','2017-02-27 12:20:27',NULL),(444,9,'91.95362153856209','24.912897260611764','2017-02-27 12:20:56',NULL),(445,9,'91.95362153856209','24.912897260611764','2017-02-27 12:21:28',NULL),(446,9,'91.95362153856209','24.912897260611764','2017-02-27 12:21:57',NULL),(447,9,'91.95362153856209','24.912897260611764','2017-02-27 12:22:28',NULL),(448,9,'91.95362153856209','24.912897260611764','2017-02-27 12:22:47',NULL),(449,9,'91.95362153856209','24.912897260611764','2017-02-27 12:23:18',NULL),(450,9,'91.95362153856209','24.912897260611764','2017-02-27 12:23:50',NULL),(451,9,'91.95362153856209','24.912897260611764','2017-02-27 12:24:19',NULL),(452,9,'91.95362153856209','24.912897260611764','2017-02-27 12:24:48',NULL),(453,9,'91.95362153856209','24.912897260611764','2017-02-27 12:25:19',NULL),(454,9,'91.95362153856209','24.912897260611764','2017-02-27 12:25:49',NULL),(455,9,'91.95362153856209','24.912897260611764','2017-02-27 12:26:21',NULL),(456,9,'91.95362153856209','24.912897260611764','2017-02-27 12:26:48',NULL),(457,9,'91.95362153856209','24.912897260611764','2017-02-27 12:27:19',NULL),(458,9,'91.95362153856209','24.912897260611764','2017-02-27 12:27:49',NULL),(459,9,'91.95362153856209','24.912897260611764','2017-02-27 12:28:19',NULL),(460,9,'91.95362153856209','24.912897260611764','2017-02-27 12:28:50',NULL),(461,9,'91.95362153856209','24.912897260611764','2017-02-27 12:29:19',NULL),(462,9,'91.95362153856209','24.912897260611764','2017-02-27 12:29:49',NULL),(463,9,'91.95362153856209','24.912897260611764','2017-02-27 12:30:23',NULL),(464,9,'91.95362153856209','24.912897260611764','2017-02-27 12:30:52',NULL),(465,9,'91.95362153856209','24.912897260611764','2017-02-27 12:31:24',NULL),(466,9,'91.95362153856209','24.912897260611764','2017-02-27 12:31:53',NULL),(467,9,'91.95362153856209','24.912897260611764','2017-02-27 12:32:23',NULL),(468,9,'91.95362153856209','24.912897260611764','2017-02-27 12:32:53',NULL),(469,9,'91.95362153856209','24.912897260611764','2017-02-27 12:33:17',NULL),(470,9,'91.95362153856209','24.912897260611764','2017-02-27 12:33:49',NULL),(471,9,'91.95362153856209','24.912897260611764','2017-02-27 12:34:18',NULL),(472,9,'91.95362153856209','24.912897260611764','2017-02-27 12:34:48',NULL),(473,9,'91.95362153856209','24.912897260611764','2017-02-27 12:35:19',NULL),(474,9,'91.95362153856209','24.912897260611764','2017-02-27 12:35:48',NULL),(475,9,'91.95362153856209','24.912897260611764','2017-02-27 12:36:19',NULL),(476,9,'91.95362153856209','24.912897260611764','2017-02-27 12:36:43',NULL),(477,9,'91.95362153856209','24.912897260611764','2017-02-27 12:37:13',NULL),(478,9,'91.95362153856209','24.912897260611764','2017-02-27 12:37:43',NULL),(479,9,'91.95362153856209','24.912897260611764','2017-02-27 12:38:43',NULL),(480,9,'91.95362153856209','24.912897260611764','2017-02-27 12:45:17',NULL),(481,9,'91.949634','24.916127','2017-03-12 20:51:46',3),(482,9,'91.948738','24.916193','2017-03-12 20:51:46',3),(483,9,'91.948409','24.915874','2017-03-12 20:51:46',3),(484,9,'91.947941','24.915965','2017-03-12 20:51:46',3),(485,9,'91.947442','24.915784','2017-03-12 20:51:46',4),(486,9,'91.946597','24.915568','2017-03-12 20:51:46',4),(487,5,'90.3633244','23.7601154','2017-02-27 14:25:28',NULL),(488,5,'90.3632509','23.7601156','2017-02-27 14:49:45',NULL),(489,5,'90.3633244','23.7601154','2017-02-27 14:50:16',NULL),(490,5,'90.3633244','23.7600225','2017-02-27 14:50:47',NULL),(491,5,'90.3633244','23.7600225','2017-02-27 14:51:17',NULL),(492,5,'90.3633244','23.7600225','2017-02-27 14:51:47',NULL),(493,5,'90.3633244','23.7600225','2017-02-27 14:52:17',NULL),(494,5,'90.3633244','23.7600225','2017-02-27 14:52:47',NULL),(495,5,'90.3633244','23.7600225','2017-02-27 14:53:17',NULL),(496,5,'90.3633244','23.7600225','2017-02-27 14:53:47',NULL),(497,5,'90.3633244','23.7600225','2017-02-27 14:54:17',NULL),(498,5,'90.3633244','23.7600225','2017-02-27 14:54:47',NULL),(499,5,'90.3633244','23.7600225','2017-02-27 14:55:17',NULL),(500,5,'90.3633244','23.7600225','2017-02-27 14:55:47',NULL),(501,5,'90.3633244','23.7600225','2017-02-27 15:51:10',NULL),(502,5,'90.3633244','23.7600225','2017-02-27 15:51:40',NULL),(503,5,'90.3633244','23.7600225','2017-02-27 15:53:11',NULL),(504,9,'91.95343119426461','24.91271785877895','2017-02-27 21:19:21',NULL),(505,9,'91.95343119426461','24.91271785877895','2017-02-27 21:19:25',NULL),(506,9,'91.95343119426461','24.91271785877895','2017-02-27 21:19:30',NULL),(507,9,'91.95343119426461','24.91271785877895','2017-02-27 21:19:35',NULL),(508,9,'91.95343119426461','24.91271785877895','2017-02-27 21:19:40',NULL),(509,9,'91.95343119426461','24.91271785877895','2017-02-27 21:28:25',NULL),(510,9,'91.95343119426461','24.91271785877895','2017-02-27 21:28:29',NULL),(511,9,'91.95343119426461','24.91271785877895','2017-02-27 21:28:34',NULL),(512,9,'91.95403988300521','24.91310583005181','2017-02-27 21:28:39',NULL),(513,9,'91.95375252838659','24.912788917120906','2017-02-27 21:28:44',NULL),(514,9,'91.9536051880712','24.912897906090993','2017-02-27 21:28:50',NULL),(515,9,'91.95369136786573','24.912998595650784','2017-02-27 21:28:54',NULL),(516,9,'91.95372447369145','24.913012047378444','2017-02-27 21:28:59',NULL),(517,9,'91.9537322620178','24.912998423022877','2017-02-27 21:29:04',NULL),(518,9,'91.95368818336424','24.91291181977411','2017-02-27 21:29:09',NULL),(519,9,'91.95364222560617','24.912823863335966','2017-02-27 21:29:14',NULL),(520,9,'91.95364222560617','24.912823863335966','2017-02-27 21:29:19',NULL),(521,9,'91.95364222560617','24.912823863335966','2017-02-27 21:29:25',NULL),(522,9,'91.95364222560617','24.912823863335966','2017-02-27 21:29:29',NULL),(523,9,'91.95364222560617','24.912823863335966','2017-02-27 21:29:34',NULL),(524,9,'91.95364222560617','24.912823863335966','2017-02-27 21:29:39',NULL),(525,9,'91.95364222560617','24.912823863335966','2017-02-27 21:30:49',NULL),(526,9,'91.95364222560617','24.912823863335966','2017-02-27 21:30:59',NULL),(527,9,'91.9531895421491','24.912687636240996','2017-02-27 21:30:59',NULL),(528,9,'91.95342920212727','24.912652847010257','2017-02-27 21:31:05',NULL),(529,9,'91.95338054748272','24.912677158381683','2017-02-27 21:31:09',NULL),(530,9,'91.95338367111233','24.912673080325337','2017-02-27 21:31:15',NULL),(531,9,'91.95340279440939','24.91267973332863','2017-02-27 21:31:18',NULL),(532,9,'91.83440681578945','24.911800626928216','2017-02-27 21:35:56',NULL),(533,9,'91.83440681578945','24.911800626928216','2017-02-27 21:36:01',NULL),(534,9,'91.83440681578945','24.911800626928216','2017-02-27 21:36:07',NULL),(535,9,'91.95316098258024','24.91226611367026','2017-02-27 21:36:11',NULL),(536,9,'91.95316098258024','24.91226611367026','2017-02-27 21:36:17',NULL),(537,9,'91.95321547215455','24.912385485276335','2017-02-27 21:36:21',NULL),(538,9,'91.95321547215455','24.912385485276335','2017-02-27 21:36:26',NULL),(539,9,'91.95332448650161','24.912505311790607','2017-02-27 21:36:31',NULL),(540,9,'91.95332448650161','24.912505311790607','2017-02-27 21:36:36',NULL),(541,9,'91.9534115239114','24.912601286725042','2017-02-27 21:36:42',NULL),(542,9,'91.95350816971364','24.912688487366054','2017-02-27 21:36:46',NULL),(543,9,'91.95350816971364','24.912688487366054','2017-02-27 21:36:52',NULL),(544,9,'91.95350816971364','24.912688487366054','2017-02-27 21:36:56',NULL),(545,9,'91.95358671484023','24.912771812501358','2017-02-27 21:37:01',NULL),(546,9,'91.95358671484023','24.912771812501358','2017-02-27 21:37:06',NULL),(547,9,'91.95358671484023','24.912771812501358','2017-02-27 21:37:13',NULL),(548,9,'91.95358671484023','24.912771812501358','2017-02-27 21:37:17',NULL),(549,9,'91.95358671484023','24.912771812501358','2017-02-27 21:37:23',NULL),(550,9,'91.95358671484023','24.912771812501358','2017-02-27 21:37:27',NULL),(551,9,'91.95358671484023','24.912771812501358','2017-02-27 21:37:32',NULL),(552,9,'91.95358671484023','24.912771812501358','2017-02-27 21:37:37',NULL),(553,9,'91.95358671484023','24.912771812501358','2017-02-27 21:37:42',NULL),(554,9,'91.95358671484023','24.912771812501358','2017-02-27 21:37:47',NULL),(555,9,'91.95358671484023','24.912771812501358','2017-02-27 21:37:52',NULL),(556,9,'91.95358671484023','24.912771812501358','2017-02-27 21:37:57',NULL),(557,9,'91.95358671484023','24.912771812501358','2017-02-27 21:38:02',NULL),(558,9,'91.95358671484023','24.912771812501358','2017-02-27 21:38:07',NULL),(559,9,'91.95358671484023','24.912771812501358','2017-02-27 21:38:12',NULL),(560,9,'91.95358671484023','24.912771812501358','2017-02-27 21:38:17',NULL),(561,9,'91.95358671484023','24.912771812501358','2017-02-27 21:38:23',NULL),(562,9,'91.95358671484023','24.912771812501358','2017-02-27 21:38:27',NULL),(563,9,'91.95358671484023','24.912771812501358','2017-02-27 21:38:32',NULL),(564,9,'91.95358671484023','24.912771812501358','2017-02-27 21:38:38',NULL),(565,9,'91.95358671484023','24.912771812501358','2017-02-27 21:38:42',NULL),(566,9,'91.95358671484023','24.912771812501358','2017-02-27 21:38:47',NULL),(567,9,'91.95358671484023','24.912771812501358','2017-02-27 21:38:52',NULL),(568,9,'91.95358671484023','24.912771812501358','2017-02-27 21:38:59',NULL),(569,9,'91.95358671484023','24.912771812501358','2017-02-27 21:39:02',NULL),(570,9,'91.95358671484023','24.912771812501358','2017-02-27 21:39:07',NULL),(571,9,'91.95358671484023','24.912771812501358','2017-02-27 21:39:12',NULL),(572,9,'91.95358671484023','24.912771812501358','2017-02-27 21:39:17',NULL),(573,9,'91.95358671484023','24.912771812501358','2017-02-27 21:39:23',NULL),(574,9,'91.95358671484023','24.912771812501358','2017-02-27 21:39:27',NULL),(575,9,'91.95358671484023','24.912771812501358','2017-02-27 21:39:32',NULL),(576,9,'91.95358671484023','24.912771812501358','2017-02-27 21:39:37',NULL),(577,9,'91.95358671484023','24.912771812501358','2017-02-27 21:39:42',NULL),(578,9,'91.95359620983778','24.912762066666478','2017-02-27 21:39:47',NULL),(579,9,'91.95358403172973','24.912749904746278','2017-02-27 21:39:52',NULL),(580,9,'91.95357451151608','24.912738480609335','2017-02-27 21:39:57',NULL),(581,9,'91.9535663222757','24.912726493243074','2017-02-27 21:40:02',NULL),(582,9,'91.95355347555864','24.912706458026737','2017-02-27 21:40:07',NULL),(583,9,'91.95354988199601','24.912698935318858','2017-02-27 21:40:13',NULL),(584,9,'91.95354829598081','24.91269763903371','2017-02-27 21:40:17',NULL),(585,9,'91.95354829598081','24.91269763903375','2017-02-27 21:40:22',NULL),(586,9,'91.95354829598081','24.91269763903375','2017-02-27 21:40:28',NULL),(587,9,'91.95354829598081','24.91269763903375','2017-02-27 21:40:32',NULL),(588,9,'91.95354829598081','24.91269763903375','2017-02-27 21:40:38',NULL),(589,9,'91.95354829598081','24.91269763903375','2017-02-27 21:40:42',NULL),(590,9,'91.95358026869245','24.912793733598832','2017-02-27 21:40:47',NULL),(591,9,'91.95359952398546','24.912813889481683','2017-02-27 21:40:54',NULL),(592,9,'91.95361248528354','24.912811011432456','2017-02-27 21:40:57',NULL),(593,9,'91.9536318599863','24.912811832502268','2017-02-27 21:41:03',NULL),(594,9,'91.95365275975075','24.912817969276738','2017-02-27 21:41:07',NULL),(595,9,'91.95365275975075','24.91281796927675','2017-02-27 21:41:12',NULL),(596,9,'91.95365275975075','24.91281796927675','2017-02-27 21:41:18',NULL),(597,9,'91.95364514424783','24.912824391607494','2017-02-27 21:41:22',NULL),(598,9,'91.95362432070999','24.912818839583863','2017-02-27 21:41:27',NULL),(599,9,'91.95362479243121','24.91281885108094','2017-02-27 21:41:32',NULL),(600,9,'91.95363646281126','24.912824380628198','2017-02-27 21:41:37',NULL),(601,9,'91.95364360757642','24.912822685159945','2017-02-27 21:41:42',NULL),(602,9,'91.95364933650579','24.912805318791566','2017-02-27 21:41:48',NULL),(603,9,'91.95364230545526','24.912806557886242','2017-02-27 21:41:55',NULL),(604,9,'91.95363175032371','24.912803541799722','2017-02-27 21:41:57',NULL),(605,9,'91.95361558804636','24.91279588326098','2017-02-27 21:42:02',NULL),(606,9,'91.95358362502579','24.912786513979164','2017-02-27 21:42:07',NULL),(607,9,'91.95358092894658','24.91278726317273','2017-02-27 21:44:15',NULL),(608,9,'91.95358092894658','24.91278726317273','2017-02-27 21:44:19',NULL),(609,9,'91.95387772219789','24.913406197419132','2017-02-27 21:44:24',NULL),(610,9,'91.95354003766374','24.912880413174253','2017-02-27 21:44:29',NULL),(611,9,'91.95344375678427','24.912718348801363','2017-02-27 21:44:34',NULL),(612,9,'91.95344375678427','24.912718348801363','2017-02-27 21:44:51',NULL),(613,9,'91.95344375678427','24.912718348801363','2017-02-27 21:44:57',NULL),(614,9,'91.95344375678427','24.912718348801363','2017-02-27 21:44:57',NULL),(615,9,'91.95344375678427','24.912718348801363','2017-02-27 21:44:57',NULL),(616,9,'91.95344375678427','24.912718348801363','2017-02-27 21:45:00',NULL),(617,9,'91.95357330836056','24.912761026112722','2017-02-27 21:45:04',NULL),(618,9,'91.95357330836056','24.912761026112722','2017-02-27 21:45:09',NULL),(619,9,'91.95357330836056','24.912761026112722','2017-02-27 21:45:14',NULL),(620,9,'91.95357330836056','24.912761026112722','2017-02-27 21:45:19',NULL),(621,9,'91.95357330836056','24.912761026112722','2017-02-27 21:45:24',NULL),(622,9,'91.95357330836056','24.912761026112722','2017-02-27 21:45:29',NULL),(623,9,'91.95357330836056','24.912761026112722','2017-02-27 21:45:34',NULL),(624,9,'91.95357330836056','24.912761026112722','2017-02-27 21:45:39',NULL),(625,9,'91.95360777434405','24.91286639625057','2017-02-27 21:45:44',NULL),(626,9,'91.95360777434405','24.91286639625057','2017-02-27 21:45:49',NULL),(627,9,'91.95360777434405','24.91286639625057','2017-02-27 21:45:54',NULL),(628,9,'91.95360777434405','24.91286639625057','2017-02-27 21:46:20',NULL),(629,9,'91.95340422408795','24.912866036588415','2017-02-27 21:46:44',NULL),(630,9,'91.95340422408795','24.912866036588415','2017-02-27 21:47:00',NULL),(631,9,'91.95356878465','24.912811955902477','2017-02-27 21:47:23',NULL),(632,9,'91.95356878465','24.912811955902477','2017-02-27 21:47:40',NULL),(633,9,'91.95356878465','24.912811955902477','2017-02-27 21:48:00',NULL),(634,9,'91.95356878465','24.912811955902477','2017-02-27 21:48:20',NULL),(635,9,'91.95356878465','24.912811955902477','2017-02-27 21:48:40',NULL),(636,9,'91.95356878465','24.912811955902477','2017-02-27 21:49:03',NULL),(637,9,'91.95356878465','24.912811955902477','2017-02-27 21:49:20',NULL),(638,9,'91.95356878465','24.912811955902477','2017-02-27 21:49:40',NULL),(639,9,'91.95356878465','24.912811955902477','2017-02-27 21:50:02',NULL),(640,9,'91.95370606643209','24.91278454945372','2017-02-27 21:50:20',NULL),(641,9,'91.95370606643209','24.91278454945372','2017-02-27 21:50:40',NULL),(642,9,'91.95370606643209','24.91278454945372','2017-02-27 21:51:00',NULL),(643,9,'91.95370606643209','24.91278454945372','2017-02-27 21:51:20',NULL),(644,9,'91.95365827277885','24.912846932859544','2017-02-27 21:51:44',NULL),(645,9,'91.953614562557','24.912848016502252','2017-02-27 21:52:01',NULL),(646,9,'91.95360261372272','24.9127510812963','2017-02-27 21:52:20',NULL),(647,9,'91.9535710125929','24.912740517481247','2017-02-27 21:52:40',NULL),(648,9,'91.95354471749474','24.91272516056848','2017-02-27 21:53:00',NULL),(649,9,'91.9535617628383','24.912741556189165','2017-02-27 21:53:22',NULL),(650,9,'91.95358534469543','24.91275772000676','2017-02-27 21:53:41',NULL),(651,9,'91.95355450974048','24.91272957409646','2017-02-27 21:54:01',NULL),(652,9,'91.95353931299624','24.912731136219705','2017-02-27 21:54:23',NULL),(653,9,'91.95353940124306','24.91273916085973','2017-02-27 21:54:41',NULL),(654,9,'91.95356137495168','24.912754379903152','2017-02-27 21:55:01',NULL),(655,9,'91.95364411326037','24.9128019302309','2017-02-27 21:55:21',NULL),(656,9,'91.95366753009117','24.912796319018643','2017-02-27 21:55:43',NULL),(657,9,'91.95366431927478','24.912777015774417','2017-02-27 21:56:03',NULL),(658,9,'91.95367212994024','24.912765483881444','2017-02-27 21:56:21',NULL),(659,9,'91.95360971879855','24.912718298589528','2017-02-27 21:56:41',NULL),(660,9,'91.9535112158241','24.912658372819294','2017-02-27 21:57:01',NULL),(661,9,'91.95350809429112','24.912648387818283','2017-02-27 21:57:23',NULL),(662,9,'91.95353781615715','24.912697154802366','2017-02-27 21:57:42',NULL),(663,9,'91.95352576552415','24.91273428825166','2017-02-27 21:58:01',NULL),(664,9,'91.9535827304231','24.912761826834384','2017-02-27 21:58:21',NULL),(665,9,'91.95361672578427','24.912728722121354','2017-02-27 21:58:41',NULL),(666,9,'91.9536018488701','24.912732037263375','2017-02-27 21:59:03',NULL),(667,9,'91.95357043535464','24.912767587863097','2017-02-27 21:59:21',NULL),(668,9,'91.95342344129861','24.91269871745749','2017-02-27 22:01:33',NULL),(669,9,'91.95352488063425','24.912760599154915','2017-02-27 22:01:54',NULL),(670,9,'91.95359691780057','24.91280284673548','2017-02-27 23:03:09',NULL),(671,9,'91.95371107938949','24.91267279190421','2017-02-27 23:03:29',NULL),(672,9,'91.95370840296182','24.912762374039044','2017-02-27 23:03:49',NULL),(673,9,'91.95370840296182','24.912762374039044','2017-02-27 23:04:09',NULL),(674,9,'91.95370840296182','24.912762374039044','2017-02-27 23:04:29',NULL),(675,9,'91.95362782539536','24.912821692621034','2017-02-27 23:04:49',NULL),(676,9,'91.95362782539536','24.912821692621034','2017-02-27 23:05:11',NULL),(677,9,'91.9536160338983','24.9128705844819','2017-02-27 23:05:29',NULL),(678,9,'91.9536160338983','24.9128705844819','2017-02-27 23:05:51',NULL),(679,9,'91.9536160338983','24.9128705844819','2017-02-27 23:06:09',NULL),(680,9,'91.9536160338983','24.9128705844819','2017-02-27 23:06:29',NULL),(681,9,'91.9536160338983','24.9128705844819','2017-02-27 23:06:51',NULL),(682,9,'91.9536160338983','24.9128705844819','2017-02-27 23:07:09',NULL),(683,9,'91.9536160338983','24.9128705844819','2017-02-27 23:07:31',NULL),(684,9,'91.9536160338983','24.9128705844819','2017-02-27 23:07:49',NULL),(685,9,'91.95355136700432','24.91278177572427','2017-02-27 23:08:09',NULL),(686,9,'91.95355136700432','24.91278177572427','2017-02-27 23:08:29',NULL),(687,9,'91.95355136700432','24.91278177572427','2017-02-27 23:08:49',NULL),(688,9,'91.95355136700432','24.91278177572427','2017-02-27 23:09:10',NULL),(689,9,'91.95355136700432','24.91278177572427','2017-02-27 23:09:33',NULL),(690,9,'91.95355136700432','24.91278177572427','2017-02-27 23:09:49',NULL),(691,9,'91.95355136700432','24.91278177572427','2017-02-27 23:10:10',NULL),(692,9,'91.95355136700432','24.91278177572427','2017-02-27 23:10:30',NULL),(693,9,'91.95355136700432','24.91278177572427','2017-02-27 23:10:49',NULL),(694,9,'91.95355136700432','24.91278177572427','2017-02-27 23:11:09',NULL),(695,9,'91.95355136700432','24.91278177572427','2017-02-27 23:11:29',NULL),(696,9,'91.95355136700432','24.91278177572427','2017-02-27 23:11:50',NULL),(697,9,'91.95355136700432','24.91278177572427','2017-02-27 23:12:09',NULL),(698,9,'91.95355136700432','24.91278177572427','2017-02-27 23:12:31',NULL),(699,9,'91.95355136700432','24.91278177572427','2017-02-27 23:12:50',NULL),(700,9,'91.95348383441785','24.912981956819824','2017-02-27 23:13:10',NULL),(701,9,'91.95348383441785','24.912981956819824','2017-02-27 23:13:31',NULL),(702,9,'91.95348383441785','24.912981956819824','2017-02-27 23:13:51',NULL),(703,9,'91.95348383441785','24.912981956819824','2017-02-27 23:14:10',NULL),(704,9,'91.95348383441785','24.912981956819824','2017-02-27 23:14:30',NULL),(705,9,'91.95351013989472','24.91283954179684','2017-02-27 23:14:54',NULL),(706,9,'91.95351013989472','24.91283954179684','2017-02-27 23:15:10',NULL),(707,9,'91.95358607292083','24.912803158640205','2017-02-27 23:15:30',NULL),(708,9,'91.95358607292083','24.912803158640205','2017-02-27 23:15:50',NULL),(709,9,'91.95358607292083','24.912803158640205','2017-02-27 23:16:11',NULL),(710,9,'91.95358607292083','24.912803158640205','2017-02-27 23:16:31',NULL),(711,9,'91.95358607292083','24.912803158640205','2017-02-27 23:16:51',NULL),(712,9,'91.95358607292083','24.912803158640205','2017-02-27 23:17:10',NULL),(713,9,'91.95358607292083','24.912803158640205','2017-02-27 23:17:35',NULL),(714,9,'91.95358607292083','24.912803158640205','2017-02-27 23:17:52',NULL),(715,9,'91.95366681596778','24.91287642974377','2017-02-27 23:18:11',NULL),(716,9,'91.95366681596778','24.91287642974377','2017-02-27 23:18:33',NULL),(717,9,'91.95366681596778','24.91287642974377','2017-02-27 23:18:51',NULL),(718,9,'91.95366681596778','24.91287642974377','2017-02-27 23:19:11',NULL),(719,9,'91.95332446113098','24.912637066818498','2017-02-27 23:19:31',NULL),(720,9,'91.95332446113098','24.912637066818498','2017-02-27 23:19:53',NULL),(721,9,'91.95332446113098','24.912637066818498','2017-02-27 23:20:12',NULL),(722,9,'91.95332446113098','24.912637066818498','2017-02-27 23:20:31',NULL),(723,9,'91.95372704480324','24.912766006108185','2017-02-27 23:23:53',NULL),(724,9,'91.95372704480324','24.912766006108185','2017-02-27 23:23:53',NULL),(725,9,'91.95372704480324','24.912766006108185','2017-02-27 23:23:53',NULL),(726,9,'91.95372704480324','24.912766006108185','2017-02-27 23:23:53',NULL),(727,9,'91.95372704480324','24.912766006108185','2017-02-27 23:23:54',NULL),(728,9,'91.95372704480324','24.912766006108185','2017-02-27 23:24:11',NULL),(729,9,'91.95372704480324','24.912766006108185','2017-02-27 23:24:32',NULL),(730,9,'91.95372704480324','24.912766006108185','2017-02-27 23:24:51',NULL),(731,9,'91.95372704480324','24.912766006108185','2017-02-27 23:25:00',NULL),(732,9,'91.95372704480324','24.912766006108185','2017-02-27 23:25:19',NULL),(733,9,'91.95372704480324','24.912766006108185','2017-02-27 23:25:39',NULL),(734,9,'91.95372704480324','24.912766006108185','2017-02-27 23:26:01',NULL),(735,9,'91.95356916897715','24.912768778421245','2017-02-27 23:26:20',NULL),(736,9,'91.95356916897715','24.912768778421245','2017-02-27 23:26:40',NULL),(737,9,'91.95356916897715','24.912768778421245','2017-02-27 23:27:00',NULL),(738,9,'91.95359127357564','24.912647702804534','2017-02-27 23:27:20',NULL),(739,9,'91.95359127357564','24.912647702804534','2017-02-27 23:27:42',NULL),(740,9,'91.95359127357564','24.912647702804534','2017-02-27 23:28:00',NULL),(741,9,'91.95359127357564','24.912647702804534','2017-02-27 23:28:22',NULL),(742,9,'91.95359127357564','24.912647702804534','2017-02-27 23:28:40',NULL),(743,9,'91.95359127357564','24.912647702804534','2017-02-27 23:29:03',NULL),(744,9,'91.95359127357564','24.912647702804534','2017-02-27 23:29:20',NULL),(745,9,'91.95359127357564','24.912647702804534','2017-02-27 23:29:42',NULL),(746,9,'91.95359127357564','24.912647702804534','2017-02-27 23:30:00',NULL),(747,9,'91.95359127357564','24.912647702804534','2017-02-27 23:30:20',NULL),(748,9,'91.95359127357564','24.912647702804534','2017-02-27 23:30:40',NULL),(749,9,'91.95359127357564','24.912647702804534','2017-02-27 23:31:03',NULL),(750,9,'91.95359127357564','24.912647702804534','2017-02-27 23:31:22',NULL),(751,9,'91.95359127357564','24.912647702804534','2017-02-27 23:31:41',NULL),(752,9,'91.95359127357564','24.912647702804534','2017-02-27 23:32:01',NULL),(753,9,'91.95359127357564','24.912647702804534','2017-02-27 23:32:21',NULL),(754,9,'91.95359127357564','24.912647702804534','2017-02-27 23:32:41',NULL),(755,9,'91.95359127357564','24.912647702804534','2017-02-27 23:33:01',NULL),(756,9,'91.95359127357564','24.912647702804534','2017-02-27 23:33:22',NULL),(757,9,'91.95359127357564','24.912647702804534','2017-02-27 23:33:41',NULL),(758,9,'91.95359127357564','24.912647702804534','2017-02-27 23:34:04',NULL),(759,9,'91.95359127357564','24.912647702804534','2017-02-27 23:34:22',NULL),(760,9,'91.95359127357564','24.912647702804534','2017-02-27 23:34:42',NULL),(761,9,'91.9534869619772','24.912845646849878','2017-02-27 23:35:01',NULL),(762,9,'91.9534869619772','24.912845646849878','2017-02-27 23:35:21',NULL),(763,9,'91.9534869619772','24.912845646849878','2017-02-27 23:35:42',NULL),(764,9,'91.9534869619772','24.912845646849878','2017-02-27 23:36:02',NULL),(765,9,'91.9534869619772','24.912845646849878','2017-02-27 23:36:22',NULL),(766,9,'91.9534869619772','24.912845646849878','2017-02-27 23:36:42',NULL),(767,9,'91.9534869619772','24.912845646849878','2017-02-27 23:37:04',NULL),(768,9,'91.9534869619772','24.912845646849878','2017-02-27 23:37:22',NULL),(769,9,'91.9534869619772','24.912845646849878','2017-02-27 23:37:42',NULL),(770,9,'91.9534869619772','24.912845646849878','2017-02-27 23:38:04',NULL),(771,9,'91.9534869619772','24.912845646849878','2017-02-27 23:38:22',NULL),(772,9,'91.9534869619772','24.912845646849878','2017-02-27 23:38:42',NULL),(773,9,'91.9534869619772','24.912845646849878','2017-02-27 23:39:02',NULL),(774,9,'91.9534869619772','24.912845646849878','2017-02-27 23:39:22',NULL),(775,9,'91.9534869619772','24.912845646849878','2017-02-27 23:39:45',NULL),(776,9,'91.9534869619772','24.912845646849878','2017-02-27 23:40:03',NULL),(777,9,'91.9534869619772','24.912845646849878','2017-02-27 23:40:26',NULL),(778,9,'91.9534869619772','24.912845646849878','2017-02-27 23:40:43',NULL),(779,9,'91.9534869619772','24.912845646849878','2017-02-27 23:41:05',NULL),(780,9,'91.9534869619772','24.912845646849878','2017-02-27 23:41:23',NULL),(781,9,'91.9534869619772','24.912845646849878','2017-02-27 23:41:43',NULL),(782,9,'91.9534869619772','24.912845646849878','2017-02-27 23:42:03',NULL),(783,9,'91.9534869619772','24.912845646849878','2017-02-27 23:42:25',NULL),(784,9,'91.9534869619772','24.912845646849878','2017-02-27 23:42:43',NULL),(785,9,'91.9534869619772','24.912845646849878','2017-02-27 23:48:45',NULL),(786,20,'91.8395116','24.9098405','2017-02-28 00:32:09',NULL),(787,20,'91.8395271191711','24.90969353892147','2017-02-28 00:32:29',NULL),(788,20,'91.839462349179','24.909743102286008','2017-02-28 00:32:49',NULL),(789,20,'91.83945949189116','24.90983023789697','2017-02-28 00:33:08',NULL),(790,20,'91.83945949189116','24.90983023789697','2017-02-28 00:33:29',NULL),(791,20,'91.83945949189116','24.90983023789697','2017-02-28 00:33:49',NULL),(792,20,'91.83945949189116','24.90983023789697','2017-02-28 00:34:09',NULL),(793,20,'91.83945949189116','24.90983023789697','2017-02-28 00:34:29',NULL),(794,20,'91.83945949189116','24.90983023789697','2017-02-28 00:34:49',NULL),(795,20,'91.83945949189116','24.90983023789697','2017-02-28 00:35:09',NULL),(796,20,'91.83945949189116','24.90983023789697','2017-02-28 00:35:29',NULL),(797,20,'91.83945949189116','24.90983023789697','2017-02-28 00:35:49',NULL),(798,20,'91.83945949189116','24.90983023789697','2017-02-28 00:36:09',NULL),(799,20,'91.83945949189116','24.90983023789697','2017-02-28 00:36:29',NULL),(800,20,'91.83945949189116','24.90983023789697','2017-02-28 00:36:49',NULL),(801,20,'91.83945949189116','24.90983023789697','2017-02-28 00:37:09',NULL),(802,20,'91.83945949189116','24.90983023789697','2017-02-28 00:37:29',NULL),(803,20,'91.83945949189116','24.90983023789697','2017-02-28 00:37:49',NULL),(804,20,'91.83945949189116','24.90983023789697','2017-02-28 00:38:09',NULL),(805,20,'91.83945949189116','24.90983023789697','2017-02-28 00:38:29',NULL),(806,20,'91.83945949189116','24.90983023789697','2017-02-28 00:38:49',NULL),(807,20,'91.83945949189116','24.90983023789697','2017-02-28 00:39:09',NULL),(808,20,'91.83945949189116','24.90983023789697','2017-02-28 00:39:29',NULL),(809,20,'91.83945949189116','24.90983023789697','2017-02-28 00:39:49',NULL),(810,20,'91.83945949189116','24.90983023789697','2017-02-28 00:40:09',NULL),(811,20,'91.83945949189116','24.90983023789697','2017-02-28 00:40:29',NULL),(812,20,'91.83945949189116','24.90983023789697','2017-02-28 00:40:49',NULL),(813,20,'91.83945949189116','24.90983023789697','2017-02-28 00:41:09',NULL),(814,20,'91.83945949189116','24.90983023789697','2017-02-28 00:41:29',NULL),(815,20,'91.83945949189116','24.90983023789697','2017-02-28 00:41:49',NULL),(816,20,'91.83945949189116','24.90983023789697','2017-02-28 00:42:09',NULL),(817,20,'91.83945949189116','24.90983023789697','2017-02-28 00:42:29',NULL),(818,20,'91.83945949189116','24.90983023789697','2017-02-28 00:42:49',NULL),(819,20,'91.83945949189116','24.90983023789697','2017-02-28 00:43:09',NULL),(820,20,'91.83945949189116','24.90983023789697','2017-02-28 00:43:29',NULL),(821,20,'91.83945949189116','24.90983023789697','2017-02-28 00:43:49',NULL),(822,20,'91.83945949189116','24.90983023789697','2017-02-28 00:44:09',NULL),(823,20,'91.83945949189116','24.90983023789697','2017-02-28 00:44:29',NULL),(824,20,'91.83945949189116','24.90983023789697','2017-02-28 00:44:49',NULL),(825,20,'91.83945949189116','24.90983023789697','2017-02-28 00:45:09',NULL),(826,20,'91.83945949189116','24.90983023789697','2017-02-28 00:45:29',NULL),(827,20,'91.83945949189116','24.90983023789697','2017-02-28 00:45:49',NULL),(828,20,'91.83945949189116','24.90983023789697','2017-02-28 00:46:09',NULL),(829,20,'91.83945949189116','24.90983023789697','2017-02-28 00:46:29',NULL),(830,20,'91.83945949189116','24.90983023789697','2017-02-28 00:46:49',NULL),(831,20,'91.83945949189116','24.90983023789697','2017-02-28 00:47:09',NULL),(832,20,'91.83945949189116','24.90983023789697','2017-02-28 00:47:29',NULL),(833,20,'91.83945949189116','24.90983023789697','2017-02-28 00:47:49',NULL),(834,20,'91.83945949189116','24.90983023789697','2017-02-28 00:48:09',NULL),(835,20,'91.83945949189116','24.90983023789697','2017-02-28 00:48:29',NULL),(836,20,'91.83945949189116','24.90983023789697','2017-02-28 00:48:49',NULL),(837,20,'91.83945949189116','24.90983023789697','2017-02-28 00:49:09',NULL),(838,20,'91.83945949189116','24.90983023789697','2017-02-28 00:49:29',NULL),(839,20,'91.83945949189116','24.90983023789697','2017-02-28 00:49:49',NULL),(840,20,'91.83945949189116','24.90983023789697','2017-02-28 00:50:09',NULL),(841,20,'91.83945949189116','24.90983023789697','2017-02-28 00:50:29',NULL),(842,20,'91.83945949189116','24.90983023789697','2017-02-28 00:50:49',NULL),(843,20,'91.83945949189116','24.90983023789697','2017-02-28 00:51:09',NULL),(844,20,'91.83945949189116','24.90983023789697','2017-02-28 00:51:29',NULL),(845,20,'91.83945949189116','24.90983023789697','2017-02-28 00:51:49',NULL),(846,20,'91.83945949189116','24.90983023789697','2017-02-28 00:52:09',NULL),(847,20,'91.83945949189116','24.90983023789697','2017-02-28 00:52:29',NULL),(848,20,'91.83945949189116','24.90983023789697','2017-02-28 00:52:49',NULL),(849,20,'91.83945949189116','24.90983023789697','2017-02-28 00:53:09',NULL),(850,20,'91.83945949189116','24.90983023789697','2017-02-28 00:53:29',NULL),(851,20,'91.83945949189116','24.90983023789697','2017-02-28 00:53:49',NULL),(852,20,'91.83945949189116','24.90983023789697','2017-02-28 00:54:09',NULL),(853,20,'91.83945949189116','24.90983023789697','2017-02-28 00:54:29',NULL),(854,20,'91.83945949189116','24.90983023789697','2017-02-28 00:54:49',NULL),(855,20,'91.83945949189116','24.90983023789697','2017-02-28 00:55:09',NULL),(856,20,'91.83945949189116','24.90983023789697','2017-02-28 00:55:29',NULL),(857,20,'91.83945949189116','24.90983023789697','2017-02-28 00:55:49',NULL),(858,20,'91.83945949189116','24.90983023789697','2017-02-28 00:56:09',NULL),(859,20,'91.83945949189116','24.90983023789697','2017-02-28 00:56:29',NULL),(860,20,'91.83945949189116','24.90983023789697','2017-02-28 00:56:49',NULL),(861,20,'91.83945949189116','24.90983023789697','2017-02-28 00:57:09',NULL),(862,20,'91.83945949189116','24.90983023789697','2017-02-28 00:57:29',NULL),(863,20,'91.83945949189116','24.90983023789697','2017-02-28 00:57:49',NULL),(864,20,'91.83945949189116','24.90983023789697','2017-02-28 00:58:09',NULL),(865,20,'91.83945949189116','24.90983023789697','2017-02-28 00:58:29',NULL),(866,20,'91.83945949189116','24.90983023789697','2017-02-28 00:58:49',NULL),(867,20,'91.83945949189116','24.90983023789697','2017-02-28 00:59:09',NULL),(868,20,'91.83945949189116','24.90983023789697','2017-02-28 00:59:29',NULL),(869,20,'91.83945949189116','24.90983023789697','2017-02-28 00:59:49',NULL),(870,20,'91.83945949189116','24.90983023789697','2017-02-28 01:00:09',NULL),(871,20,'91.83945949189116','24.90983023789697','2017-02-28 01:00:29',NULL),(872,20,'91.83945949189116','24.90983023789697','2017-02-28 01:00:49',NULL),(873,20,'91.83945949189116','24.90983023789697','2017-02-28 01:01:09',NULL),(874,20,'91.83945949189116','24.90983023789697','2017-02-28 01:01:29',NULL),(875,20,'91.83945949189116','24.90983023789697','2017-02-28 01:01:49',NULL),(876,20,'91.83945949189116','24.90983023789697','2017-02-28 01:02:09',NULL),(877,20,'91.83945949189116','24.90983023789697','2017-02-28 01:02:29',NULL),(878,20,'91.83945949189116','24.90983023789697','2017-02-28 01:02:49',NULL),(879,20,'91.83945949189116','24.90983023789697','2017-02-28 01:03:09',NULL),(880,20,'91.83945949189116','24.90983023789697','2017-02-28 01:03:29',NULL),(881,20,'91.83945949189116','24.90983023789697','2017-02-28 01:03:49',NULL),(882,20,'91.83945949189116','24.90983023789697','2017-02-28 01:04:09',NULL),(883,20,'91.83945949189116','24.90983023789697','2017-02-28 01:04:29',NULL),(884,20,'91.83945949189116','24.90983023789697','2017-02-28 01:04:49',NULL),(885,20,'91.83945949189116','24.90983023789697','2017-02-28 01:05:09',NULL),(886,20,'91.83945949189116','24.90983023789697','2017-02-28 01:05:29',NULL),(887,20,'91.83945949189116','24.90983023789697','2017-02-28 01:05:50',NULL),(888,20,'91.83945949189116','24.90983023789697','2017-02-28 01:06:10',NULL),(889,20,'91.83945949189116','24.90983023789697','2017-02-28 01:06:30',NULL),(890,20,'91.83945949189116','24.90983023789697','2017-02-28 01:06:50',NULL),(891,20,'91.83945949189116','24.90983023789697','2017-02-28 01:07:10',NULL),(892,20,'91.83945949189116','24.90983023789697','2017-02-28 01:07:30',NULL),(893,20,'91.83945949189116','24.90983023789697','2017-02-28 01:07:50',NULL),(894,20,'91.83945949189116','24.90983023789697','2017-02-28 01:08:10',NULL),(895,20,'91.83945949189116','24.90983023789697','2017-02-28 01:08:30',NULL),(896,20,'91.83945949189116','24.90983023789697','2017-02-28 01:08:50',NULL),(897,20,'91.83945949189116','24.90983023789697','2017-02-28 01:09:15',NULL),(898,20,'91.83945949189116','24.90983023789697','2017-02-28 01:09:35',NULL),(899,20,'91.83945949189116','24.90983023789697','2017-02-28 01:10:00',NULL),(900,20,'91.83945949189116','24.90983023789697','2017-02-28 01:10:20',NULL),(901,20,'91.83945949189116','24.90983023789697','2017-02-28 01:10:40',NULL),(902,20,'91.83945949189116','24.90983023789697','2017-02-28 01:11:00',NULL),(903,20,'91.83945949189116','24.90983023789697','2017-02-28 01:11:20',NULL),(904,20,'91.83945949189116','24.90983023789697','2017-02-28 01:11:40',NULL),(905,20,'91.83945949189116','24.90983023789697','2017-02-28 01:12:00',NULL),(906,20,'91.83945949189116','24.90983023789697','2017-02-28 01:12:20',NULL),(907,20,'91.83945949189116','24.90983023789697','2017-02-28 01:12:40',NULL),(908,20,'91.83945949189116','24.90983023789697','2017-02-28 01:13:00',NULL),(909,20,'91.83945949189116','24.90983023789697','2017-02-28 01:13:20',NULL),(910,20,'91.83945949189116','24.90983023789697','2017-02-28 01:13:40',NULL),(911,20,'91.83945949189116','24.90983023789697','2017-02-28 01:14:00',NULL),(912,20,'91.83945949189116','24.90983023789697','2017-02-28 01:14:20',NULL),(913,20,'91.83945949189116','24.90983023789697','2017-02-28 01:14:40',NULL),(914,20,'91.83945949189116','24.90983023789697','2017-02-28 01:15:00',NULL),(915,20,'91.83945949189116','24.90983023789697','2017-02-28 01:15:20',NULL),(916,20,'91.83945949189116','24.90983023789697','2017-02-28 01:15:40',NULL),(917,20,'91.83945949189116','24.90983023789697','2017-02-28 01:16:00',NULL),(918,20,'91.83945949189116','24.90983023789697','2017-02-28 01:16:20',NULL),(919,20,'91.83945949189116','24.90983023789697','2017-02-28 01:16:40',NULL),(920,20,'91.83945949189116','24.90983023789697','2017-02-28 01:17:00',NULL),(921,20,'91.83945949189116','24.90983023789697','2017-02-28 01:17:20',NULL),(922,20,'91.83945949189116','24.90983023789697','2017-02-28 01:17:40',NULL),(923,20,'91.83945949189116','24.90983023789697','2017-02-28 01:18:00',NULL),(924,20,'91.83945949189116','24.90983023789697','2017-02-28 01:18:20',NULL),(925,20,'91.83945949189116','24.90983023789697','2017-02-28 01:18:40',NULL),(926,20,'91.83945949189116','24.90983023789697','2017-02-28 01:19:00',NULL),(927,20,'91.83945949189116','24.90983023789697','2017-02-28 01:19:20',NULL),(928,20,'91.83945949189116','24.90983023789697','2017-02-28 01:19:40',NULL),(929,20,'91.83945949189116','24.90983023789697','2017-02-28 01:20:00',NULL),(930,20,'91.83945949189116','24.90983023789697','2017-02-28 01:20:22',NULL),(931,20,'91.83945949189116','24.90983023789697','2017-02-28 01:20:40',NULL),(932,20,'91.83945949189116','24.90983023789697','2017-02-28 01:21:00',NULL),(933,20,'91.83945949189116','24.90983023789697','2017-02-28 01:21:20',NULL),(934,20,'91.83945949189116','24.90983023789697','2017-02-28 01:21:40',NULL),(935,20,'91.83945949189116','24.90983023789697','2017-02-28 01:22:00',NULL),(936,20,'91.83945949189116','24.90983023789697','2017-02-28 01:22:20',NULL),(937,20,'91.83945949189116','24.90983023789697','2017-02-28 01:22:40',NULL),(938,20,'91.83945949189116','24.90983023789697','2017-02-28 01:23:00',NULL),(939,20,'91.83945949189116','24.90983023789697','2017-02-28 01:23:20',NULL),(940,20,'91.83945949189116','24.90983023789697','2017-02-28 01:23:40',NULL),(941,20,'91.83945949189116','24.90983023789697','2017-02-28 01:24:00',NULL),(942,20,'91.83945949189116','24.90983023789697','2017-02-28 01:24:20',NULL),(943,20,'91.83945949189116','24.90983023789697','2017-02-28 01:24:40',NULL),(944,20,'91.83945949189116','24.90983023789697','2017-02-28 01:25:00',NULL),(945,20,'91.83945949189116','24.90983023789697','2017-02-28 01:25:20',NULL),(946,20,'91.83945949189116','24.90983023789697','2017-02-28 01:25:40',NULL),(947,20,'91.83945949189116','24.90983023789697','2017-02-28 01:26:00',NULL),(948,20,'91.83945949189116','24.90983023789697','2017-02-28 01:26:20',NULL),(949,20,'91.83945949189116','24.90983023789697','2017-02-28 01:26:40',NULL),(950,20,'91.83945949189116','24.90983023789697','2017-02-28 01:27:00',NULL),(951,20,'91.83945949189116','24.90983023789697','2017-02-28 01:27:20',NULL),(952,20,'91.83945949189116','24.90983023789697','2017-02-28 01:27:40',NULL),(953,20,'91.83945949189116','24.90983023789697','2017-02-28 01:28:00',NULL),(954,20,'91.83945949189116','24.90983023789697','2017-02-28 01:28:20',NULL),(955,20,'91.83945949189116','24.90983023789697','2017-02-28 01:28:40',NULL),(956,20,'91.83945949189116','24.90983023789697','2017-02-28 01:45:31',NULL),(957,20,'91.83945949189116','24.90983023789697','2017-02-28 01:45:54',NULL),(958,20,'91.83945949189116','24.90983023789697','2017-02-28 01:46:12',NULL),(959,20,'91.83945949189116','24.90983023789697','2017-02-28 01:46:34',NULL),(960,20,'91.83945949189116','24.90983023789697','2017-02-28 01:46:52',NULL),(961,20,'91.83945949189116','24.90983023789697','2017-02-28 01:49:09',NULL),(962,20,'91.83945949189116','24.90983023789697','2017-02-28 01:49:21',NULL),(963,20,'91.83945949189116','24.90983023789697','2017-02-28 01:49:43',NULL),(964,20,'91.83945949189116','24.90983023789697','2017-02-28 01:50:01',NULL),(965,20,'91.83945949189116','24.90983023789697','2017-02-28 01:50:21',NULL),(966,20,'91.83945949189116','24.90983023789697','2017-02-28 01:50:41',NULL),(967,20,'91.83945949189116','24.90983023789697','2017-02-28 01:57:18',NULL),(968,20,'91.83945949189116','24.90983023789697','2017-02-28 01:57:27',NULL),(969,20,'91.83945949189116','24.90983023789697','2017-02-28 01:57:48',NULL),(970,20,'91.83945949189116','24.90983023789697','2017-02-28 01:58:07',NULL),(971,20,'91.83945949189116','24.90983023789697','2017-02-28 01:58:32',NULL),(972,20,'91.83945949189116','24.90983023789697','2017-02-28 01:58:47',NULL),(973,20,'91.83945949189116','24.90983023789697','2017-02-28 01:59:06',NULL),(974,20,'91.83945949189116','24.90983023789697','2017-02-28 01:59:29',NULL),(975,20,'91.83945949189116','24.90983023789697','2017-02-28 02:01:12',NULL),(976,20,'91.83945949189116','24.90983023789697','2017-02-28 02:01:28',NULL),(977,20,'91.83945949189116','24.90983023789697','2017-02-28 02:01:47',NULL),(978,20,'91.83945949189116','24.90983023789697','2017-02-28 02:02:07',NULL),(979,20,'91.83945949189116','24.90983023789697','2017-02-28 02:02:27',NULL),(980,20,'91.83945949189116','24.90983023789697','2017-02-28 02:02:49',NULL),(981,20,'91.83945949189116','24.90983023789697','2017-02-28 02:03:09',NULL),(982,20,'91.83945949189116','24.90983023789697','2017-02-28 02:04:07',NULL),(983,20,'91.83945949189116','24.90983023789697','2017-02-28 02:04:08',NULL),(984,20,'91.83945949189116','24.90983023789697','2017-02-28 02:04:12',NULL),(985,20,'91.83945949189116','24.90983023789697','2017-02-28 02:04:32',NULL),(986,20,'91.83945949189116','24.90983023789697','2017-02-28 02:04:54',NULL),(987,20,'91.83945949189116','24.90983023789697','2017-02-28 02:05:12',NULL),(988,20,'91.83945949189116','24.90983023789697','2017-02-28 02:05:36',NULL),(989,20,'91.83945949189116','24.90983023789697','2017-02-28 02:05:52',NULL),(990,20,'91.83945949189116','24.90983023789697','2017-02-28 02:06:16',NULL),(991,20,'91.83945949189116','24.90983023789697','2017-02-28 02:06:32',NULL),(992,20,'91.83945949189116','24.90983023789697','2017-02-28 02:07:21',NULL),(993,20,'91.83945949189116','24.90983023789697','2017-02-28 02:07:21',NULL),(994,20,'91.83945949189116','24.90983023789697','2017-02-28 02:07:40',NULL),(995,20,'91.83945949189116','24.90983023789697','2017-02-28 02:07:58',NULL),(996,20,'91.83945949189116','24.90983023789697','2017-02-28 02:08:19',NULL),(997,20,'91.83945949189116','24.90983023789697','2017-02-28 02:08:38',NULL),(998,20,'91.83945949189116','24.90983023789697','2017-02-28 02:08:58',NULL),(999,20,'91.83945949189116','24.90983023789697','2017-02-28 02:11:54',NULL),(1000,20,'91.83945949189116','24.90983023789697','2017-02-28 02:11:56',NULL),(1000,20,'91.83945949189116','24.90983023789697','2017-02-28 02:11:56',NULL),(1001,20,'91.83945949189116','24.90983023789697','2017-02-28 02:11:56',NULL),(1002,20,'91.83945949189116','24.90983023789697','2017-02-28 02:11:58',NULL),(1002,20,'91.83945949189116','24.90983023789697','2017-02-28 02:11:58',NULL),(1002,20,'91.83945949189116','24.90983023789697','2017-02-28 02:11:58',NULL),(1002,20,'91.83945949189116','24.90983023789697','2017-02-28 02:11:58',NULL),(1003,20,'91.83945949189116','24.90983023789697','2017-02-28 02:12:18',NULL),(1004,20,'91.83945949189116','24.90983023789697','2017-02-28 02:12:38',NULL),(1005,20,'91.83945949189116','24.90983023789697','2017-02-28 02:12:58',NULL),(1006,20,'91.83945949189116','24.90983023789697','2017-02-28 02:13:19',NULL),(1007,20,'91.83945949189116','24.90983023789697','2017-02-28 02:13:38',NULL),(1008,20,'91.83945949189116','24.90983023789697','2017-02-28 02:13:59',NULL),(1009,20,'91.83945949189116','24.90983023789697','2017-02-28 02:14:18',NULL),(1010,20,'91.83945949189116','24.90983023789697','2017-02-28 02:14:39',NULL),(1011,20,'91.83945949189116','24.90983023789697','2017-02-28 02:14:58',NULL),(1012,20,'91.83945949189116','24.90983023789697','2017-02-28 02:15:28',NULL),(1013,20,'91.83945949189116','24.90983023789697','2017-02-28 02:15:38',NULL),(1014,20,'91.83945949189116','24.90983023789697','2017-02-28 02:15:58',NULL),(1015,9,'91.9534869619772','24.912845646849878','2017-02-28 02:16:11',NULL),(1016,20,'91.83945949189116','24.90983023789697','2017-02-28 02:16:18',NULL),(1017,9,'91.95397144260144','24.914347683250895','2017-02-28 02:16:31',NULL),(1018,9,'91.95408435306476','24.915573528953033','2017-02-28 02:16:53',NULL),(1019,9,'91.9539137889647','24.916740707344385','2017-02-28 02:17:11',NULL),(1020,9,'91.95359760087571','24.917219012363972','2017-02-28 02:17:32',NULL),(1021,20,'91.83945949189116','24.90983023789697','2017-02-28 02:17:49',NULL),(1022,20,'91.83945949189116','24.90983023789697','2017-02-28 02:17:50',NULL),(1023,20,'91.83945949189116','24.90983023789697','2017-02-28 02:17:50',NULL),(1024,20,'91.83945949189116','24.90983023789697','2017-02-28 02:17:51',NULL),(1025,9,'91.95176883649347','24.916773293036318','2017-02-28 02:17:55',NULL),(1026,20,'91.83945949189116','24.90983023789697','2017-02-28 02:17:57',NULL),(1027,9,'91.94969697385922','24.91627046549038','2017-02-28 02:18:12',NULL),(1028,20,'91.83945949189116','24.90983023789697','2017-02-28 02:18:20',NULL),(1029,9,'91.94778422604371','24.91582242678441','2017-02-28 02:18:31',NULL),(1030,20,'91.83945949189116','24.90983023789697','2017-02-28 02:18:43',NULL),(1031,9,'91.9456532232885','24.915307982751692','2017-02-28 02:18:52',NULL),(1032,20,'91.83945949189116','24.90983023789697','2017-02-28 02:18:58',NULL),(1033,9,'91.9433676084181','24.91474833290484','2017-02-28 02:19:14',NULL),(1034,20,'91.83945949189116','24.90983023789697','2017-02-28 02:19:18',NULL),(1035,9,'91.94096782516954','24.914156277348734','2017-02-28 02:19:31',NULL),(1036,20,'91.83945949189116','24.90983023789697','2017-02-28 02:19:38',NULL),(1037,9,'91.93899919381109','24.91370479995213','2017-02-28 02:19:54',NULL),(1038,20,'91.83945949189116','24.90983023789697','2017-02-28 02:20:02',NULL),(1039,9,'91.9367298783869','24.913237562487577','2017-02-28 02:20:13',NULL),(1040,20,'91.83945949189116','24.90983023789697','2017-02-28 02:20:18',NULL),(1041,9,'91.93484050627025','24.9125066277242','2017-02-28 02:20:33',NULL),(1042,20,'91.83945949189116','24.90983023789697','2017-02-28 02:20:50',NULL),(1043,9,'91.93388246379004','24.911524632834134','2017-02-28 02:20:52',NULL),(1044,20,'91.83945949189116','24.90983023789697','2017-02-28 02:21:02',NULL),(1045,9,'91.93324034466464','24.910898893986833','2017-02-28 02:21:13',NULL),(1046,20,'91.83945949189116','24.90983023789697','2017-02-28 02:21:24',NULL),(1047,9,'91.93165035246801','24.910288097957054','2017-02-28 02:21:33',NULL),(1048,20,'91.83945949189116','24.90983023789697','2017-02-28 02:21:43',NULL),(1049,9,'91.92960719216737','24.909191505123523','2017-02-28 02:21:53',NULL),(1050,20,'91.83945949189116','24.90983023789697','2017-02-28 02:22:04',NULL),(1051,9,'91.92761448261261','24.907978523227555','2017-02-28 02:22:16',NULL),(1052,20,'91.83945949189116','24.90983023789697','2017-02-28 02:22:23',NULL),(1053,9,'91.92536977951124','24.907031580959256','2017-02-28 02:22:33',NULL),(1054,20,'91.83945949189116','24.90983023789697','2017-02-28 02:22:45',NULL),(1055,9,'91.92349497682417','24.90619704621756','2017-02-28 02:22:53',NULL),(1056,20,'91.83945949189116','24.90983023789697','2017-02-28 02:23:05',NULL),(1057,9,'91.92164162644781','24.904822061767014','2017-02-28 02:23:18',NULL),(1058,20,'91.83945949189116','24.90983023789697','2017-02-28 02:23:23',NULL),(1059,9,'91.9191284068564','24.902997796963213','2017-02-28 02:23:38',NULL),(1060,20,'91.83945949189116','24.90983023789697','2017-02-28 02:23:46',NULL),(1061,9,'91.9169173498842','24.901716399015513','2017-02-28 02:24:00',NULL),(1062,20,'91.83945949189116','24.90983023789697','2017-02-28 02:24:02',NULL),(1063,9,'91.91514061216908','24.900946062762348','2017-02-28 02:24:18',NULL),(1064,20,'91.83945949189116','24.90983023789697','2017-02-28 02:24:25',NULL),(1065,9,'91.9135645661515','24.900207383184664','2017-02-28 02:24:40',NULL),(1066,20,'91.83945949189116','24.90983023789697','2017-02-28 02:24:43',NULL),(1067,9,'91.91181925960072','24.89938776154452','2017-02-28 02:24:57',NULL),(1068,20,'91.83945949189116','24.90983023789697','2017-02-28 02:25:02',NULL),(1069,9,'91.91056126624316','24.89885661963299','2017-02-28 02:25:20',NULL),(1070,20,'91.83945949189116','24.90983023789697','2017-02-28 02:25:24',NULL),(1071,9,'91.9096872851989','24.8985282396452','2017-02-28 02:25:38',NULL),(1072,20,'91.83945949189116','24.90983023789697','2017-02-28 02:25:46',NULL),(1073,9,'91.90855224252783','24.897913937429685','2017-02-28 02:25:58',NULL),(1074,20,'91.83945949189116','24.90983023789697','2017-02-28 02:26:05',NULL),(1075,9,'91.90675198734047','24.896886661628606','2017-02-28 02:26:17',NULL),(1076,20,'91.83945949189116','24.90983023789697','2017-02-28 02:26:25',NULL),(1077,9,'91.90447191586709','24.8965001278015','2017-02-28 02:26:39',NULL),(1078,20,'91.83945949189116','24.90983023789697','2017-02-28 02:26:43',NULL),(1079,9,'91.90255786710559','24.897157705152274','2017-02-28 02:26:59',NULL),(1080,20,'91.83945949189116','24.90983023789697','2017-02-28 02:27:12',NULL),(1081,9,'91.90090938283625','24.89684583444071','2017-02-28 02:27:21',NULL),(1082,20,'91.83945949189116','24.90983023789697','2017-02-28 02:27:23',NULL),(1083,9,'91.90022973086812','24.896954688457487','2017-02-28 02:27:39',NULL),(1084,20,'91.83945949189116','24.90983023789697','2017-02-28 02:27:44',NULL),(1085,9,'91.90091663993388','24.898456683397814','2017-02-28 02:27:59',NULL),(1086,20,'91.83945949189116','24.90983023789697','2017-02-28 02:28:04',NULL),(1087,9,'91.90083830317542','24.899904405506778','2017-02-28 02:28:19',NULL),(1088,20,'91.83945949189116','24.90983023789697','2017-02-28 02:28:23',NULL),(1089,9,'91.89988082127077','24.901456894946634','2017-02-28 02:28:38',NULL),(1090,20,'91.83945949189116','24.90983023789697','2017-02-28 02:28:42',NULL),(1091,9,'91.8993548071026','24.90164273601076','2017-02-28 02:29:01',NULL),(1092,20,'91.83945949189116','24.90983023789697','2017-02-28 02:29:02',NULL),(1093,9,'91.89937481059438','24.901633997264526','2017-02-28 02:29:18',NULL),(1094,9,'91.89937481059438','24.901633997264526','2017-02-28 02:29:41',NULL),(1095,9,'91.89937481059438','24.901633997264526','2017-02-28 02:29:59',NULL),(1096,9,'91.89951324008305','24.901690626314952','2017-02-28 02:30:19',NULL),(1097,9,'91.90078077829173','24.900387502312068','2017-02-28 02:30:39',NULL),(1098,9,'91.90092680543853','24.89849929788315','2017-02-28 02:30:59',NULL),(1099,9,'91.9003465045356','24.897227530697972','2017-02-28 02:31:18',NULL),(1100,9,'91.90030964743826','24.897301285440935','2017-02-28 02:31:40',NULL),(1101,9,'91.90085157287366','24.898440461205','2017-02-28 02:32:00',NULL),(1102,9,'91.90082559876572','24.90003162903822','2017-02-28 02:32:19',NULL),(1103,9,'91.89977764935676','24.90139362747838','2017-02-28 02:32:41',NULL),(1104,9,'91.8994729188797','24.90158910826868','2017-02-28 02:32:59',NULL),(1105,9,'91.8993663200811','24.901623039759617','2017-02-28 02:33:19',NULL),(1106,20,'0.0','0.0','2017-02-28 06:49:51',NULL),(1107,20,'92.4646917','24.8768125','2017-02-28 06:50:14',NULL),(1108,20,'92.4646917','24.8768125','2017-02-28 06:50:29',NULL),(1109,21,'0.0','0.0','2017-02-28 22:18:41',NULL),(1110,21,'91.8798071','25.16899837','2017-02-28 22:19:05',NULL),(1111,21,'91.8796118','25.16865281','2017-02-28 22:19:22',NULL),(1112,21,'91.87962518','25.16881026','2017-02-28 22:19:41',NULL),(1113,21,'91.87962879','25.16883204','2017-02-28 22:20:02',NULL),(1114,21,'91.87964429','25.16889123','2017-02-28 22:20:21',NULL),(1115,21,'91.87966516','25.16890322','2017-02-28 22:20:41',NULL),(1116,21,'91.87966636','25.16888863','2017-02-28 22:21:03',NULL),(1117,21,'91.87969384','25.16890657','2017-02-28 22:21:22',NULL),(1118,21,'91.87969184','25.16891247','2017-02-28 22:21:41',NULL),(1119,21,'91.87970844','25.16891992','2017-02-28 22:22:01',NULL),(1120,21,'91.87970916','25.1689227','2017-02-28 22:22:23',NULL),(1121,21,'91.87971525','25.16893041','2017-02-28 22:22:42',NULL),(1122,21,'91.87971276','25.16892587','2017-02-28 22:23:02',NULL),(1123,21,'91.87971367','25.16892522','2017-02-28 22:23:28',NULL),(1124,21,'91.87970566','25.16892031','2017-02-28 22:23:46',NULL),(1125,20,'91.8395116','24.9098405','2017-02-28 22:23:59',NULL),(1126,21,'91.87970692','25.1689276','2017-02-28 22:24:06',NULL),(1127,20,'91.8395116','24.9098405','2017-02-28 22:24:15',NULL),(1128,21,'91.87971106','25.16893436','2017-02-28 22:24:28',NULL),(1129,20,'91.83944102411508','24.90993259244438','2017-02-28 22:24:35',NULL),(1130,21,'91.87971169','25.16893483','2017-02-28 22:24:46',NULL),(1131,20,'91.8395273719744','24.909875242018785','2017-02-28 22:24:55',NULL),(1132,21,'91.87972586','25.16894653','2017-02-28 22:25:06',NULL),(1133,20,'91.8395273719744','24.909875242018785','2017-02-28 22:25:15',NULL),(1134,21,'91.87973479','25.16895908','2017-02-28 22:25:26',NULL),(1135,20,'91.8395273719744','24.909875242018785','2017-02-28 22:25:35',NULL),(1136,21,'91.87972313','25.16895836','2017-02-28 22:25:50',NULL),(1137,20,'91.8395273719744','24.909875242018785','2017-02-28 22:25:55',NULL),(1138,21,'91.87972383','25.16896113','2017-02-28 22:26:06',NULL),(1139,20,'91.8395273719744','24.909875242018785','2017-02-28 22:26:15',NULL),(1140,21,'91.87972204','25.16897229','2017-02-28 22:26:26',NULL),(1141,20,'91.8395273719744','24.909875242018785','2017-02-28 22:26:35',NULL),(1142,21,'91.87972071','25.16897871','2017-02-28 22:26:46',NULL),(1143,20,'91.8395273719744','24.909875242018785','2017-02-28 22:26:55',NULL),(1144,21,'91.87972061','25.16897891','2017-02-28 22:27:06',NULL),(1145,20,'91.8395273719744','24.909875242018785','2017-02-28 22:27:15',NULL),(1146,21,'91.87972053','25.16897901','2017-02-28 22:27:26',NULL),(1147,20,'91.8395273719744','24.909875242018785','2017-02-28 22:27:36',NULL),(1148,21,'91.87971302','25.16900441','2017-02-28 22:27:46',NULL),(1149,20,'91.8395273719744','24.909875242018785','2017-02-28 22:27:56',NULL),(1150,21,'91.87969791','25.16902286','2017-02-28 22:28:06',NULL),(1151,20,'91.8395273719744','24.909875242018785','2017-02-28 22:28:15',NULL),(1152,21,'91.87969027','25.16903208','2017-02-28 22:28:26',NULL),(1153,20,'91.8395273719744','24.909875242018785','2017-02-28 22:28:36',NULL),(1154,21,'91.87969028','25.16903208','2017-02-28 22:28:47',NULL),(1155,20,'91.8395273719744','24.909875242018785','2017-02-28 22:28:56',NULL),(1156,21,'91.87968896','25.16903673','2017-02-28 22:29:07',NULL),(1157,20,'91.8395273719744','24.909875242018785','2017-02-28 22:29:16',NULL),(1158,21,'91.87968408','25.16905436','2017-02-28 22:29:27',NULL),(1159,20,'91.8395273719744','24.909875242018785','2017-02-28 22:29:36',NULL),(1160,21,'91.87969347','25.16906322','2017-02-28 22:29:46',NULL),(1161,20,'91.8395273719744','24.909875242018785','2017-02-28 22:29:56',NULL),(1162,21,'91.87969477','25.16907224','2017-02-28 22:30:07',NULL),(1163,20,'91.8395273719744','24.909875242018785','2017-02-28 22:30:16',NULL),(1164,21,'91.8796948','25.16908595','2017-02-28 22:30:27',NULL),(1165,20,'91.8395273719744','24.909875242018785','2017-02-28 22:30:36',NULL),(1166,21,'91.87969469','25.16909849','2017-02-28 22:30:47',NULL),(1167,20,'91.8395273719744','24.909875242018785','2017-02-28 22:30:56',NULL),(1168,21,'91.87969804','25.16910215','2017-02-28 22:31:07',NULL),(1169,20,'91.8395273719744','24.909875242018785','2017-02-28 22:31:16',NULL),(1170,21,'91.87969891','25.16910716','2017-02-28 22:31:27',NULL),(1171,20,'91.8395273719744','24.909875242018785','2017-02-28 22:31:36',NULL),(1172,21,'91.8797069','25.16912493','2017-02-28 22:31:47',NULL),(1173,20,'91.8395273719744','24.909875242018785','2017-02-28 22:31:56',NULL),(1174,21,'91.87970859','25.16913489','2017-02-28 22:32:07',NULL),(1175,20,'91.8395273719744','24.909875242018785','2017-02-28 22:32:16',NULL),(1176,21,'91.87971127','25.16913822','2017-02-28 22:32:27',NULL),(1177,20,'91.8395273719744','24.909875242018785','2017-02-28 22:32:36',NULL),(1178,21,'91.87971127','25.16913822','2017-02-28 22:32:47',NULL),(1179,20,'91.8395273719744','24.909875242018785','2017-02-28 22:32:56',NULL),(1180,21,'91.87971127','25.16913822','2017-02-28 22:33:07',NULL),(1181,20,'91.8395273719744','24.909875242018785','2017-02-28 22:33:16',NULL),(1182,21,'91.87971127','25.16913822','2017-02-28 22:33:27',NULL),(1183,20,'91.8395273719744','24.909875242018785','2017-02-28 22:33:36',NULL),(1184,21,'91.87971127','25.16913822','2017-02-28 22:33:47',NULL),(1185,20,'91.8395273719744','24.909875242018785','2017-02-28 22:33:56',NULL),(1186,21,'91.87971127','25.16913822','2017-02-28 22:34:07',NULL),(1187,20,'91.8395273719744','24.909875242018785','2017-02-28 22:34:16',NULL),(1188,21,'91.87971127','25.16913822','2017-02-28 22:34:27',NULL),(1189,20,'91.8395273719744','24.909875242018785','2017-02-28 22:34:36',NULL),(1190,21,'91.87971127','25.16913822','2017-02-28 22:34:49',NULL),(1191,20,'91.8395273719744','24.909875242018785','2017-02-28 22:34:56',NULL),(1192,21,'91.87971127','25.16913822','2017-02-28 22:35:07',NULL),(1193,20,'91.8395273719744','24.909875242018785','2017-02-28 22:35:16',NULL),(1194,21,'91.87971127','25.16913822','2017-02-28 22:35:27',NULL),(1195,20,'91.8395273719744','24.909875242018785','2017-02-28 22:35:36',NULL),(1196,21,'91.87971127','25.16913822','2017-02-28 22:35:47',NULL),(1197,20,'91.8395273719744','24.909875242018785','2017-02-28 22:35:56',NULL),(1198,21,'91.87971127','25.16913822','2017-02-28 22:36:07',NULL),(1199,20,'91.8395273719744','24.909875242018785','2017-02-28 22:36:16',NULL),(1200,21,'91.87971127','25.16913822','2017-02-28 22:36:27',NULL),(1201,20,'91.8395273719744','24.909875242018785','2017-02-28 22:36:36',NULL),(1202,21,'91.87971127','25.16913822','2017-02-28 22:36:47',NULL),(1203,20,'91.8395273719744','24.909875242018785','2017-02-28 22:36:56',NULL),(1204,21,'91.87971028','25.16913384','2017-02-28 22:37:07',NULL),(1205,20,'91.8395273719744','24.909875242018785','2017-02-28 22:37:16',NULL),(1206,21,'91.87971024','25.16913358','2017-02-28 22:37:26',NULL),(1207,20,'91.8395273719744','24.909875242018785','2017-02-28 22:37:36',NULL),(1208,21,'91.87971025','25.16913354','2017-02-28 22:37:47',NULL),(1209,20,'91.8395273719744','24.909875242018785','2017-02-28 22:37:56',NULL),(1210,21,'91.87971049','25.16913352','2017-02-28 22:38:08',NULL),(1211,20,'91.8395273719744','24.909875242018785','2017-02-28 22:38:16',NULL),(1212,21,'91.87971064','25.16913313','2017-02-28 22:38:27',NULL),(1213,20,'91.8395273719744','24.909875242018785','2017-02-28 22:38:36',NULL),(1214,21,'91.87971062','25.16913311','2017-02-28 22:38:46',NULL),(1215,20,'91.8395273719744','24.909875242018785','2017-02-28 22:38:56',NULL),(1216,21,'91.87971059','25.16913292','2017-02-28 22:39:08',NULL),(1217,20,'91.8395273719744','24.909875242018785','2017-02-28 22:39:16',NULL),(1218,21,'91.87971058','25.16913288','2017-02-28 22:39:27',NULL),(1219,20,'91.83952214981366','24.909955934594695','2017-02-28 22:39:36',NULL),(1220,21,'91.87971058','25.16913286','2017-02-28 22:39:47',NULL),(1221,20,'91.83952214981366','24.909955934594695','2017-02-28 22:39:56',NULL),(1222,21,'91.87971059','25.16913283','2017-02-28 22:40:07',NULL),(1223,20,'91.83952214981366','24.909955934594695','2017-02-28 22:40:16',NULL),(1224,21,'91.87971105','25.16913264','2017-02-28 22:40:27',NULL),(1225,20,'91.83952214981366','24.909955934594695','2017-02-28 22:40:36',NULL),(1226,21,'91.87971143','25.16913268','2017-02-28 22:40:47',NULL),(1227,20,'91.83952214981366','24.909955934594695','2017-02-28 22:40:56',NULL),(1228,21,'91.87970854','25.16913145','2017-02-28 22:41:08',NULL),(1229,20,'91.83952214981366','24.909955934594695','2017-02-28 22:41:16',NULL),(1230,21,'91.87970854','25.16913144','2017-02-28 22:41:27',NULL),(1231,20,'91.83952214981366','24.909955934594695','2017-02-28 22:41:36',NULL),(1232,21,'91.87970854','25.16913144','2017-02-28 22:41:47',NULL),(1233,20,'91.83952214981366','24.909955934594695','2017-02-28 22:41:56',NULL),(1234,21,'91.87970854','25.16913133','2017-02-28 22:42:07',NULL),(1235,20,'91.83952214981366','24.909955934594695','2017-02-28 22:42:16',NULL),(1236,21,'91.87970857','25.16913131','2017-02-28 22:42:27',NULL),(1237,20,'91.83952214981366','24.909955934594695','2017-02-28 22:42:36',NULL),(1238,21,'91.87970861','25.16913128','2017-02-28 22:42:47',NULL),(1239,20,'91.83952214981366','24.909955934594695','2017-02-28 22:42:56',NULL),(1240,21,'91.87970863','25.16913125','2017-02-28 22:43:07',NULL),(1241,20,'91.83941124692882','24.90984585950678','2017-02-28 22:43:16',NULL),(1242,21,'91.87970782','25.16913087','2017-02-28 22:43:27',NULL),(1243,20,'91.83941124692882','24.90984585950678','2017-02-28 22:43:36',NULL),(1244,21,'91.87970692','25.16912734','2017-02-28 22:43:47',NULL),(1245,20,'91.83941124692882','24.90984585950678','2017-02-28 22:43:56',NULL),(1246,21,'91.87970349','25.16912574','2017-02-28 22:44:06',NULL),(1247,20,'91.83941124692882','24.90984585950678','2017-02-28 22:44:16',NULL),(1248,21,'91.87970604','25.16912329','2017-02-28 22:44:28',NULL),(1249,20,'91.83941124692882','24.90984585950678','2017-02-28 22:44:36',NULL),(1250,21,'91.87970618','25.16912057','2017-02-28 22:44:46',NULL),(1251,20,'91.83941124692882','24.90984585950678','2017-02-28 22:44:56',NULL),(1252,21,'91.87970581','25.16911877','2017-02-28 22:45:07',NULL),(1253,20,'91.83941124692882','24.90984585950678','2017-02-28 22:45:16',NULL),(1254,21,'91.87970601','25.16912108','2017-02-28 22:45:27',NULL),(1255,20,'91.83941124692882','24.90984585950678','2017-02-28 22:45:36',NULL),(1256,21,'91.87982305','25.16959345','2017-02-28 22:45:46',NULL),(1257,20,'91.83941124692882','24.90984585950678','2017-02-28 22:45:56',NULL),(1258,21,'91.87984306','25.16975252','2017-02-28 22:46:07',NULL),(1259,20,'91.83941124692882','24.90984585950678','2017-02-28 22:46:16',NULL),(1260,21,'91.88005666','25.16983116','2017-02-28 22:46:27',NULL),(1261,20,'91.83941124692882','24.90984585950678','2017-02-28 22:46:36',NULL),(1262,21,'91.88008794','25.17000522','2017-02-28 22:46:47',NULL),(1263,20,'91.83941124692882','24.90984585950678','2017-02-28 22:46:56',NULL),(1264,21,'91.88007858','25.17009638','2017-02-28 22:47:07',NULL),(1265,20,'91.83941124692882','24.90984585950678','2017-02-28 22:47:16',NULL),(1266,21,'91.88020786','25.17030662','2017-02-28 22:47:27',NULL),(1267,20,'91.83941124692882','24.90984585950678','2017-02-28 22:47:36',NULL),(1268,21,'91.88032338','25.17065934','2017-02-28 22:47:47',NULL),(1269,20,'91.83941124692882','24.90984585950678','2017-02-28 22:47:56',NULL),(1270,21,'91.88045155','25.17077803','2017-02-28 22:48:07',NULL),(1271,20,'91.83941124692882','24.90984585950678','2017-02-28 22:48:16',NULL),(1272,21,'91.88048196','25.17099685','2017-02-28 22:48:27',NULL),(1273,20,'91.83953809442504','24.909852597018084','2017-02-28 22:48:36',NULL),(1274,21,'91.88059145','25.17126685','2017-02-28 22:48:47',NULL),(1275,20,'91.83953809442504','24.909852597018084','2017-02-28 22:48:56',NULL),(1276,21,'91.88063035','25.17137834','2017-02-28 22:49:07',NULL),(1277,20,'91.83953809442504','24.909852597018084','2017-02-28 22:49:16',NULL),(1278,21,'91.88045835','25.17142316','2017-02-28 22:49:27',NULL),(1279,20,'91.8394470362301','24.909805885623992','2017-02-28 22:49:36',NULL),(1280,21,'91.88052523','25.17183136','2017-02-28 22:49:46',NULL),(1281,20,'91.8394470362301','24.909805885623992','2017-02-28 22:49:56',NULL),(1282,21,'91.88066145','25.17210897','2017-02-28 22:50:07',NULL),(1283,20,'91.8394470362301','24.909805885623992','2017-02-28 22:50:16',NULL),(1284,21,'91.88063916','25.17225946','2017-02-28 22:50:27',NULL),(1285,20,'91.8394470362301','24.909805885623992','2017-02-28 22:50:36',NULL),(1286,21,'91.88048189','25.17244402','2017-02-28 22:50:47',NULL),(1287,20,'91.8394470362301','24.909805885623992','2017-02-28 22:50:57',NULL),(1288,21,'91.88058465','25.17260273','2017-02-28 22:51:07',NULL),(1289,20,'91.83961154977345','24.90983430074969','2017-02-28 22:51:16',NULL),(1290,21,'91.88055297','25.17294203','2017-02-28 22:51:27',NULL),(1291,20,'91.83961154977345','24.90983430074969','2017-02-28 22:51:36',NULL),(1292,21,'91.88036287','25.17301986','2017-02-28 22:51:47',NULL),(1293,20,'91.83961154977345','24.90983430074969','2017-02-28 22:51:56',NULL),(1294,21,'91.88017624','25.17321119','2017-02-28 22:52:07',NULL),(1295,20,'91.83961154977345','24.90983430074969','2017-02-28 22:52:16',NULL),(1296,21,'91.88004911','25.17330972','2017-02-28 22:52:27',NULL),(1297,20,'91.83961154977345','24.90983430074969','2017-02-28 22:52:36',NULL),(1298,21,'91.87977702','25.1734542','2017-02-28 22:52:47',NULL),(1299,20,'91.83961154977345','24.90983430074969','2017-02-28 22:52:56',NULL),(1300,21,'91.87950436','25.17346783','2017-02-28 22:53:07',NULL),(1301,20,'91.83961154977345','24.90983430074969','2017-02-28 22:53:16',NULL),(1302,21,'91.87955409','25.1734245','2017-02-28 22:53:27',NULL),(1303,20,'91.83961154977345','24.90983430074969','2017-02-28 22:53:36',NULL),(1304,21,'91.87945518','25.17341981','2017-02-28 22:53:47',NULL),(1305,20,'91.83961154977345','24.90983430074969','2017-02-28 22:53:56',NULL),(1306,21,'91.87950303','25.17340066','2017-02-28 22:54:07',NULL),(1307,20,'91.83961154977345','24.90983430074969','2017-02-28 22:54:16',NULL),(1308,21,'91.87949258','25.17348658','2017-02-28 22:54:27',NULL),(1309,20,'91.83961154977345','24.90983430074969','2017-02-28 22:54:36',NULL),(1310,21,'91.87948612','25.17349094','2017-02-28 22:54:47',NULL),(1311,20,'91.83961154977345','24.90983430074969','2017-02-28 22:54:57',NULL),(1312,21,'91.87949117','25.17347293','2017-02-28 22:55:10',NULL),(1313,20,'91.83961154977345','24.90983430074969','2017-02-28 22:55:27',NULL),(1314,21,'91.87950262','25.17346471','2017-02-28 22:55:33',NULL),(1315,20,'91.83945911438192','24.909889262671275','2017-02-28 22:55:46',NULL),(1316,21,'91.87950572','25.17347084','2017-02-28 22:55:53',NULL),(1317,20,'91.83934854523876','24.90986123945857','2017-02-28 22:56:06',NULL),(1318,21,'91.87950172','25.17347846','2017-02-28 22:56:15',NULL),(1319,20,'91.83924038254129','24.90988278653821','2017-02-28 22:56:26',NULL),(1320,21,'91.87950159','25.17348207','2017-02-28 22:56:33',NULL),(1321,20,'91.83924038254129','24.90988278653821','2017-02-28 22:56:46',NULL),(1322,21,'91.87950182','25.17348822','2017-02-28 22:56:53',NULL),(1323,20,'91.83924038254129','24.90988278653821','2017-02-28 22:57:06',NULL),(1324,21,'91.87950027','25.17348374','2017-02-28 22:57:13',NULL),(1325,20,'91.83924038254129','24.90988278653821','2017-02-28 22:57:26',NULL),(1326,21,'91.87952144','25.17347325','2017-02-28 22:57:33',NULL),(1327,20,'91.83924038254129','24.90988278653821','2017-02-28 22:57:46',NULL),(1328,21,'91.88017609','25.17317927','2017-02-28 22:57:53',NULL),(1329,20,'91.83924038254129','24.90988278653821','2017-02-28 22:58:06',NULL),(1330,21,'91.8804873','25.17305538','2017-02-28 22:58:13',NULL),(1331,20,'91.8394182421884','24.90992983425877','2017-02-28 22:58:26',NULL),(1332,21,'91.88064894','25.1730489','2017-02-28 22:58:33',NULL),(1333,20,'91.8394182421884','24.90992983425877','2017-02-28 22:58:46',NULL),(1334,21,'91.8806422','25.17304573','2017-02-28 22:58:53',NULL),(1335,20,'91.8394182421884','24.90992983425877','2017-02-28 22:59:07',NULL),(1336,21,'91.88064209','25.1730456','2017-02-28 22:59:13',NULL),(1337,20,'91.8394182421884','24.90992983425877','2017-02-28 22:59:27',NULL),(1338,21,'91.88064424','25.17302867','2017-02-28 22:59:39',NULL),(1339,20,'91.8394182421884','24.90992983425877','2017-02-28 22:59:47',NULL),(1340,21,'91.88064399','25.17301746','2017-02-28 23:00:02',NULL),(1341,20,'91.8394182421884','24.90992983425877','2017-02-28 23:00:07',NULL),(1342,21,'91.88063267','25.17301649','2017-02-28 23:00:18',NULL),(1343,20,'91.8394182421884','24.90992983425877','2017-02-28 23:00:27',NULL),(1344,21,'91.88063686','25.17302917','2017-02-28 23:00:38',NULL),(1345,20,'91.8394182421884','24.90992983425877','2017-02-28 23:00:47',NULL),(1346,21,'91.88063238','25.17303547','2017-02-28 23:00:58',NULL),(1347,20,'91.8394182421884','24.90992983425877','2017-02-28 23:01:07',NULL),(1348,21,'91.88061824','25.17302689','2017-02-28 23:01:18',NULL),(1349,20,'91.8394182421884','24.90992983425877','2017-02-28 23:01:27',NULL),(1350,21,'91.88061119','25.17302475','2017-02-28 23:01:38',NULL),(1351,20,'91.8394182421884','24.90992983425877','2017-02-28 23:01:47',NULL),(1352,21,'91.88061792','25.17302168','2017-02-28 23:01:58',NULL),(1353,20,'91.8394182421884','24.90992983425877','2017-02-28 23:02:07',NULL),(1354,21,'91.88061948','25.1730206','2017-02-28 23:02:20',NULL),(1355,20,'91.8394182421884','24.90992983425877','2017-02-28 23:02:27',NULL),(1356,21,'91.88062293','25.17302029','2017-02-28 23:02:38',NULL),(1357,20,'91.8394182421884','24.90992983425877','2017-02-28 23:02:47',NULL),(1358,21,'91.88062994','25.1730232','2017-02-28 23:02:58',NULL),(1359,20,'91.8394182421884','24.90992983425877','2017-02-28 23:03:07',NULL),(1360,21,'91.88064146','25.17301865','2017-02-28 23:03:18',NULL),(1361,20,'91.8394182421884','24.90992983425877','2017-02-28 23:03:27',NULL),(1362,21,'91.8806403','25.17301642','2017-02-28 23:03:38',NULL),(1363,20,'91.8394182421884','24.90992983425877','2017-02-28 23:03:47',NULL),(1364,21,'91.88064067','25.17301268','2017-02-28 23:03:59',NULL),(1365,20,'91.8394182421884','24.90992983425877','2017-02-28 23:04:07',NULL),(1366,21,'91.88064094','25.17301195','2017-02-28 23:04:18',NULL),(1367,20,'91.8394182421884','24.90992983425877','2017-02-28 23:04:27',NULL),(1368,21,'91.8806418','25.17301347','2017-02-28 23:04:38',NULL),(1369,20,'91.8394182421884','24.90992983425877','2017-02-28 23:04:47',NULL),(1370,21,'91.88064419','25.17301489','2017-02-28 23:04:59',NULL),(1371,20,'91.8394182421884','24.90992983425877','2017-02-28 23:05:07',NULL),(1372,21,'91.88064727','25.1730192','2017-02-28 23:05:19',NULL),(1373,20,'91.8394182421884','24.90992983425877','2017-02-28 23:05:27',NULL),(1374,21,'91.88064955','25.17302245','2017-02-28 23:05:38',NULL),(1375,20,'91.8394182421884','24.90992983425877','2017-02-28 23:05:47',NULL),(1376,21,'91.88065346','25.17302548','2017-02-28 23:05:58',NULL),(1377,20,'91.8394182421884','24.90992983425877','2017-02-28 23:06:12',NULL),(1378,21,'91.88065785','25.17303103','2017-02-28 23:06:18',NULL),(1379,20,'91.8394182421884','24.90992983425877','2017-02-28 23:06:32',NULL),(1380,21,'91.88066006','25.17303215','2017-02-28 23:06:38',NULL),(1381,20,'91.8394182421884','24.90992983425877','2017-02-28 23:06:52',NULL),(1382,21,'91.8806617','25.17303418','2017-02-28 23:06:59',NULL),(1383,20,'91.8394182421884','24.90992983425877','2017-02-28 23:07:12',NULL),(1384,21,'91.88068543','25.17303434','2017-02-28 23:07:18',NULL),(1385,20,'91.8394182421884','24.90992983425877','2017-02-28 23:07:32',NULL),(1386,21,'91.88061015','25.17286768','2017-02-28 23:07:39',NULL),(1387,20,'91.8394182421884','24.90992983425877','2017-02-28 23:07:52',NULL),(1388,21,'91.88071349','25.17271068','2017-02-28 23:07:59',NULL),(1389,20,'91.8394182421884','24.90992983425877','2017-02-28 23:08:12',NULL),(1390,21,'91.88068852','25.17243793','2017-02-28 23:08:19',NULL),(1391,20,'91.8394182421884','24.90992983425877','2017-02-28 23:08:32',NULL),(1392,21,'91.88066021','25.17232805','2017-02-28 23:08:39',NULL),(1393,20,'91.8394182421884','24.90992983425877','2017-02-28 23:08:52',NULL),(1394,21,'91.88055033','25.17204135','2017-02-28 23:08:59',NULL),(1395,20,'91.8394182421884','24.90992983425877','2017-02-28 23:09:12',NULL),(1396,21,'91.88052095','25.17200141','2017-02-28 23:09:19',NULL),(1397,20,'91.83951306473378','24.909896906402743','2017-02-28 23:09:32',NULL),(1398,21,'91.88054862','25.17200158','2017-02-28 23:09:39',NULL),(1399,20,'91.83951306473378','24.909896906402743','2017-02-28 23:09:52',NULL),(1400,21,'91.88066417','25.17184864','2017-02-28 23:09:59',NULL),(1401,20,'91.83951306473378','24.909896906402743','2017-02-28 23:10:12',NULL),(1402,21,'91.88055648','25.17157327','2017-02-28 23:10:19',NULL),(1403,20,'91.8394307789069','24.909826306638944','2017-02-28 23:10:32',NULL),(1404,21,'91.88062776','25.17137071','2017-02-28 23:10:39',NULL),(1405,20,'91.8394307789069','24.909826306638944','2017-02-28 23:10:52',NULL),(1406,21,'91.88062312','25.17117004','2017-02-28 23:10:59',NULL),(1407,20,'91.8394307789069','24.909826306638944','2017-02-28 23:11:12',NULL),(1408,21,'91.88052458','25.17094333','2017-02-28 23:11:19',NULL),(1409,20,'91.8394307789069','24.909826306638944','2017-02-28 23:11:32',NULL),(1410,21,'91.88052463','25.17072171','2017-02-28 23:11:39',NULL),(1411,20,'91.8394307789069','24.909826306638944','2017-02-28 23:11:52',NULL),(1412,21,'91.88040204','25.170656','2017-02-28 23:11:59',NULL),(1413,20,'91.8394307789069','24.909826306638944','2017-02-28 23:12:12',NULL),(1414,21,'91.88031873','25.17039344','2017-02-28 23:12:19',NULL),(1415,20,'91.8394307789069','24.909826306638944','2017-02-28 23:12:32',NULL),(1416,21,'91.88029719','25.17024723','2017-02-28 23:12:39',NULL),(1417,20,'91.8394307789069','24.909826306638944','2017-02-28 23:12:52',NULL),(1418,21,'91.88025033','25.17022699','2017-02-28 23:12:59',NULL),(1419,20,'91.8394307789069','24.909826306638944','2017-02-28 23:13:12',NULL),(1420,21,'91.88016489','25.17018212','2017-02-28 23:13:19',NULL),(1421,20,'91.8394307789069','24.909826306638944','2017-02-28 23:13:32',NULL),(1422,21,'91.88003011','25.16994183','2017-02-28 23:13:39',NULL),(1423,20,'91.8394307789069','24.909826306638944','2017-02-28 23:13:52',NULL),(1424,21,'91.87990821','25.16979006','2017-02-28 23:13:59',NULL),(1425,20,'91.8394307789069','24.909826306638944','2017-02-28 23:14:12',NULL),(1426,21,'91.87981534','25.16965146','2017-02-28 23:14:19',NULL),(1427,20,'91.8394307789069','24.909826306638944','2017-02-28 23:14:32',NULL),(1428,21,'91.87977465','25.16944475','2017-02-28 23:14:39',NULL),(1429,20,'91.8394307789069','24.909826306638944','2017-02-28 23:14:52',NULL),(1430,21,'91.87977256','25.1692405','2017-02-28 23:14:59',NULL),(1431,20,'91.8394307789069','24.909826306638944','2017-02-28 23:15:12',NULL),(1432,21,'91.87963625','25.16914826','2017-02-28 23:15:19',NULL),(1433,20,'91.8394307789069','24.909826306638944','2017-02-28 23:15:32',NULL),(1434,21,'91.87966836','25.1690593','2017-02-28 23:15:39',NULL),(1435,20,'91.8394307789069','24.909826306638944','2017-02-28 23:15:52',NULL),(1436,21,'91.87982081','25.16899915','2017-02-28 23:15:59',NULL),(1437,20,'91.8394307789069','24.909826306638944','2017-02-28 23:16:12',NULL),(1438,21,'91.87980302','25.16902629','2017-02-28 23:16:19',NULL),(1439,20,'91.8394307789069','24.909826306638944','2017-02-28 23:16:32',NULL),(1440,21,'91.87981387','25.16896916','2017-02-28 23:16:39',NULL),(1441,20,'91.8394307789069','24.909826306638944','2017-02-28 23:16:52',NULL),(1442,21,'91.87971077','25.16888977','2017-02-28 23:16:59',NULL),(1443,20,'91.8394307789069','24.909826306638944','2017-02-28 23:17:12',NULL),(1444,20,'91.8394307789069','24.909826306638944','2017-02-28 23:17:32',NULL),(1445,20,'91.8394307789069','24.909826306638944','2017-02-28 23:17:52',NULL),(1446,20,'91.8394307789069','24.909826306638944','2017-02-28 23:18:12',NULL),(1447,21,'0.0','0.0','2017-02-28 23:18:27',NULL),(1448,20,'91.8394307789069','24.909826306638944','2017-02-28 23:18:32',NULL),(1449,21,'91.87955864','25.16891176','2017-02-28 23:18:47',NULL),(1450,20,'91.8394307789069','24.909826306638944','2017-02-28 23:18:52',NULL),(1451,21,'91.8795838','25.16889905','2017-02-28 23:19:07',NULL),(1452,20,'91.8394307789069','24.909826306638944','2017-02-28 23:19:12',NULL),(1453,21,'91.87960895','25.16876645','2017-02-28 23:19:27',NULL),(1454,20,'91.8395275529156','24.90983524467442','2017-02-28 23:19:32',NULL),(1455,21,'91.87973042','25.16885886','2017-02-28 23:19:47',NULL),(1456,20,'91.8395275529156','24.90983524467442','2017-02-28 23:19:52',NULL),(1457,21,'91.87971701','25.16883399','2017-02-28 23:20:07',NULL),(1458,20,'91.83921039593787','24.909757504382398','2017-02-28 23:20:12',NULL),(1459,21,'91.87973982','25.16883209','2017-02-28 23:20:27',NULL),(1460,20,'91.8391838548732','24.909761483820866','2017-02-28 23:20:32',NULL),(1461,21,'91.87974432','25.16883371','2017-02-28 23:20:47',NULL),(1462,20,'91.8391838548732','24.909761483820866','2017-02-28 23:20:52',NULL),(1463,21,'91.8797674','25.16884866','2017-02-28 23:21:09',NULL),(1464,20,'91.83941789859689','24.90971867670663','2017-02-28 23:21:12',NULL),(1465,21,'91.87976685','25.16884873','2017-02-28 23:21:29',NULL),(1466,20,'91.83958665815214','24.910104902617952','2017-02-28 23:21:32',NULL),(1467,21,'91.87974296','25.16885178','2017-02-28 23:21:49',NULL),(1468,20,'91.8397420822725','24.910558488263923','2017-02-28 23:21:52',NULL),(1469,21,'91.8797437','25.16885449','2017-02-28 23:22:08',NULL),(1470,20,'91.83978080545893','24.911068051563372','2017-02-28 23:22:12',NULL),(1471,21,'91.879744','25.16885432','2017-02-28 23:22:28',NULL),(1472,20,'91.83931649982877','24.911573574369907','2017-02-28 23:22:32',NULL),(1473,21,'91.879744','25.16885509','2017-02-28 23:22:51',NULL),(1474,20,'91.83933569272271','24.91106795930452','2017-02-28 23:22:52',NULL),(1475,20,'91.8395142054972','24.909938871304337','2017-02-28 23:23:12',NULL),(1476,21,'91.87974212','25.16886856','2017-02-28 23:23:15',NULL),(1477,20,'91.8395142054972','24.909938871304337','2017-02-28 23:23:32',NULL),(1478,21,'91.87974246','25.16887607','2017-02-28 23:23:34',NULL),(1479,20,'91.8395142054972','24.909938871304337','2017-02-28 23:23:52',NULL),(1480,21,'91.87975238','25.16887774','2017-02-28 23:23:55',NULL),(1481,20,'91.8395142054972','24.909938871304337','2017-02-28 23:24:12',NULL),(1482,21,'91.87974318','25.16888989','2017-02-28 23:24:17',NULL),(1483,20,'91.8395142054972','24.909938871304337','2017-02-28 23:24:32',NULL),(1484,21,'91.8797432','25.16889','2017-02-28 23:24:35',NULL),(1485,20,'91.8395142054972','24.909938871304337','2017-02-28 23:24:52',NULL),(1486,21,'91.87974247','25.16889452','2017-02-28 23:24:55',NULL),(1487,20,'91.8395142054972','24.909938871304337','2017-02-28 23:25:12',NULL),(1488,21,'91.87973666','25.16887944','2017-02-28 23:25:14',NULL),(1489,20,'91.8395142054972','24.909938871304337','2017-02-28 23:25:32',NULL),(1490,21,'91.87973496','25.16888263','2017-02-28 23:25:36',NULL),(1491,20,'91.8395142054972','24.909938871304337','2017-02-28 23:25:52',NULL),(1492,21,'91.87974097','25.16889479','2017-02-28 23:25:55',NULL),(1493,20,'91.8395142054972','24.909938871304337','2017-02-28 23:26:12',NULL),(1494,21,'91.87974035','25.16889737','2017-02-28 23:26:15',NULL),(1495,20,'91.83944257238139','24.909784345122947','2017-02-28 23:26:32',NULL),(1496,21,'91.87974246','25.16889702','2017-02-28 23:26:35',NULL),(1497,20,'91.83944257238139','24.909784345122947','2017-02-28 23:26:52',NULL),(1498,21,'91.87973756','25.16889922','2017-02-28 23:26:55',NULL),(1499,20,'91.83944257238139','24.909784345122947','2017-02-28 23:27:12',NULL),(1500,21,'91.87973677','25.16890393','2017-02-28 23:27:15',NULL),(1501,20,'91.83944257238139','24.909784345122947','2017-02-28 23:27:32',NULL),(1502,20,'91.83944257238139','24.909784345122947','2017-02-28 23:27:52',NULL),(1503,20,'91.83944257238139','24.909784345122947','2017-02-28 23:28:12',NULL),(1504,20,'91.83944257238139','24.909784345122947','2017-02-28 23:28:32',NULL),(1505,20,'91.83944257238139','24.909784345122947','2017-02-28 23:28:52',NULL),(1506,20,'91.83944257238139','24.909784345122947','2017-02-28 23:29:12',NULL),(1507,20,'91.83944257238139','24.909784345122947','2017-02-28 23:29:32',NULL),(1508,20,'91.83944257238139','24.909784345122947','2017-02-28 23:29:52',NULL),(1509,20,'91.83944257238139','24.909784345122947','2017-02-28 23:30:12',NULL),(1510,20,'91.83944257238139','24.909784345122947','2017-02-28 23:30:32',NULL),(1511,20,'91.83944257238139','24.909784345122947','2017-02-28 23:30:52',NULL),(1512,20,'91.83944257238139','24.909784345122947','2017-02-28 23:31:12',NULL),(1513,20,'91.83944257238139','24.909784345122947','2017-02-28 23:31:32',NULL),(1514,20,'91.83944257238139','24.909784345122947','2017-02-28 23:31:52',NULL),(1515,20,'91.83944257238139','24.909784345122947','2017-02-28 23:32:12',NULL),(1516,20,'91.83944257238139','24.909784345122947','2017-02-28 23:32:32',NULL),(1517,20,'91.83944257238139','24.909784345122947','2017-02-28 23:32:52',NULL),(1518,20,'91.83944257238139','24.909784345122947','2017-02-28 23:33:12',NULL),(1519,20,'91.83944257238139','24.909784345122947','2017-02-28 23:33:33',NULL),(1520,20,'91.83944257238139','24.909784345122947','2017-02-28 23:33:53',NULL),(1521,20,'91.83944257238139','24.909784345122947','2017-02-28 23:34:13',NULL),(1522,20,'91.83944257238139','24.909784345122947','2017-02-28 23:34:33',NULL),(1523,20,'91.83944257238139','24.909784345122947','2017-02-28 23:34:53',NULL),(1524,20,'91.83944257238139','24.909784345122947','2017-02-28 23:35:13',NULL),(1525,20,'91.83944257238139','24.909784345122947','2017-02-28 23:35:33',NULL),(1526,20,'91.83944257238139','24.909784345122947','2017-02-28 23:35:53',NULL),(1527,20,'91.83944257238139','24.909784345122947','2017-02-28 23:36:13',NULL),(1528,20,'91.83944257238139','24.909784345122947','2017-02-28 23:36:33',NULL),(1529,20,'91.83944257238139','24.909784345122947','2017-02-28 23:36:53',NULL),(1530,20,'91.83944257238139','24.909784345122947','2017-02-28 23:37:13',NULL),(1531,20,'91.83944257238139','24.909784345122947','2017-02-28 23:37:33',NULL),(1532,20,'91.83944257238139','24.909784345122947','2017-02-28 23:37:53',NULL),(1533,20,'91.83944257238139','24.909784345122947','2017-02-28 23:38:13',NULL),(1534,20,'91.83944257238139','24.909784345122947','2017-02-28 23:38:33',NULL),(1535,20,'91.83944257238139','24.909784345122947','2017-02-28 23:38:53',NULL),(1536,20,'91.83944257238139','24.909784345122947','2017-02-28 23:39:13',NULL),(1537,20,'91.83944257238139','24.909784345122947','2017-02-28 23:39:33',NULL),(1538,20,'91.83944257238139','24.909784345122947','2017-02-28 23:39:53',NULL),(1539,20,'91.83944257238139','24.909784345122947','2017-02-28 23:40:13',NULL),(1540,20,'91.83944257238139','24.909784345122947','2017-02-28 23:40:33',NULL),(1541,20,'91.83944257238139','24.909784345122947','2017-02-28 23:40:53',NULL),(1542,20,'91.83944257238139','24.909784345122947','2017-02-28 23:41:13',NULL),(1543,20,'91.83944257238139','24.909784345122947','2017-02-28 23:41:33',NULL),(1544,20,'91.83944257238139','24.909784345122947','2017-02-28 23:41:53',NULL),(1545,20,'91.83944257238139','24.909784345122947','2017-02-28 23:42:13',NULL),(1546,20,'91.83944257238139','24.909784345122947','2017-02-28 23:42:33',NULL),(1547,20,'91.83944257238139','24.909784345122947','2017-02-28 23:42:53',NULL),(1548,20,'91.83944257238139','24.909784345122947','2017-02-28 23:43:13',NULL),(1549,20,'91.83944257238139','24.909784345122947','2017-02-28 23:43:33',NULL),(1550,20,'91.83944257238139','24.909784345122947','2017-02-28 23:43:53',NULL),(1551,20,'91.83944257238139','24.909784345122947','2017-02-28 23:44:13',NULL),(1552,20,'91.83944257238139','24.909784345122947','2017-02-28 23:44:33',NULL),(1553,20,'91.83944257238139','24.909784345122947','2017-02-28 23:44:53',NULL),(1554,20,'91.83944257238139','24.909784345122947','2017-02-28 23:45:13',NULL),(1555,20,'91.83944257238139','24.909784345122947','2017-02-28 23:45:33',NULL),(1556,20,'91.83944257238139','24.909784345122947','2017-02-28 23:45:53',NULL),(1557,20,'91.83944257238139','24.909784345122947','2017-02-28 23:46:13',NULL),(1558,20,'91.83944257238139','24.909784345122947','2017-02-28 23:46:33',NULL),(1559,20,'91.83944257238139','24.909784345122947','2017-02-28 23:46:53',NULL),(1560,20,'91.83944257238139','24.909784345122947','2017-02-28 23:47:13',NULL),(1561,20,'91.83944257238139','24.909784345122947','2017-02-28 23:47:33',NULL),(1562,20,'91.83944257238139','24.909784345122947','2017-02-28 23:47:53',NULL),(1563,20,'91.83944257238139','24.909784345122947','2017-02-28 23:48:13',NULL),(1564,20,'91.83944257238139','24.909784345122947','2017-02-28 23:48:33',NULL),(1565,20,'91.83944257238139','24.909784345122947','2017-02-28 23:48:53',NULL),(1566,20,'91.83944257238139','24.909784345122947','2017-02-28 23:49:13',NULL),(1567,20,'91.83944257238139','24.909784345122947','2017-02-28 23:49:33',NULL),(1568,20,'91.83944257238139','24.909784345122947','2017-02-28 23:49:53',NULL),(1569,20,'91.83944257238139','24.909784345122947','2017-02-28 23:50:13',NULL),(1570,20,'91.83944257238139','24.909784345122947','2017-02-28 23:50:33',NULL),(1571,20,'91.83944257238139','24.909784345122947','2017-02-28 23:50:53',NULL),(1572,20,'91.83944257238139','24.909784345122947','2017-02-28 23:51:13',NULL),(1573,20,'91.83944257238139','24.909784345122947','2017-02-28 23:51:33',NULL),(1574,20,'91.83944257238139','24.909784345122947','2017-02-28 23:51:53',NULL),(1575,20,'91.83944257238139','24.909784345122947','2017-02-28 23:52:13',NULL),(1576,20,'91.83944257238139','24.909784345122947','2017-02-28 23:52:33',NULL),(1577,20,'91.83944257238139','24.909784345122947','2017-02-28 23:52:53',NULL),(1578,20,'91.83944257238139','24.909784345122947','2017-02-28 23:53:13',NULL),(1579,20,'91.83944257238139','24.909784345122947','2017-02-28 23:53:33',NULL),(1580,20,'91.83944257238139','24.909784345122947','2017-02-28 23:53:53',NULL),(1581,20,'91.83944257238139','24.909784345122947','2017-02-28 23:54:13',NULL),(1582,20,'91.83944257238139','24.909784345122947','2017-02-28 23:54:33',NULL),(1583,20,'91.83944257238139','24.909784345122947','2017-02-28 23:54:53',NULL),(1584,20,'91.83944257238139','24.909784345122947','2017-02-28 23:55:13',NULL),(1585,20,'91.83944257238139','24.909784345122947','2017-02-28 23:55:33',NULL),(1586,20,'91.83944257238139','24.909784345122947','2017-02-28 23:55:53',NULL),(1587,20,'91.83944257238139','24.909784345122947','2017-02-28 23:56:13',NULL),(1588,20,'91.83944257238139','24.909784345122947','2017-02-28 23:56:33',NULL),(1589,20,'91.83944257238139','24.909784345122947','2017-02-28 23:56:53',NULL),(1590,20,'91.83944257238139','24.909784345122947','2017-02-28 23:57:13',NULL),(1591,20,'91.83944257238139','24.909784345122947','2017-02-28 23:57:33',NULL),(1592,20,'91.83944257238139','24.909784345122947','2017-02-28 23:57:53',NULL),(1593,20,'91.83944257238139','24.909784345122947','2017-02-28 23:58:13',NULL),(1594,20,'91.83944257238139','24.909784345122947','2017-02-28 23:58:33',NULL),(1595,20,'91.83944257238139','24.909784345122947','2017-02-28 23:58:53',NULL),(1596,20,'91.83944257238139','24.909784345122947','2017-02-28 23:59:13',NULL),(1597,20,'91.83944257238139','24.909784345122947','2017-02-28 23:59:33',NULL),(1598,20,'91.83944257238139','24.909784345122947','2017-02-28 23:59:53',NULL),(1599,20,'91.83944257238139','24.909784345122947','2017-03-01 00:00:13',NULL),(1600,20,'91.83944257238139','24.909784345122947','2017-03-01 00:00:33',NULL),(1601,20,'91.83944257238139','24.909784345122947','2017-03-01 00:00:53',NULL),(1602,20,'91.83944257238139','24.909784345122947','2017-03-01 00:01:13',NULL),(1603,20,'91.83944257238139','24.909784345122947','2017-03-01 00:01:33',NULL),(1604,20,'91.83944257238139','24.909784345122947','2017-03-01 00:01:53',NULL),(1605,20,'91.83944257238139','24.909784345122947','2017-03-01 00:02:13',NULL),(1606,20,'91.83944257238139','24.909784345122947','2017-03-01 00:02:33',NULL),(1607,20,'91.83944257238139','24.909784345122947','2017-03-01 00:02:53',NULL),(1608,20,'91.83944257238139','24.909784345122947','2017-03-01 00:03:13',NULL),(1609,20,'91.83944257238139','24.909784345122947','2017-03-01 00:03:33',NULL),(1610,20,'91.83944257238139','24.909784345122947','2017-03-01 00:03:53',NULL),(1611,20,'91.83944257238139','24.909784345122947','2017-03-01 00:04:13',NULL),(1612,20,'91.83944257238139','24.909784345122947','2017-03-01 00:04:33',NULL),(1613,20,'91.83944257238139','24.909784345122947','2017-03-01 00:04:53',NULL),(1614,20,'91.83944257238139','24.909784345122947','2017-03-01 00:05:13',NULL),(1615,20,'91.83944257238139','24.909784345122947','2017-03-01 00:05:33',NULL),(1616,20,'91.83944257238139','24.909784345122947','2017-03-01 00:05:53',NULL),(1617,20,'91.83944257238139','24.909784345122947','2017-03-01 00:06:13',NULL),(1618,20,'91.83944257238139','24.909784345122947','2017-03-01 00:06:33',NULL),(1619,20,'91.83944257238139','24.909784345122947','2017-03-01 00:06:53',NULL),(1620,20,'91.83944257238139','24.909784345122947','2017-03-01 00:07:13',NULL),(1621,20,'91.83944257238139','24.909784345122947','2017-03-01 00:07:34',NULL),(1622,20,'91.83944257238139','24.909784345122947','2017-03-01 00:07:54',NULL),(1623,20,'91.83944257238139','24.909784345122947','2017-03-01 00:08:14',NULL),(1624,20,'91.83944257238139','24.909784345122947','2017-03-01 00:08:34',NULL),(1625,20,'91.83944257238139','24.909784345122947','2017-03-01 00:08:54',NULL),(1626,20,'91.83944257238139','24.909784345122947','2017-03-01 00:09:14',NULL),(1627,20,'91.83944257238139','24.909784345122947','2017-03-01 00:09:34',NULL),(1628,20,'91.83944257238139','24.909784345122947','2017-03-01 00:09:54',NULL),(1629,20,'91.83944257238139','24.909784345122947','2017-03-01 00:10:14',NULL),(1630,20,'91.83944257238139','24.909784345122947','2017-03-01 00:10:34',NULL),(1631,20,'91.83944257238139','24.909784345122947','2017-03-01 00:10:54',NULL),(1632,20,'91.83944257238139','24.909784345122947','2017-03-01 00:11:14',NULL),(1633,20,'91.83944257238139','24.909784345122947','2017-03-01 00:11:34',NULL),(1634,20,'91.83944257238139','24.909784345122947','2017-03-01 00:11:54',NULL),(1635,20,'91.83944257238139','24.909784345122947','2017-03-01 00:12:14',NULL),(1636,20,'91.83944257238139','24.909784345122947','2017-03-01 00:12:34',NULL),(1637,20,'91.83944257238139','24.909784345122947','2017-03-01 00:12:54',NULL),(1638,20,'91.83944257238139','24.909784345122947','2017-03-01 00:13:14',NULL),(1639,20,'91.83944257238139','24.909784345122947','2017-03-01 00:13:34',NULL),(1640,20,'91.83944257238139','24.909784345122947','2017-03-01 00:13:54',NULL),(1641,20,'91.83944257238139','24.909784345122947','2017-03-01 00:14:14',NULL),(1642,20,'91.83944257238139','24.909784345122947','2017-03-01 00:14:34',NULL),(1643,20,'91.83944257238139','24.909784345122947','2017-03-01 00:14:54',NULL),(1644,20,'91.83944257238139','24.909784345122947','2017-03-01 00:15:14',NULL),(1645,20,'91.83944257238139','24.909784345122947','2017-03-01 00:15:34',NULL),(1646,20,'91.83944257238139','24.909784345122947','2017-03-01 00:15:54',NULL),(1647,20,'91.83944257238139','24.909784345122947','2017-03-01 00:16:14',NULL),(1648,20,'91.83944257238139','24.909784345122947','2017-03-01 00:16:34',NULL),(1649,20,'91.83944257238139','24.909784345122947','2017-03-01 00:16:54',NULL),(1650,20,'91.83944257238139','24.909784345122947','2017-03-01 00:17:14',NULL),(1651,20,'91.83944257238139','24.909784345122947','2017-03-01 00:17:34',NULL),(1652,20,'91.83944257238139','24.909784345122947','2017-03-01 00:17:54',NULL),(1653,20,'91.83944257238139','24.909784345122947','2017-03-01 00:18:14',NULL),(1654,20,'91.83944257238139','24.909784345122947','2017-03-01 00:18:34',NULL),(1655,20,'91.83944257238139','24.909784345122947','2017-03-01 00:18:54',NULL),(1656,20,'91.83944257238139','24.909784345122947','2017-03-01 00:19:14',NULL),(1657,20,'91.83944257238139','24.909784345122947','2017-03-01 00:19:34',NULL),(1658,20,'91.83944257238139','24.909784345122947','2017-03-01 00:19:54',NULL),(1659,20,'91.83944257238139','24.909784345122947','2017-03-01 00:20:14',NULL),(1660,20,'91.83944257238139','24.909784345122947','2017-03-01 00:20:34',NULL),(1661,20,'91.83944257238139','24.909784345122947','2017-03-01 00:20:54',NULL),(1662,20,'91.83944257238139','24.909784345122947','2017-03-01 00:21:14',NULL),(1663,20,'91.83944257238139','24.909784345122947','2017-03-01 00:21:34',NULL),(1664,20,'91.83944257238139','24.909784345122947','2017-03-01 00:21:54',NULL),(1665,20,'91.83944257238139','24.909784345122947','2017-03-01 00:22:14',NULL),(1666,20,'91.83944257238139','24.909784345122947','2017-03-01 00:22:34',NULL),(1667,20,'91.83944257238139','24.909784345122947','2017-03-01 00:22:54',NULL),(1668,20,'91.83944257238139','24.909784345122947','2017-03-01 00:23:14',NULL),(1669,20,'91.83944257238139','24.909784345122947','2017-03-01 00:23:34',NULL),(1670,20,'91.83944257238139','24.909784345122947','2017-03-01 00:23:54',NULL),(1671,20,'91.83944257238139','24.909784345122947','2017-03-01 00:24:14',NULL),(1672,20,'91.83944257238139','24.909784345122947','2017-03-01 00:24:34',NULL),(1673,20,'91.83944257238139','24.909784345122947','2017-03-01 00:24:54',NULL),(1674,20,'91.83944257238139','24.909784345122947','2017-03-01 00:25:14',NULL),(1675,20,'91.83944257238139','24.909784345122947','2017-03-01 00:25:34',NULL),(1676,20,'91.83944257238139','24.909784345122947','2017-03-01 00:25:54',NULL),(1677,20,'91.83944257238139','24.909784345122947','2017-03-01 00:26:14',NULL),(1678,20,'91.83944257238139','24.909784345122947','2017-03-01 00:26:34',NULL),(1679,20,'91.83944257238139','24.909784345122947','2017-03-01 00:26:54',NULL),(1680,20,'91.83944257238139','24.909784345122947','2017-03-01 00:27:14',NULL),(1681,20,'91.83944257238139','24.909784345122947','2017-03-01 00:27:34',NULL),(1682,20,'91.83944257238139','24.909784345122947','2017-03-01 00:27:54',NULL),(1683,20,'91.83944257238139','24.909784345122947','2017-03-01 00:28:14',NULL),(1684,20,'91.83944257238139','24.909784345122947','2017-03-01 00:28:34',NULL),(1685,20,'91.83944257238139','24.909784345122947','2017-03-01 00:28:54',NULL),(1686,20,'91.83944257238139','24.909784345122947','2017-03-01 00:29:14',NULL),(1687,20,'91.83944257238139','24.909784345122947','2017-03-01 00:29:34',NULL),(1688,20,'91.83944257238139','24.909784345122947','2017-03-01 00:29:54',NULL),(1689,20,'91.83944257238139','24.909784345122947','2017-03-01 00:30:14',NULL),(1690,20,'91.83944257238139','24.909784345122947','2017-03-01 00:30:34',NULL),(1691,20,'91.83944257238139','24.909784345122947','2017-03-01 00:30:54',NULL),(1692,20,'91.83944257238139','24.909784345122947','2017-03-01 00:31:14',NULL),(1693,20,'91.83944257238139','24.909784345122947','2017-03-01 00:31:34',NULL),(1694,20,'91.83944257238139','24.909784345122947','2017-03-01 00:31:54',NULL),(1695,20,'91.83944257238139','24.909784345122947','2017-03-01 00:32:14',NULL),(1696,20,'91.83944257238139','24.909784345122947','2017-03-01 00:32:34',NULL),(1697,20,'91.83944257238139','24.909784345122947','2017-03-01 00:32:54',NULL),(1698,20,'91.83944257238139','24.909784345122947','2017-03-01 00:33:14',NULL),(1699,20,'91.83944257238139','24.909784345122947','2017-03-01 00:33:34',NULL),(1700,20,'91.83944257238139','24.909784345122947','2017-03-01 00:33:54',NULL),(1701,20,'91.83944257238139','24.909784345122947','2017-03-01 00:34:14',NULL),(1702,20,'91.83944257238139','24.909784345122947','2017-03-01 00:34:34',NULL),(1703,20,'91.83944257238139','24.909784345122947','2017-03-01 00:34:54',NULL),(1704,20,'91.83944257238139','24.909784345122947','2017-03-01 00:35:14',NULL),(1705,20,'91.83944257238139','24.909784345122947','2017-03-01 00:35:34',NULL),(1706,20,'91.83944257238139','24.909784345122947','2017-03-01 00:35:54',NULL),(1707,20,'91.83944257238139','24.909784345122947','2017-03-01 00:36:14',NULL),(1708,20,'91.83944257238139','24.909784345122947','2017-03-01 00:36:34',NULL),(1709,20,'91.83944257238139','24.909784345122947','2017-03-01 00:36:54',NULL),(1710,20,'91.83944257238139','24.909784345122947','2017-03-01 00:37:14',NULL),(1711,20,'91.83944257238139','24.909784345122947','2017-03-01 00:37:34',NULL),(1712,20,'91.83944257238139','24.909784345122947','2017-03-01 00:37:54',NULL),(1713,20,'91.83944257238139','24.909784345122947','2017-03-01 00:38:14',NULL),(1714,20,'91.83944257238139','24.909784345122947','2017-03-01 00:38:34',NULL),(1715,20,'91.83944257238139','24.909784345122947','2017-03-01 00:38:54',NULL),(1716,20,'91.83944257238139','24.909784345122947','2017-03-01 00:39:15',NULL),(1717,24,'0.0','0.0','2017-03-01 01:52:29',NULL),(1718,24,'91.9328688','25.1565856','2017-03-01 01:52:49',NULL),(1719,24,'91.92910562926347','25.17421408279231','2017-03-01 01:53:09',NULL),(1720,24,'91.92894858699745','25.174415557363478','2017-03-01 01:53:41',NULL),(1721,24,'91.92882794390279','25.17445131363469','2017-03-01 01:53:49',NULL),(1722,24,'91.92879881043572','25.174513967252285','2017-03-01 01:54:09',NULL),(1723,24,'91.92878941267762','25.174513622986165','2017-03-01 01:54:29',NULL),(1724,24,'91.92881777760638','25.17454525630112','2017-03-01 01:54:57',NULL),(1725,24,'91.92881777760638','25.17454525630112','2017-03-01 01:55:33',NULL),(1726,24,'91.92880625683948','25.17455488973848','2017-03-01 01:55:37',NULL),(1727,24,'91.92881297217245','25.1745492647102','2017-03-01 01:55:39',NULL),(1728,24,'91.92879250495085','25.174540513373262','2017-03-01 01:55:49',NULL),(1729,24,'91.92878585802659','25.17453085170429','2017-03-01 01:56:09',NULL),(1730,24,'91.92877589685175','25.174522121756283','2017-03-01 01:56:32',NULL),(1731,24,'91.92877127113243','25.174504110627737','2017-03-01 01:56:49',NULL),(1732,24,'91.9287712686322','25.174504083259738','2017-03-01 01:57:24',NULL),(1733,24,'91.9287712686322','25.174504083259738','2017-03-01 01:57:29',NULL),(1734,24,'91.92877051787961','25.174499267386572','2017-03-01 01:58:19',NULL),(1735,24,'91.92876849379165','25.174504010954013','2017-03-01 01:58:20',NULL),(1736,24,'91.9287633841044','25.174516355567846','2017-03-01 01:58:29',NULL),(1737,24,'91.92876019889079','25.174518174410487','2017-03-01 01:58:49',NULL),(1738,24,'91.92875166818348','25.17451935284925','2017-03-01 01:59:33',NULL),(1739,9,'91.95352716801546','24.91265926840755','2017-03-01 03:05:21',NULL),(1740,21,'0.0','0.0','2017-03-01 05:14:37',NULL),(1741,21,'91.8881454','25.1637974','2017-03-01 05:14:57',NULL),(1742,21,'91.87966266','25.16887304','2017-03-01 05:15:18',NULL),(1743,21,'91.87971694','25.16885413','2017-03-01 05:15:37',NULL),(1744,21,'91.87976714','25.16881606','2017-03-01 05:15:57',NULL),(1745,21,'91.87981213','25.16881567','2017-03-01 05:16:17',NULL),(1746,21,'91.87982438','25.16881764','2017-03-01 05:16:37',NULL),(1747,21,'91.87982612','25.16882611','2017-03-01 05:16:57',NULL),(1748,21,'91.87982463','25.16882849','2017-03-01 05:17:16',NULL),(1749,5,'90.38722043','23.76475385','2017-03-01 06:54:54',NULL),(1750,7,'90.38722043','23.76475385','2017-03-01 06:55:25',NULL),(1751,7,'90.38722043','23.76475385','2017-03-01 06:55:55',NULL),(1752,7,'90.38722043','23.76475385','2017-03-01 06:56:25',NULL),(1753,7,'90.38722043','23.76475385','2017-03-01 06:56:55',NULL),(1754,7,'90.38722043','23.76475385','2017-03-01 07:21:55',NULL),(1755,7,'90.38722043','23.76475385','2017-03-01 07:22:25',NULL),(1756,7,'90.38722043','23.76475385','2017-03-01 07:22:55',NULL),(1757,7,'90.38722043','23.76475385','2017-03-01 07:23:25',NULL),(1758,7,'90.38722043','23.76475385','2017-03-01 07:23:55',NULL),(1759,7,'90.38722043','23.76475385','2017-03-01 07:24:26',NULL),(1760,7,'90.38722043','23.76475385','2017-03-01 07:24:56',NULL),(1761,7,'90.38722043','23.76475385','2017-03-01 07:25:26',NULL),(1762,7,'90.38722043','23.76475385','2017-03-01 07:25:56',NULL),(1763,7,'90.38722043','23.76475385','2017-03-01 07:26:26',NULL),(1764,7,'90.38722043','23.76475385','2017-03-01 07:26:56',NULL),(1765,7,'90.38722043','23.76475385','2017-03-01 07:27:26',NULL),(1766,7,'90.38722043','23.76475385','2017-03-01 07:27:56',NULL),(1767,7,'90.38722043','23.76475385','2017-03-01 07:28:26',NULL),(1768,7,'90.38722043','23.76475385','2017-03-01 07:28:56',NULL),(1769,7,'90.38722043','23.76475385','2017-03-01 07:29:26',NULL),(1770,7,'90.38722043','23.76475385','2017-03-01 07:29:56',NULL),(1771,7,'90.38722043','23.76475385','2017-03-01 07:30:26',NULL),(1772,7,'90.38722043','23.76475385','2017-03-01 07:30:56',NULL),(1773,7,'90.38722043','23.76475385','2017-03-01 07:31:26',NULL),(1774,7,'90.38722043','23.76475385','2017-03-01 07:31:56',NULL),(1775,7,'90.38722043','23.76475385','2017-03-01 07:32:26',NULL),(1776,7,'90.38722043','23.76475385','2017-03-01 07:32:56',NULL),(1777,7,'90.38722043','23.76475385','2017-03-01 07:33:26',NULL),(1778,7,'90.38722043','23.76475385','2017-03-01 07:33:56',NULL),(1779,7,'90.38722043','23.76475385','2017-03-01 07:34:26',NULL),(1780,7,'90.38722043','23.76475385','2017-03-01 07:34:56',NULL),(1781,7,'90.38722043','23.76475385','2017-03-01 07:35:26',NULL),(1782,7,'90.38722043','23.76475385','2017-03-01 07:35:56',NULL),(1783,7,'90.38722043','23.76475385','2017-03-01 07:36:26',NULL),(1784,7,'90.38722043','23.76475385','2017-03-01 07:36:56',NULL),(1785,7,'90.38722043','23.76475385','2017-03-01 07:37:27',NULL),(1786,7,'90.38722043','23.76475385','2017-03-01 07:38:08',NULL),(1787,7,'90.38722043','23.76475385','2017-03-01 07:38:39',NULL),(1788,7,'90.38722043','23.76475385','2017-03-01 07:39:09',NULL),(1789,7,'90.38722043','23.76475385','2017-03-01 07:39:39',NULL),(1790,7,'90.38722043','23.76475385','2017-03-01 07:40:09',NULL),(1791,7,'90.38722043','23.76475385','2017-03-01 07:40:39',NULL),(1792,7,'90.38722043','23.76475385','2017-03-01 07:41:09',NULL),(1793,7,'90.38722043','23.76475385','2017-03-01 07:41:39',NULL),(1794,7,'90.38722043','23.76475385','2017-03-01 07:42:09',NULL),(1795,7,'90.38722043','23.76475385','2017-03-01 07:42:39',NULL),(1796,7,'90.38722043','23.76475385','2017-03-01 07:43:09',NULL),(1797,7,'90.38722043','23.76475385','2017-03-01 07:43:42',NULL),(1798,7,'90.38722043','23.76475385','2017-03-01 07:44:09',NULL),(1799,7,'90.38722043','23.76475385','2017-03-01 07:44:39',NULL),(1800,7,'90.38722043','23.76475385','2017-03-01 07:45:09',NULL),(1801,7,'90.38722043','23.76475385','2017-03-01 07:45:39',NULL),(1802,7,'90.38722043','23.76475385','2017-03-01 07:46:09',NULL),(1803,7,'90.38722043','23.76475385','2017-03-01 07:46:39',NULL),(1804,7,'90.38722043','23.76475385','2017-03-01 07:47:09',NULL),(1805,7,'90.38722043','23.76475385','2017-03-01 07:47:39',NULL),(1806,7,'90.38722043','23.76475385','2017-03-01 07:48:09',NULL),(1807,7,'90.38722043','23.76475385','2017-03-01 07:48:39',NULL),(1808,7,'90.38722043','23.76475385','2017-03-01 07:49:09',NULL),(1809,7,'90.38722043','23.76475385','2017-03-01 07:49:39',NULL),(1810,7,'90.38722043','23.76475385','2017-03-01 07:50:09',NULL),(1811,7,'90.38722043','23.76475385','2017-03-01 07:50:39',NULL),(1812,7,'90.38722043','23.76475385','2017-03-01 07:51:09',NULL),(1813,7,'90.38722043','23.76475385','2017-03-01 07:51:39',NULL),(1814,7,'90.38722043','23.76475385','2017-03-01 07:52:09',NULL),(1815,7,'90.38722043','23.76475385','2017-03-01 07:52:39',NULL),(1816,7,'90.38722043','23.76475385','2017-03-01 07:53:09',NULL),(1817,7,'90.38722043','23.76475385','2017-03-01 07:53:39',NULL),(1818,7,'90.38722043','23.76475385','2017-03-01 07:54:09',NULL),(1819,7,'90.38722043','23.76475385','2017-03-01 07:54:40',NULL),(1820,7,'90.38722043','23.76475385','2017-03-01 07:55:10',NULL),(1821,7,'90.38722043','23.76475385','2017-03-01 07:55:40',NULL),(1822,7,'90.38722043','23.76475385','2017-03-01 07:56:10',NULL),(1823,7,'90.38722043','23.76475385','2017-03-01 07:56:40',NULL),(1824,7,'90.38722043','23.76475385','2017-03-01 07:57:10',NULL),(1825,7,'90.38722043','23.76475385','2017-03-01 07:57:40',NULL),(1826,7,'90.38722043','23.76475385','2017-03-01 07:58:10',NULL),(1827,7,'90.38722043','23.76475385','2017-03-01 07:58:43',NULL),(1828,7,'90.38722043','23.76475385','2017-03-01 07:59:10',NULL),(1829,7,'90.38722043','23.76475385','2017-03-01 07:59:40',NULL),(1830,7,'90.38722043','23.76475385','2017-03-01 08:00:10',NULL),(1831,7,'90.38722043','23.76475385','2017-03-01 08:00:40',NULL),(1832,7,'90.38722043','23.76475385','2017-03-01 08:01:10',NULL),(1833,7,'90.38722043','23.76475385','2017-03-01 08:01:40',NULL),(1834,7,'90.38722043','23.76475385','2017-03-01 08:02:10',NULL),(1835,7,'90.38722043','23.76475385','2017-03-01 08:02:40',NULL),(1836,7,'90.38722043','23.76475385','2017-03-01 08:03:10',NULL),(1837,7,'90.38722043','23.76475385','2017-03-01 08:03:40',NULL),(1838,7,'90.38722043','23.76475385','2017-03-01 08:04:10',NULL),(1839,7,'90.38722043','23.76475385','2017-03-01 08:04:40',NULL),(1840,7,'90.38722043','23.76475385','2017-03-01 08:05:10',NULL),(1841,7,'90.38722043','23.76475385','2017-03-01 08:05:40',NULL),(1842,7,'90.38722043','23.76475385','2017-03-01 08:06:10',NULL),(1843,7,'90.38722043','23.76475385','2017-03-01 08:06:40',NULL),(1844,7,'90.38722043','23.76475385','2017-03-01 08:07:10',NULL),(1845,7,'90.38722043','23.76475385','2017-03-01 08:07:40',NULL),(1846,7,'90.38722043','23.76475385','2017-03-01 08:08:10',NULL),(1847,7,'90.38722043','23.76475385','2017-03-01 08:08:40',NULL),(1848,7,'90.38722043','23.76475385','2017-03-01 08:09:10',NULL),(1849,7,'90.38722043','23.76475385','2017-03-01 08:09:40',NULL),(1850,7,'90.38722043','23.76475385','2017-03-01 08:10:10',NULL),(1851,7,'90.38722043','23.76475385','2017-03-01 08:10:40',NULL),(1852,7,'90.38722043','23.76475385','2017-03-01 08:11:10',NULL),(1853,7,'90.38722043','23.76475385','2017-03-01 08:11:40',NULL),(1854,7,'90.38722043','23.76475385','2017-03-01 08:12:15',NULL),(1855,7,'90.38722043','23.76475385','2017-03-01 08:12:45',NULL),(1856,7,'90.38722043','23.76475385','2017-03-01 08:13:16',NULL),(1857,7,'90.38722043','23.76475385','2017-03-01 08:13:46',NULL),(1858,7,'90.38722043','23.76475385','2017-03-01 08:14:16',NULL),(1859,7,'90.38722043','23.76475385','2017-03-01 08:14:46',NULL),(1860,7,'90.38722043','23.76475385','2017-03-01 08:15:16',NULL),(1861,7,'90.38722043','23.76475385','2017-03-01 08:15:46',NULL),(1862,7,'90.38722043','23.76475385','2017-03-01 08:16:16',NULL),(1863,7,'90.38722043','23.76475385','2017-03-01 08:16:46',NULL),(1864,7,'90.38722043','23.76475385','2017-03-01 08:17:16',NULL),(1865,7,'90.38722043','23.76475385','2017-03-01 08:17:46',NULL),(1866,7,'90.38722043','23.76475385','2017-03-01 08:18:16',NULL),(1867,7,'90.38722043','23.76475385','2017-03-01 08:18:46',NULL),(1868,7,'90.38722043','23.76475385','2017-03-01 08:19:16',NULL),(1869,7,'90.38722043','23.76475385','2017-03-01 08:19:46',NULL),(1870,7,'90.38722043','23.76475385','2017-03-01 08:20:16',NULL),(1871,7,'90.38722043','23.76475385','2017-03-01 08:20:46',NULL),(1872,7,'90.38722043','23.76475385','2017-03-01 08:21:16',NULL),(1873,7,'90.38722043','23.76475385','2017-03-01 08:21:49',NULL),(1874,7,'90.38722043','23.76475385','2017-03-01 08:22:16',NULL),(1875,7,'90.38722043','23.76475385','2017-03-01 08:22:46',NULL),(1876,7,'90.38722043','23.76475385','2017-03-01 08:23:16',NULL),(1877,7,'90.38722043','23.76475385','2017-03-01 08:23:46',NULL),(1878,7,'90.38722043','23.76475385','2017-03-01 08:24:16',NULL),(1879,7,'90.38722043','23.76475385','2017-03-01 08:24:46',NULL),(1880,7,'90.38722043','23.76475385','2017-03-01 08:25:16',NULL),(1881,7,'90.38722043','23.76475385','2017-03-01 08:25:46',NULL),(1882,7,'90.38722043','23.76475385','2017-03-01 08:26:16',NULL),(1883,7,'90.38722043','23.76475385','2017-03-01 08:26:46',NULL),(1884,7,'90.38722043','23.76475385','2017-03-01 08:27:16',NULL),(1885,7,'90.38722043','23.76475385','2017-03-01 08:27:46',NULL),(1886,7,'90.38722043','23.76475385','2017-03-01 08:28:16',NULL),(1887,7,'90.38722043','23.76475385','2017-03-01 08:28:46',NULL),(1888,7,'90.38722043','23.76475385','2017-03-01 08:29:16',NULL),(1889,7,'90.38722043','23.76475385','2017-03-01 08:29:46',NULL),(1890,7,'90.38722043','23.76475385','2017-03-01 08:32:50',NULL),(1891,7,'90.38722043','23.76475385','2017-03-01 08:32:50',NULL),(1892,7,'90.38722043','23.76475385','2017-03-01 08:33:17',NULL),(1893,7,'90.38722043','23.76475385','2017-03-01 08:33:47',NULL),(1894,7,'90.38722043','23.76475385','2017-03-01 08:34:17',NULL),(1895,7,'90.38722043','23.76475385','2017-03-01 08:34:47',NULL),(1896,7,'90.38722043','23.76475385','2017-03-01 08:35:17',NULL),(1897,7,'90.38722043','23.76475385','2017-03-01 08:35:47',NULL),(1898,7,'90.38722043','23.76475385','2017-03-01 08:36:17',NULL),(1899,7,'90.38722043','23.76475385','2017-03-01 08:36:47',NULL),(1900,7,'90.38722043','23.76475385','2017-03-01 08:37:17',NULL),(1901,7,'90.38722043','23.76475385','2017-03-01 08:37:47',NULL),(1902,7,'90.38722043','23.76475385','2017-03-01 08:38:17',NULL),(1903,7,'90.38722043','23.76475385','2017-03-01 08:38:47',NULL),(1904,7,'90.38722043','23.76475385','2017-03-01 08:39:17',NULL),(1905,7,'90.38722043','23.76475385','2017-03-01 08:39:47',NULL),(1906,7,'90.38722043','23.76475385','2017-03-01 08:40:17',NULL),(1907,7,'90.38722043','23.76475385','2017-03-01 08:40:47',NULL),(1908,7,'90.38722043','23.76475385','2017-03-01 08:41:17',NULL),(1909,7,'90.38722043','23.76475385','2017-03-01 08:41:47',NULL),(1910,7,'90.38722043','23.76475385','2017-03-01 08:42:17',NULL),(1911,7,'90.38722043','23.76475385','2017-03-01 08:42:47',NULL),(1912,7,'90.38722043','23.76475385','2017-03-01 08:43:17',NULL),(1913,7,'90.38722043','23.76475385','2017-03-01 08:43:48',NULL),(1914,7,'90.38722043','23.76475385','2017-03-01 08:44:23',NULL),(1915,7,'90.38722043','23.76475385','2017-03-01 08:44:53',NULL),(1916,7,'90.38722043','23.76475385','2017-03-01 08:45:23',NULL),(1917,7,'90.38722043','23.76475385','2017-03-01 08:45:53',NULL),(1918,7,'90.38722043','23.76475385','2017-03-01 08:46:23',NULL),(1919,7,'90.38722043','23.76475385','2017-03-01 08:46:53',NULL),(1920,7,'90.38722043','23.76475385','2017-03-01 08:47:23',NULL),(1921,7,'90.38722043','23.76475385','2017-03-01 08:47:53',NULL),(1922,7,'90.38722043','23.76475385','2017-03-01 08:48:23',NULL),(1923,7,'90.38722043','23.76475385','2017-03-01 08:48:53',NULL),(1924,7,'90.38722043','23.76475385','2017-03-01 08:49:23',NULL),(1925,7,'90.38722043','23.76475385','2017-03-01 08:49:53',NULL),(1926,7,'90.38722043','23.76475385','2017-03-01 08:50:23',NULL),(1927,7,'90.38722043','23.76475385','2017-03-01 08:50:53',NULL),(1928,7,'90.38722043','23.76475385','2017-03-01 08:51:23',NULL),(1929,7,'90.38722043','23.76475385','2017-03-01 08:51:53',NULL),(1930,7,'90.38722043','23.76475385','2017-03-01 08:52:23',NULL),(1931,7,'90.38722043','23.76475385','2017-03-01 08:52:53',NULL),(1932,7,'90.38722043','23.76475385','2017-03-01 08:53:23',NULL),(1933,7,'90.38722043','23.76475385','2017-03-01 08:53:40',NULL),(1934,7,'90.38722043','23.76475385','2017-03-01 08:54:10',NULL),(1935,7,'90.38722043','23.76475385','2017-03-01 08:54:40',NULL),(1936,7,'90.38722043','23.76475385','2017-03-01 08:55:10',NULL),(1937,7,'90.38722043','23.76475385','2017-03-01 08:55:41',NULL),(1938,7,'90.38722043','23.76475385','2017-03-01 08:56:11',NULL),(1939,7,'90.38722043','23.76475385','2017-03-01 08:56:41',NULL),(1940,7,'90.38722043','23.76475385','2017-03-01 08:57:11',NULL),(1941,7,'90.38722043','23.76475385','2017-03-01 08:57:41',NULL),(1942,7,'90.38722043','23.76475385','2017-03-01 08:58:11',NULL),(1943,7,'90.38722043','23.76475385','2017-03-01 08:58:41',NULL),(1944,7,'90.38722043','23.76475385','2017-03-01 08:59:11',NULL),(1945,7,'90.38722043','23.76475385','2017-03-01 08:59:41',NULL),(1946,7,'90.38722043','23.76475385','2017-03-01 09:00:11',NULL),(1947,7,'90.38722043','23.76475385','2017-03-01 09:00:41',NULL),(1948,7,'90.38722043','23.76475385','2017-03-01 09:01:11',NULL),(1949,7,'90.38722043','23.76475385','2017-03-01 09:01:41',NULL),(1950,7,'90.38722043','23.76475385','2017-03-01 09:02:11',NULL),(1951,7,'90.38722043','23.76475385','2017-03-01 09:02:41',NULL),(1952,7,'90.38722043','23.76475385','2017-03-01 09:03:11',NULL),(1953,7,'90.38722043','23.76475385','2017-03-01 09:03:41',NULL),(1954,7,'90.38722043','23.76475385','2017-03-01 09:04:11',NULL),(1955,7,'90.38722043','23.76475385','2017-03-01 09:04:41',NULL),(1956,7,'90.38722043','23.76475385','2017-03-01 09:05:11',NULL),(1957,7,'90.38722043','23.76475385','2017-03-01 09:05:41',NULL),(1958,7,'90.38722043','23.76475385','2017-03-01 09:06:11',NULL),(1959,7,'90.38722043','23.76475385','2017-03-01 09:06:41',NULL),(1960,7,'90.38722043','23.76475385','2017-03-01 09:07:14',NULL),(1961,7,'90.38722043','23.76475385','2017-03-01 09:07:41',NULL),(1962,7,'90.38722043','23.76475385','2017-03-01 09:08:11',NULL),(1963,7,'90.38722043','23.76475385','2017-03-01 09:08:41',NULL),(1964,7,'90.38722043','23.76475385','2017-03-01 09:09:11',NULL),(1965,7,'90.38722043','23.76475385','2017-03-01 09:09:41',NULL),(1966,7,'90.38722043','23.76475385','2017-03-01 09:10:11',NULL),(1967,7,'90.38722043','23.76475385','2017-03-01 09:10:41',NULL),(1968,7,'90.38722043','23.76475385','2017-03-01 09:11:11',NULL),(1969,7,'90.38722043','23.76475385','2017-03-01 09:11:41',NULL),(1970,7,'90.38722043','23.76475385','2017-03-01 09:12:14',NULL),(1971,7,'90.38722043','23.76475385','2017-03-01 09:12:42',NULL),(1972,7,'90.38722043','23.76475385','2017-03-01 09:13:12',NULL),(1973,7,'90.38722043','23.76475385','2017-03-01 09:13:42',NULL),(1974,7,'90.38722043','23.76475385','2017-03-01 09:14:12',NULL),(1975,7,'90.38722043','23.76475385','2017-03-01 09:14:42',NULL),(1976,7,'90.38722043','23.76475385','2017-03-01 09:15:12',NULL),(1977,7,'90.38722043','23.76475385','2017-03-01 09:15:42',NULL),(1978,7,'90.38722043','23.76475385','2017-03-01 09:16:12',NULL),(1979,7,'90.38722043','23.76475385','2017-03-01 09:16:42',NULL),(1980,7,'90.38722043','23.76475385','2017-03-01 09:17:12',NULL),(1981,7,'90.38722043','23.76475385','2017-03-01 09:17:42',NULL),(1982,7,'90.38722043','23.76475385','2017-03-01 09:18:12',NULL),(1983,7,'90.38722043','23.76475385','2017-03-01 09:18:42',NULL),(1984,7,'90.38722043','23.76475385','2017-03-01 09:19:12',NULL),(1985,7,'90.38722043','23.76475385','2017-03-01 09:19:42',NULL),(1986,7,'90.38722043','23.76475385','2017-03-01 09:20:12',NULL),(1987,7,'90.38722043','23.76475385','2017-03-01 09:20:42',NULL),(1988,7,'90.38722043','23.76475385','2017-03-01 09:21:12',NULL),(1989,7,'90.38722043','23.76475385','2017-03-01 09:21:42',NULL),(1990,7,'90.38722043','23.76475385','2017-03-01 09:22:12',NULL),(1991,7,'90.38722043','23.76475385','2017-03-01 09:22:42',NULL),(1992,7,'90.38722043','23.76475385','2017-03-01 09:23:12',NULL),(1993,7,'90.38722043','23.76475385','2017-03-01 09:23:42',NULL),(1994,7,'90.38722043','23.76475385','2017-03-01 09:24:12',NULL),(1995,7,'90.38722043','23.76475385','2017-03-01 09:24:42',NULL),(1996,7,'90.38722043','23.76475385','2017-03-01 09:25:12',NULL),(1997,7,'90.38722043','23.76475385','2017-03-01 09:25:42',NULL),(1998,7,'90.38722043','23.76475385','2017-03-01 09:26:12',NULL),(1999,7,'90.38722043','23.76475385','2017-03-01 09:26:42',NULL),(2000,7,'90.38722043','23.76475385','2017-03-01 09:27:12',NULL),(2001,7,'90.38722043','23.76475385','2017-03-01 09:27:42',NULL),(2002,7,'90.38722043','23.76475385','2017-03-01 09:28:12',NULL),(2003,7,'90.38722043','23.76475385','2017-03-01 09:28:42',NULL),(2004,7,'90.38722043','23.76475385','2017-03-01 09:29:12',NULL),(2005,7,'90.38722043','23.76475385','2017-03-01 09:29:43',NULL),(2006,7,'90.38722043','23.76475385','2017-03-01 09:30:13',NULL),(2007,7,'90.38722043','23.76475385','2017-03-01 09:30:43',NULL),(2008,7,'90.38722043','23.76475385','2017-03-01 09:31:13',NULL),(2009,7,'90.38722043','23.76475385','2017-03-01 09:31:43',NULL),(2010,7,'90.38722043','23.76475385','2017-03-01 09:32:13',NULL),(2011,7,'90.38722043','23.76475385','2017-03-01 09:32:43',NULL),(2012,7,'90.38722043','23.76475385','2017-03-01 09:33:13',NULL),(2013,7,'90.38722043','23.76475385','2017-03-01 09:33:43',NULL),(2014,7,'90.38722043','23.76475385','2017-03-01 09:34:13',NULL),(2015,7,'90.38722043','23.76475385','2017-03-01 09:34:43',NULL),(2016,7,'90.38722043','23.76475385','2017-03-01 10:13:16',NULL),(2017,7,'90.38722043','23.76475385','2017-03-01 10:13:45',NULL),(2018,7,'90.38722043','23.76475385','2017-03-01 10:14:15',NULL),(2019,7,'90.38722043','23.76475385','2017-03-01 10:14:46',NULL),(2020,7,'90.38722043','23.76475385','2017-03-01 10:15:16',NULL),(2021,7,'90.38722043','23.76475385','2017-03-01 10:15:46',NULL),(2022,7,'90.38722043','23.76475385','2017-03-01 10:16:16',NULL),(2023,7,'90.38722043','23.76475385','2017-03-01 10:16:46',NULL),(2024,7,'90.38722043','23.76475385','2017-03-01 10:17:16',NULL),(2025,7,'90.38722043','23.76475385','2017-03-01 10:17:46',NULL),(2026,7,'90.38722043','23.76475385','2017-03-01 10:18:16',NULL),(2027,7,'90.38722043','23.76475385','2017-03-01 10:18:46',NULL),(2028,7,'90.38722043','23.76475385','2017-03-01 10:19:16',NULL),(2029,7,'90.38722043','23.76475385','2017-03-01 10:19:46',NULL),(2030,7,'90.38722043','23.76475385','2017-03-01 10:20:16',NULL),(2031,7,'90.38722043','23.76475385','2017-03-01 10:20:46',NULL),(2032,7,'90.38722043','23.76475385','2017-03-01 10:21:16',NULL),(2033,7,'90.38722043','23.76475385','2017-03-01 10:21:46',NULL),(2034,7,'90.38722043','23.76475385','2017-03-01 10:22:16',NULL),(2035,7,'90.38722043','23.76475385','2017-03-01 10:22:46',NULL),(2036,7,'90.38722043','23.76475385','2017-03-01 10:23:16',NULL),(2037,7,'90.38722043','23.76475385','2017-03-01 10:23:46',NULL),(2038,7,'90.38722043','23.76475385','2017-03-01 10:24:16',NULL),(2039,7,'90.38722043','23.76475385','2017-03-01 10:24:46',NULL),(2040,7,'90.38722043','23.76475385','2017-03-01 10:25:16',NULL),(2041,7,'90.38722043','23.76475385','2017-03-01 10:25:46',NULL),(2042,7,'90.38722043','23.76475385','2017-03-01 10:26:16',NULL),(2043,7,'90.38722043','23.76475385','2017-03-01 10:26:46',NULL),(2044,7,'90.38722043','23.76475385','2017-03-01 10:27:16',NULL),(2045,7,'90.38722043','23.76475385','2017-03-01 10:27:46',NULL),(2046,7,'90.38722043','23.76475385','2017-03-01 10:28:16',NULL),(2047,7,'90.38722043','23.76475385','2017-03-01 10:28:46',NULL),(2048,7,'90.38722043','23.76475385','2017-03-01 10:29:16',NULL),(2049,7,'90.38722043','23.76475385','2017-03-01 10:29:46',NULL),(2050,7,'90.38722043','23.76475385','2017-03-01 10:30:16',NULL),(2051,7,'90.38722043','23.76475385','2017-03-01 10:30:46',NULL),(2052,7,'90.38722043','23.76475385','2017-03-01 10:31:16',NULL),(2053,7,'90.38722043','23.76475385','2017-03-01 10:31:47',NULL),(2054,7,'90.38722043','23.76475385','2017-03-01 10:32:17',NULL),(2055,7,'90.38722043','23.76475385','2017-03-01 10:32:47',NULL),(2056,7,'90.38722043','23.76475385','2017-03-01 10:33:17',NULL),(2057,7,'90.38722043','23.76475385','2017-03-01 10:33:47',NULL),(2058,7,'90.38722043','23.76475385','2017-03-01 10:34:17',NULL),(2059,7,'90.38722043','23.76475385','2017-03-01 10:34:47',NULL),(2060,7,'90.38722043','23.76475385','2017-03-01 10:35:17',NULL),(2061,7,'90.38722043','23.76475385','2017-03-01 10:35:47',NULL),(2062,7,'90.38722043','23.76475385','2017-03-01 10:36:17',NULL),(2063,7,'90.38722043','23.76475385','2017-03-01 10:36:47',NULL),(2064,7,'90.38722043','23.76475385','2017-03-01 10:37:17',NULL),(2065,7,'90.38722043','23.76475385','2017-03-01 10:37:47',NULL),(2066,7,'90.38722043','23.76475385','2017-03-01 10:38:17',NULL),(2067,7,'90.38722043','23.76475385','2017-03-01 10:38:47',NULL),(2068,7,'90.38722043','23.76475385','2017-03-01 10:39:17',NULL),(2069,7,'90.38722043','23.76475385','2017-03-01 10:39:50',NULL),(2070,7,'90.38722043','23.76475385','2017-03-01 10:40:17',NULL),(2071,7,'90.38722043','23.76475385','2017-03-01 10:40:47',NULL),(2072,7,'90.38722043','23.76475385','2017-03-01 10:41:21',NULL),(2073,7,'90.38722043','23.76475385','2017-03-01 10:41:51',NULL),(2074,7,'90.38722043','23.76475385','2017-03-01 10:42:21',NULL),(2075,7,'90.38722043','23.76475385','2017-03-01 10:42:51',NULL),(2076,7,'90.38722043','23.76475385','2017-03-01 10:46:07',NULL),(2077,7,'90.38722043','23.76475385','2017-03-01 10:46:40',NULL),(2078,7,'90.38722043','23.76475385','2017-03-01 10:47:07',NULL),(2079,7,'90.38722043','23.76475385','2017-03-01 10:47:37',NULL),(2080,7,'90.38722043','23.76475385','2017-03-01 10:48:07',NULL),(2081,7,'90.38722043','23.76475385','2017-03-01 10:48:37',NULL),(2082,7,'90.38722043','23.76475385','2017-03-01 10:49:07',NULL),(2083,7,'90.38722043','23.76475385','2017-03-01 10:49:37',NULL),(2084,7,'90.38722043','23.76475385','2017-03-01 10:50:07',NULL),(2085,6,'91.883297','25.174009','2017-03-12 20:54:00',5),(2086,6,'91.883475','25.174262','2017-03-12 20:54:00',5),(2087,6,'91.883652','25.174446','2017-03-12 20:54:00',5),(2088,6,'91.883872','25.174742','2017-03-12 20:54:00',5),(2089,6,'91.884129','25.175106','2017-03-12 20:54:00',5),(2090,6,'91.884376','25.175431','2017-03-12 20:54:00',5),(2091,6,'91.884596','25.175713','2017-03-12 20:54:00',5),(2092,6,'91.884966','25.175970','2017-03-12 20:54:00',5),(2093,6,'91.885438','25.176150','2017-03-12 20:54:00',5),(2094,6,'91.885776','25.176344','2017-03-12 20:54:00',5),(2095,6,'91.886114','25.176257','2017-03-12 20:54:00',5),(2096,6,'91.886447','25.176063','2017-03-12 20:54:00',5),(2097,6,'91.886876','25.175786','2017-03-01 11:33:37',NULL),(2098,6,'91.887268','25.175451','2017-03-01 11:35:04',NULL),(2099,6,'91.887450','25.175019','2017-03-01 11:40:56',NULL),(2100,6,'91.887697','25.175000','2017-03-01 11:42:09',NULL),(2101,6,'91.887997','25.174641','2017-03-01 11:43:02',NULL),(2102,6,'91.888271','25.174821','2017-03-01 11:43:36',NULL),(2103,6,'91.888573','25.174718','2017-03-01 11:44:20',NULL),(2104,6,'91.888976','25.174912','2017-03-01 11:44:54',NULL),(2105,6,'91.888976','25.174912','2017-03-01 11:45:28',NULL),(2106,6,'91.888976','25.174912','2017-03-01 11:55:17',NULL),(2107,6,'91.889266','25.175082','2017-03-01 11:56:45',NULL),(2108,6,'91.889502','25.175288','2017-03-01 11:58:05',NULL),(2109,9,'91.9512459','24.9135964','2017-03-17 18:14:13',12),(2110,9,'91.9592591','24.9190431','2017-03-17 18:14:34',13),(2111,9,'91.95341497871378','24.912950914842014','2017-03-17 18:14:53',14),(2112,9,'91.95341497871378','24.912950914842014','2017-03-17 18:15:12',15),(2113,9,'91.95367234886442','24.9130387232657','2017-03-17 18:15:32',16),(2114,9,'91.95353292329949','24.912884186367982','2017-03-17 18:15:53',17),(2115,9,'91.95336866516215','24.912787763621527','2017-03-17 18:16:14',18),(2116,9,'91.9534862296611','24.91266189448436','2017-03-17 18:16:33',19),(2117,9,'91.9535705843097','24.91260338114759','2017-03-17 18:17:19',20),(2118,9,'91.9535705843097','24.91260338114759','2017-03-17 18:17:38',21),(2119,9,'91.9535705843097','24.91260338114759','2017-03-17 18:17:58',22),(2120,9,'91.9532823317427','24.912589261281706','2017-03-17 18:18:18',23),(2121,9,'91.9532823317427','24.912589261281706','2017-03-17 18:18:38',24),(2122,9,'91.95335652245458','24.91265992162872','2017-03-17 18:18:58',25),(2123,9,'91.95335652245458','24.91265992162872','2017-03-17 18:19:18',26),(2124,9,'91.95335652245458','24.91265992162872','2017-03-17 18:19:38',27),(2125,9,'91.95335652245458','24.91265992162872','2017-03-17 18:19:58',28),(2126,9,'91.95335652245458','24.91265992162872','2017-03-17 18:20:19',29),(2127,9,'91.95335652245458','24.91265992162872','2017-03-17 18:20:38',30),(2128,9,'91.95335652245458','24.91265992162872','2017-03-17 18:20:59',31),(2129,9,'91.95335652245458','24.91265992162872','2017-03-17 18:21:18',32),(2130,9,'91.95335652245458','24.91265992162872','2017-03-17 18:21:43',33),(2131,9,'91.95335652245458','24.91265992162872','2017-03-17 18:22:03',34),(2132,9,'91.95335652245458','24.91265992162872','2017-03-17 18:22:24',35),(2133,9,'91.95335652245458','24.91265992162872','2017-03-17 18:22:43',36),(2134,9,'91.95335652245458','24.91265992162872','2017-03-17 18:39:27',37),(2135,9,'91.95355546409267','24.912666587357837','2017-03-17 18:39:46',38),(2136,9,'91.95362527383969','24.912664451033415','2017-03-17 18:40:05',39),(2137,9,'91.95362527383969','24.912664451033415','2017-03-17 18:40:26',40),(2138,9,'91.95362527383969','24.912664451033415','2017-03-17 18:40:46',41),(2139,9,'91.95362527383969','24.912664451033415','2017-03-17 18:41:07',42),(2140,9,'91.95362527383969','24.912664451033415','2017-03-17 18:41:25',43),(2141,9,'91.95362527383969','24.912664451033415','2017-03-17 18:43:25',44),(2142,9,'91.95362527383969','24.912664451033415','2017-03-17 18:43:49',45),(2143,9,'91.95358493135494','24.91283161656602','2017-03-17 18:44:09',46),(2144,9,'91.95359673312196','24.91273572644261','2017-03-17 18:44:29',47),(2145,9,'91.95353501162133','24.91266391226398','2017-03-17 18:44:49',48),(2146,9,'91.95353501162133','24.91266391226398','2017-03-17 18:45:09',49),(2147,9,'91.95353501162133','24.91266391226398','2017-03-17 18:45:29',50),(2148,9,'91.95353501162133','24.91266391226398','2017-03-17 18:45:49',51),(2149,9,'91.953461555944','24.91272524933795','2017-03-17 18:46:09',52),(2150,9,'91.953461555944','24.91272524933795','2017-03-17 18:46:30',53),(2151,9,'91.953461555944','24.91272524933795','2017-03-17 18:46:49',54),(2152,9,'91.95369843793323','24.912683504713165','2017-03-17 18:51:00',55),(2153,9,'91.95320335377453','24.91326904039103','2017-03-17 18:51:19',56),(2154,9,'91.95335454785224','24.91281995400889','2017-03-17 18:51:39',57),(2155,26,'90.353114','23.771915','2017-03-18 11:47:15',58),(2156,26,'90.352170','23.774605','2017-03-18 11:48:40',58),(2157,26,'90.361685','23.795663','2017-03-18 11:50:52',58),(2158,26,'90.354207','23.795663','2017-03-18 11:53:04',58),(2159,26,'90.354207','23.821475','2017-03-18 11:54:16',58),(2160,9,'91.95359608246642','24.91263714715766','2017-03-18 12:23:57',59),(2161,9,'91.95357018333007','24.9127278842174','2017-03-18 12:24:20',60),(2162,9,'91.95357018333007','24.9127278842174','2017-03-18 12:24:40',61),(2163,9,'91.95357018333007','24.9127278842174','2017-03-18 12:25:00',62),(2164,9,'91.95357018333007','24.9127278842174','2017-03-18 12:25:21',63),(2165,9,'91.95357018333007','24.9127278842174','2017-03-18 12:25:40',64),(2166,9,'91.95357018333007','24.9127278842174','2017-03-18 12:26:03',64),(2167,9,'91.95351524470877','24.91280286903744','2017-03-18 12:26:27',64),(2168,9,'91.95351524470877','24.91280286903744','2017-03-18 12:26:47',64),(2169,9,'91.95351524470877','24.91280286903744','2017-03-18 12:27:07',64),(2170,9,'91.95351524470877','24.91280286903744','2017-03-18 12:27:20',64),(2171,9,'91.95351524470877','24.91280286903744','2017-03-18 12:45:27',64),(2172,9,'91.95351524470877','24.91280286903744','2017-03-18 12:45:28',64),(2173,26,'90.354222','23.762598','2017-03-18 15:23:30',65),(2174,26,'90.317846','23.759422','2017-03-18 15:25:46',65),(2175,26,'90.317846','23.759422','2017-03-18 15:27:45',65),(2176,26,'90.307042','23.756997','2017-03-18 15:30:07',65),(2177,26,'90.317042','23.752997','2017-03-18 15:31:11',65),(2178,27,'91.9494691','24.9141377','2017-03-19 18:21:47',66),(2179,27,'91.95235369988474','24.91225884515149','2017-03-19 18:22:07',66),(2180,27,'91.95366006780168','24.91247250947322','2017-03-19 18:22:27',66),(2181,27,'91.95384525112004','24.912712901565637','2017-03-19 18:22:47',66),(2182,27,'91.95381275436878','24.91281957085885','2017-03-19 18:23:07',66),(2183,27,'91.95381275436878','24.91281957085885','2017-03-19 18:24:49',66),(2184,27,'91.95348900174423','24.912578364729605','2017-03-19 18:25:06',66),(2185,27,'91.95346357453562','24.912448375601805','2017-03-19 18:25:26',66),(2186,27,'91.95380852941098','24.91259340324125','2017-03-19 18:25:57',66),(2187,27,'91.95374962078391','24.9127801464058','2017-03-19 18:26:38',66),(2188,27,'91.95356339470327','24.91271513477366','2017-03-19 18:26:51',66),(2189,27,'91.95346041119556','24.91271635533708','2017-03-19 18:27:11',66),(2190,27,'91.95352804708706','24.912778872574815','2017-03-19 18:28:03',66),(2191,31,'90.319591','23.746643','2017-03-19 18:44:53',67),(2192,31,'90.319591','23.946643','2017-03-19 18:47:09',68),(2193,31,'90.399591','23.946643','2017-03-19 18:48:01',69),(2194,27,'91.95342336837102','24.912869416929375','2017-03-19 18:52:41',70),(2195,27,'91.953721904588','24.912757519828123','2017-03-19 18:53:00',70),(2196,27,'91.95355825554869','24.91271176725318','2017-03-19 18:53:20',70),(2197,27,'91.9533454511301','24.91291385582412','2017-03-19 18:53:40',70),(2198,27,'91.95342086453951','24.912846710632085','2017-03-19 18:53:44',70),(2199,27,'91.95342086453951','24.912846710632085','2017-03-19 18:54:12',71),(2200,27,'91.9535580169011','24.912762413372597','2017-03-19 18:54:31',71),(2201,27,'91.95349122483832','24.912797017104726','2017-03-19 18:54:51',71),(2202,27,'91.95356890324224','24.91273949617702','2017-03-19 18:55:32',71),(2203,27,'91.95356890324224','24.91273949617702','2017-03-19 18:56:07',71),(2204,31,'90.383114','23.776643','2017-03-19 19:16:14',72),(2205,27,'91.95357','24.91274','2017-03-19 19:16:56',73),(2206,27,'91.9537','24.9127','2017-03-19 19:17:14',73),(2207,31,'90.583114','23.796643','2017-03-19 19:17:26',72),(2208,27,'91.95359','24.91272','2017-03-19 19:17:34',73),(2209,27,'91.95348','24.91273','2017-03-19 19:17:54',73),(2210,27,'91.95339','24.91276','2017-03-19 19:18:14',73),(2211,31,'90.583114','23.996643','2017-03-19 19:19:00',74),(2212,27,'91.95338855735939','24.91275686191804','2017-03-19 19:19:23',73),(2213,27,'91.95339','24.91276','2017-03-19 19:21:46',75),(2214,27,'91.95354','24.91279','2017-03-19 19:22:02',75),(2215,27,'91.95364609185822','24.91275359586969','2017-03-19 19:22:17',75),(2216,31,'90.583114','23.096643','2017-03-19 19:22:52',74),(2217,31,'90.593114','23.096643','2017-03-19 19:23:58',74),(2218,27,'91.95361','24.91284','2017-03-20 19:04:31',76),(2219,27,'91.95361','24.91284','2017-03-20 19:04:42',76),(2220,27,'91.95361','24.91284','2017-03-20 19:04:46',76),(2221,32,'91.84344','24.9136','2017-03-22 13:07:13',77),(2222,32,'91.84344','24.9136','2017-03-22 13:10:45',77),(2223,32,'91.8434375','24.9136038','2017-03-22 13:10:59',77),(2224,32,'91.84344','24.9136','2017-03-22 13:14:52',78),(2225,32,'91.84396','24.91318','2017-03-22 13:15:02',78),(2226,32,'91.84397','24.91325','2017-03-22 13:15:05',78),(2227,32,'91.84344','24.9136','2017-03-22 13:22:14',79),(2228,32,'91.84344','24.9136','2017-03-22 13:24:35',79),(2229,34,'91.84344','24.9136','2017-03-22 13:34:28',80),(2230,33,'91.84344','24.91361','2017-03-22 13:34:29',81),(2231,33,'91.8434389','24.9136037','2017-03-22 13:37:28',81),(2232,34,'91.84296','24.91278','2017-03-22 13:38:09',80),(2233,34,'91.843','24.91251','2017-03-22 13:38:29',80),(2234,34,'91.84323','24.91256','2017-03-22 13:38:49',80),(2235,34,'91.84324833333334','24.912643333333335','2017-03-22 13:39:00',80),(2236,34,'91.84325','24.91264','2017-03-22 13:54:36',82),(2237,36,'91.83941','24.90968','2017-03-23 15:12:25',83),(2238,36,'91.83949','24.90865','2017-03-23 15:13:06',83),(2239,36,'91.83951','24.90943','2017-03-23 15:13:26',83),(2240,36,'91.83947333333332','24.90943333333333','2017-03-23 15:13:41',83),(2241,36,'91.83944','24.90954','2017-03-23 15:14:49',84),(2242,36,'91.83958','24.90977','2017-03-23 15:15:09',84),(2243,37,'91.83941','24.90968','2017-03-23 15:16:12',85),(2244,36,'91.83955','24.90958','2017-03-23 15:16:29',84),(2245,27,'90.41979','23.82741','2017-03-23 17:56:29',86),(2246,27,'90.41973','23.83043','2017-03-23 17:56:50',86),(2247,27,'90.41903','23.83389','2017-03-23 17:57:11',86),(2248,27,'90.41863203742034','23.83609637434951','2017-03-23 17:57:26',86),(2249,34,'91.83869','24.91093','2017-03-24 05:56:40',87),(2250,34,'91.83844','24.91006','2017-03-24 05:57:40',87),(2251,34,'91.83834','24.90999','2017-03-24 05:58:41',87),(2252,34,'91.83826','24.91002','2017-03-24 05:59:41',87),(2253,34,'91.8384','24.91002','2017-03-24 06:01:49',87),(2254,34,'91.83859','24.90998','2017-03-24 06:02:08',87),(2255,34,'91.83861','24.90999','2017-03-24 06:03:30',87),(2256,32,'91.3051','25.17338','2017-03-24 07:52:46',88),(2257,32,'91.30152','25.17565','2017-03-24 07:53:05',88),(2258,32,'91.30136','25.17572','2017-03-24 07:53:47',88),(2259,32,'91.3013623915504','25.17572086000871','2017-03-24 07:56:27',88),(2260,32,'91.30117','25.17589','2017-03-24 07:59:15',89),(2261,32,'91.3013','25.17575','2017-03-24 07:59:33',89),(2262,32,'91.30129608471564','25.175748236482338','2017-03-24 08:01:32',89),(2263,32,'91.30143','25.17562','2017-03-24 08:02:40',90),(2264,32,'91.30149433414212','25.175591894449422','2017-03-24 08:05:27',90),(2265,27,'91.84279','24.91381','2017-03-24 09:13:40',91),(2266,27,'91.84302','24.9133','2017-03-24 09:14:21',91),(2267,27,'91.84303','24.91316','2017-03-24 09:14:39',91),(2268,27,'91.84303','24.91316','2017-03-24 09:14:59',91),(2269,27,'91.89104','24.89527','2017-03-24 10:03:21',92),(2270,27,'91.84333','24.91333','2017-03-24 10:03:41',92),(2271,27,'91.84329','24.91351','2017-03-24 10:04:03',92),(2272,27,'91.84326','24.91372','2017-03-24 10:04:22',92),(2273,27,'91.84319','24.91384','2017-03-24 10:04:44',92),(2274,27,'91.84312','24.91405','2017-03-24 10:05:02',92),(2275,27,'91.8433','24.91398','2017-03-24 10:05:22',92),(2276,27,'91.84336','24.91381','2017-03-24 10:06:03',92),(2277,27,'91.84347','24.91361','2017-03-24 10:06:22',92),(2278,27,'91.84358','24.91342','2017-03-24 10:06:44',92),(2279,27,'91.84356','24.91322','2017-03-24 10:07:02',92),(2280,27,'91.84357','24.91296','2017-03-24 10:07:23',92),(2281,27,'91.84352','24.91272','2017-03-24 10:07:43',92),(2282,27,'91.84354','24.91249','2017-03-24 10:08:03',92),(2283,27,'91.84347','24.91229','2017-03-24 10:08:23',92),(2284,27,'91.84348','24.91206','2017-03-24 10:08:43',92),(2285,27,'91.84347','24.91187','2017-03-24 10:09:03',92),(2286,27,'91.84348','24.91161','2017-03-24 10:09:23',92),(2287,27,'91.84353','24.91135','2017-03-24 10:09:43',92),(2288,27,'91.84362','24.91119','2017-03-24 10:10:02',92),(2289,27,'91.84373','24.911','2017-03-24 10:10:24',92),(2290,27,'91.84382','24.91079','2017-03-24 10:10:43',92),(2291,27,'91.8439','24.91055','2017-03-24 10:11:03',92),(2292,27,'91.84395','24.91034','2017-03-24 10:11:25',92),(2293,27,'91.84945','24.91039','2017-03-24 10:14:23',92),(2294,27,'91.8512','24.91034','2017-03-24 10:14:49',92),(2295,27,'91.85169','24.9104','2017-03-24 10:15:03',92),(2296,27,'91.85168','24.91025','2017-03-24 10:15:43',92),(2297,27,'91.85165','24.90999','2017-03-24 10:16:03',92),(2298,27,'91.85164','24.90977','2017-03-24 10:16:25',92),(2299,27,'91.85163','24.90954','2017-03-24 10:16:48',92),(2300,27,'91.85160139776971','24.909469527139485','2017-03-24 10:16:53',92),(2301,32,'91.29004','25.17159','2017-03-24 10:33:25',93),(2302,32,'91.30136','25.17572','2017-03-24 10:33:44',93),(2303,32,'91.3014','25.17589','2017-03-24 10:34:10',93),(2304,32,'91.30123','25.17597','2017-03-24 10:34:24',93),(2305,32,'91.30097','25.17608','2017-03-24 10:34:45',93),(2306,32,'91.30077','25.17615','2017-03-24 10:35:08',93),(2307,32,'91.30063','25.1762','2017-03-24 10:35:25',93),(2308,32,'91.30052','25.17626','2017-03-24 10:35:44',93),(2309,32,'91.30061','25.17665','2017-03-24 10:41:26',93),(2310,32,'91.30116','25.17772','2017-03-24 10:41:46',93),(2311,32,'91.30115','25.17857','2017-03-24 10:42:05',93),(2312,32,'91.3017','25.18001','2017-03-24 10:42:25',93),(2313,32,'91.30212','25.18117','2017-03-24 10:42:49',93),(2314,32,'91.30355','25.1809','2017-03-24 10:43:05',93),(2315,32,'91.30485','25.18078','2017-03-24 10:44:16',93),(2316,32,'91.30508','25.18156','2017-03-24 10:44:18',93),(2317,32,'91.30494','25.18226','2017-03-24 10:44:20',93),(2318,32,'91.30462','25.1826','2017-03-24 10:50:21',93),(2319,32,'91.3049','25.18255','2017-03-24 11:00:30',93),(2320,32,'91.29899','25.18255','2017-03-24 12:22:19',93),(2321,32,'91.29851','25.18244','2017-03-24 12:23:08',93),(2322,32,'91.29794','25.18221','2017-03-24 12:23:13',93),(2323,32,'91.29712','25.18243','2017-03-24 12:23:16',93),(2324,32,'91.29642','25.18258','2017-03-24 12:23:25',93),(2325,32,'91.29568','25.18274','2017-03-24 12:23:43',93),(2326,32,'91.29474','25.18299','2017-03-24 12:24:03',93),(2327,32,'91.29402','25.18285','2017-03-24 12:24:30',93),(2328,32,'91.2931','25.18312','2017-03-24 12:24:43',93),(2329,32,'91.29218','25.18338','2017-03-24 12:25:06',93),(2330,32,'91.29141','25.18369','2017-03-24 12:25:24',93),(2331,32,'91.29114','25.18332','2017-03-24 12:25:44',93),(2332,32,'91.29073','25.18287','2017-03-24 12:26:03',93),(2333,32,'91.29053','25.18246','2017-03-24 12:26:25',93),(2334,32,'91.29023','25.18174','2017-03-24 12:26:44',93),(2335,32,'91.28991','25.18098','2017-03-24 12:27:09',93),(2336,32,'91.28958','25.17992','2017-03-24 12:27:31',93),(2337,32,'91.28945','25.17904','2017-03-24 12:27:49',93),(2338,32,'91.28973','25.17876','2017-03-24 12:28:09',93),(2339,32,'91.29031','25.17874','2017-03-24 12:28:31',93),(2340,27,'91.95467','24.91873','2017-03-24 12:29:53',94),(2341,27,'91.95349701760945','24.912567865404796','2017-03-24 12:29:57',94),(2342,27,'91.95351','24.91259','2017-03-24 12:30:16',95),(2343,32,'91.29039','25.17862','2017-03-24 12:30:50',93),(2344,27,'91.95353','24.91266','2017-03-24 12:31:55',95),(2345,27,'91.95353','24.91266','2017-03-24 12:32:03',95),(2346,32,'91.29027','25.17872','2017-03-24 12:34:10',93),(2347,32,'91.29046','25.17867','2017-03-24 12:35:30',93),(2348,32,'91.5753','25.15934','2017-03-24 12:38:57',96),(2349,32,'91.57558','25.15924','2017-03-24 12:39:13',97),(2350,32,'91.29023','25.1787','2017-03-24 12:39:30',93),(2351,32,'91.29032','25.17861','2017-03-24 12:42:50',93),(2352,32,'91.29037','25.1785','2017-03-24 12:43:10',93),(2353,32,'91.2905','25.1785','2017-03-24 12:45:03',93),(2354,32,'91.29137','25.17868','2017-03-24 12:48:11',93),(2355,32,'91.29263','25.17864','2017-03-24 12:48:49',93),(2356,32,'91.29355','25.17844','2017-03-24 12:48:57',93),(2357,27,'91.95352','24.91278','2017-03-24 12:49:09',98),(2358,32,'91.29481','25.17809','2017-03-24 12:49:15',93),(2359,27,'91.95352','24.91278','2017-03-24 12:49:20',99),(2360,32,'91.29355','25.17844','2017-03-24 12:49:25',93),(2361,27,'91.95340722523451','24.912669930043045','2017-03-24 12:49:28',99),(2362,32,'91.29641','25.17767','2017-03-24 12:50:04',93),(2363,32,'91.29722','25.17744','2017-03-24 12:50:11',93),(2364,32,'91.29832','25.17704','2017-03-24 12:50:20',93),(2365,32,'91.29957','25.17659','2017-03-24 12:50:46',93),(2366,32,'91.30031','25.17632','2017-03-24 12:51:00',93),(2367,32,'91.30105','25.17609','2017-03-24 12:51:34',93),(2368,32,'91.30155','25.17589','2017-03-24 12:51:40',93),(2369,32,'91.30203','25.1757','2017-03-24 12:52:05',93),(2370,32,'91.3029','25.1754','2017-03-24 12:52:27',93),(2371,32,'91.30389','25.17508','2017-03-24 12:52:40',93),(2372,32,'91.30473','25.17483','2017-03-24 12:53:00',93),(2373,32,'91.30564','25.17452','2017-03-24 12:53:21',93),(2374,32,'91.30658','25.17423','2017-03-24 12:53:41',93),(2375,32,'91.30762','25.17398','2017-03-24 12:54:02',93),(2376,32,'91.30904','25.17392','2017-03-24 12:54:56',93),(2377,32,'91.31009','25.17398','2017-03-24 12:54:59',93),(2378,32,'91.31116','25.17372','2017-03-24 12:55:02',93),(2379,32,'91.31246','25.1733','2017-03-24 12:55:50',93),(2380,32,'91.3139','25.17282','2017-03-24 12:55:52',93),(2381,32,'91.3153','25.17242','2017-03-24 12:56:10',93),(2382,32,'91.31628','25.17206','2017-03-24 12:56:47',93),(2383,32,'91.31697','25.17208','2017-03-24 12:57:13',93),(2384,32,'91.31729','25.17286','2017-03-24 12:57:14',93),(2385,32,'91.31805','25.17371','2017-03-24 12:57:31',93),(2386,32,'91.31907','25.17486','2017-03-24 12:57:51',93),(2387,32,'91.31952','25.17642','2017-03-24 12:58:10',93),(2388,32,'91.32007','25.17796','2017-03-24 12:58:34',93),(2389,32,'91.32111','25.17794','2017-03-24 12:58:51',93),(2390,32,'91.32259','25.17737','2017-03-24 12:59:11',93),(2391,32,'91.32364','25.17685','2017-03-24 12:59:31',93),(2392,32,'91.32455','25.17635','2017-03-24 12:59:51',93),(2393,32,'91.32568','25.17633','2017-03-24 13:00:39',93),(2394,32,'91.32589','25.17623','2017-03-24 13:05:16',93),(2395,27,'0.0','0.0','2017-03-24 13:42:38',95),(2396,27,'91.85161','24.90934','2017-03-24 13:42:47',100),(2397,27,'91.8516098','24.9093368','2017-03-24 13:43:03',100),(2398,27,'91.85146','24.90915','2017-03-24 13:43:53',101),(2399,27,'91.8516098','24.9093368','2017-03-24 13:43:57',101),(2400,27,'91.85161','24.90934','2017-03-24 13:44:13',102),(2401,27,'91.85161','24.90934','2017-03-24 13:44:16',102),(2402,27,'91.85138','24.90934','2017-03-24 13:44:37',103),(2403,27,'91.85138','24.90934','2017-03-24 13:44:39',103),(2404,32,'91.32581','25.17625','2017-03-24 13:50:16',93),(2405,32,'91.32568','25.17626','2017-03-24 13:50:35',93),(2406,32,'91.32525','25.1762','2017-03-24 13:51:35',93),(2407,32,'91.32513','25.17619','2017-03-24 13:51:55',93),(2408,32,'91.32489','25.17626','2017-03-24 13:52:14',93),(2409,32,'91.32481','25.17629','2017-03-24 14:04:47',93),(2410,32,'91.32489','25.17619','2017-03-24 14:04:51',93),(2411,32,'91.32493','25.17626','2017-03-24 14:05:57',93),(2412,32,'91.31196','25.17451','2017-03-24 15:16:21',93),(2413,32,'91.31128','25.17418','2017-03-24 15:16:35',93),(2414,32,'91.3109','25.17383','2017-03-24 15:16:56',93),(2415,32,'91.31032','25.17398','2017-03-24 15:18:13',93),(2416,32,'91.30968','25.17388','2017-03-24 15:18:23',93),(2417,32,'91.30797','25.17392','2017-03-24 15:18:31',93),(2418,32,'91.30882','25.17387','2017-03-24 15:18:31',93),(2419,32,'91.30688','25.17409','2017-03-24 15:18:35',93),(2420,32,'91.30574','25.17444','2017-03-24 15:19:29',93),(2421,32,'91.30438','25.17485','2017-03-24 15:19:32',93),(2422,32,'91.30323','25.17527','2017-03-24 15:19:36',93),(2423,32,'91.30213','25.17559','2017-03-24 15:20:14',93),(2424,32,'91.30153','25.17569','2017-03-24 15:20:19',93),(2425,32,'91.30135','25.17566','2017-03-24 15:20:58',93),(2426,32,'91.30134','25.17555','2017-03-24 15:21:17',93),(2427,32,'91.30134','25.17577','2017-03-24 15:22:18',93),(2428,32,'91.30124','25.17563','2017-03-24 15:40:01',93),(2429,32,'91.30122','25.17548','2017-03-24 15:41:23',93),(2430,32,'91.30123','25.17569','2017-03-24 15:43:39',93),(2431,32,'91.30127','25.17605','2017-03-24 15:44:03',93),(2432,32,'91.30135','25.17594','2017-03-24 15:44:36',93),(2433,32,'91.30143','25.1756','2017-03-24 15:44:54',93),(2434,32,'91.30131','25.17546','2017-03-24 15:44:58',93),(2435,32,'91.30117','25.17549','2017-03-24 15:45:17',93),(2436,32,'91.3013','25.1756','2017-03-24 15:46:24',93),(2437,32,'91.30142','25.17565','2017-03-24 15:46:37',93),(2438,32,'91.30156','25.17558','2017-03-24 15:47:38',93),(2439,32,'91.30188','25.17538','2017-03-24 15:49:03',93),(2440,32,'91.30152','25.17563','2017-03-24 15:49:46',93),(2441,32,'91.30128','25.17564','2017-03-24 15:51:03',93),(2442,32,'91.30137','25.17576','2017-03-24 15:53:04',93),(2443,27,'91.94949','24.91414','2017-03-24 15:53:10',104),(2444,27,'91.95322104047999','24.912663782442802','2017-03-24 15:53:18',104),(2445,27,'91.9537','24.91272','2017-03-24 15:53:35',104),(2446,32,'91.30139','25.17577','2017-03-24 15:57:04',93),(2447,32,'91.30132','25.17577','2017-03-24 16:08:24',93),(2448,27,'91.953715292577','24.912631194175397','2017-03-24 16:11:35',104),(2449,27,'91.95372','24.91263','2017-03-24 16:12:07',104),(2450,27,'91.95349','24.91254','2017-03-24 16:12:27',104),(2451,27,'91.95361988581953','24.912631394988694','2017-03-24 16:12:32',104),(2452,32,'91.30127166666668','25.17560166666666','2017-03-24 16:17:19',93),(2453,27,'91.95362','24.91265','2017-03-24 16:35:16',105),(2454,27,'91.95363','24.91287','2017-03-24 16:35:38',105),(2455,27,'91.95356','24.91263','2017-03-24 16:35:56',105),(2456,27,'91.95348356719303','24.9126984978897','2017-03-24 16:36:02',105),(2457,27,'91.95348','24.9127','2017-03-24 16:38:54',106),(2458,27,'91.95379','24.91275','2017-03-24 16:39:19',106),(2459,27,'91.95366','24.9131','2017-03-24 16:39:59',106),(2460,27,'91.95347','24.91292','2017-03-24 16:40:19',106),(2461,27,'91.95349','24.91265','2017-03-24 16:40:39',106),(2462,27,'91.95349','24.91265','2017-03-24 16:41:29',106),(2463,27,'91.95361','24.91273','2017-03-24 16:47:14',106),(2464,27,'91.95369','24.91291','2017-03-24 16:49:34',106),(2465,27,'91.95369','24.91291','2017-03-24 16:50:37',106),(2466,27,'91.95373','24.91265','2017-03-24 16:52:02',107),(2467,27,'91.95351','24.91267','2017-03-24 16:52:21',107),(2468,27,'91.95334','24.91276','2017-03-24 16:52:41',107),(2469,27,'91.95334','24.91276','2017-03-24 16:57:24',107),(2470,27,'91.95334','24.91276','2017-03-24 16:57:28',107),(2471,27,'91.95353','24.91264','2017-03-24 16:57:48',107),(2472,27,'91.85149','24.90936','2017-03-24 17:00:08',108),(2473,27,'91.95349','24.91258','2017-03-24 17:00:53',107),(2474,27,'91.85146','24.90937','2017-03-24 17:01:21',108),(2475,27,'91.95335','24.91263','2017-03-24 17:02:34',107),(2476,27,'91.9532','24.9126','2017-03-24 17:03:13',107),(2477,27,'91.85153','24.90935','2017-03-24 17:05:43',109),(2478,27,'91.95339','24.91295','2017-03-24 17:06:15',107),(2479,27,'91.95355','24.91289','2017-03-24 17:07:53',107),(2480,27,'91.95373','24.91288','2017-03-24 17:57:48',107),(2481,27,'91.95373','24.91288','2017-03-24 17:57:59',107),(2482,27,'91.85018','24.90935','2017-03-24 17:58:01',109),(2483,27,'91.8505','24.90941','2017-03-24 17:58:21',109),(2484,27,'91.85078','24.90943','2017-03-24 17:59:21',109),(2485,27,'91.85111','24.90954','2017-03-24 18:01:02',109),(2486,27,'91.85085','24.90952','2017-03-24 18:01:21',109),(2487,27,'91.95341','24.9127','2017-03-24 18:01:28',107),(2488,27,'91.85056','24.9095','2017-03-24 18:01:41',109),(2489,27,'91.95358','24.91268','2017-03-24 18:02:39',110),(2490,27,'91.95347','24.91274','2017-03-24 18:04:23',110),(2491,27,'91.95347','24.91274','2017-03-24 18:04:33',110),(2492,27,'91.95425','24.91248','2017-03-24 18:04:38',110),(2493,27,'91.95401','24.91261','2017-03-24 18:04:43',110),(2494,27,'91.95383','24.91252','2017-03-24 18:04:48',110),(2495,27,'91.95358','24.9126','2017-03-24 18:04:53',110),(2496,27,'91.95352','24.91277','2017-03-24 18:05:23',110),(2497,27,'91.85056','24.9095','2017-03-24 18:06:13',109),(2498,27,'91.95349','24.91259','2017-03-24 18:09:21',110),(2499,27,'91.95356','24.91274','2017-03-24 18:11:06',110),(2500,27,'91.95356','24.91274','2017-03-24 18:14:49',110),(2501,27,'91.95356','24.91274','2017-03-24 18:15:08',110),(2502,27,'91.95356','24.91274','2017-03-24 18:19:22',111),(2503,27,'91.95355','24.91282','2017-03-24 18:21:29',111),(2504,27,'91.95359','24.91279','2017-03-24 18:26:29',111),(2505,27,'91.95359','24.91279','2017-03-24 18:27:18',111),(2506,27,'91.85161','24.90934','2017-03-24 18:31:48',112),(2507,27,'91.85156','24.90945','2017-03-24 18:32:08',112),(2508,27,'91.85177','24.90946','2017-03-24 18:32:28',112),(2509,27,'91.85204','24.90945','2017-03-24 18:32:48',112),(2510,27,'91.85191','24.90956','2017-03-24 18:33:08',112),(2511,27,'91.85161','24.90934','2017-03-24 18:34:10',112),(2512,27,'91.8516098','24.9093368','2017-03-24 18:34:23',112),(2513,27,'91.95362','24.91277','2017-03-24 18:41:09',113),(2514,27,'91.95357','24.91273','2017-03-24 18:44:00',113),(2515,27,'91.95357','24.91273','2017-03-24 18:48:37',114),(2516,27,'91.95357','24.91262','2017-03-24 18:48:57',114),(2517,27,'91.95362','24.91269','2017-03-24 18:56:18',114),(2518,27,'91.95356','24.91276','2017-03-24 19:01:00',114),(2519,27,'91.95356','24.91276','2017-03-24 19:01:35',114),(2520,27,'91.95356','24.91276','2017-03-24 19:06:08',115),(2521,27,'91.95366','24.9125','2017-03-24 19:06:28',115),(2522,27,'91.9535','24.91269','2017-03-24 19:06:48',115),(2523,27,'91.9535','24.91269','2017-03-24 19:07:11',115),(2524,27,'91.9535','24.91269','2017-03-24 19:15:42',116),(2525,27,'91.95355','24.9127','2017-03-24 19:16:56',116),(2526,27,'91.95355','24.9127','2017-03-24 19:17:11',117),(2527,27,'91.95349','24.91273','2017-03-24 19:17:57',117),(2528,27,'91.95349','24.91273','2017-03-24 19:17:59',117),(2529,27,'91.95365','24.91274','2017-03-24 19:21:26',118),(2530,27,'91.95352','24.91283','2017-03-24 19:22:06',118),(2531,27,'91.95352','24.91283','2017-03-24 19:27:27',118),(2532,27,'91.95369','24.91268','2017-03-24 19:37:09',119),(2533,27,'91.95369','24.91268','2017-03-24 19:37:16',119),(2534,27,'91.95369','24.91268','2017-03-24 19:37:26',119),(2535,27,'91.95369','24.91268','2017-03-24 19:37:31',120),(2536,27,'91.95369','24.91268','2017-03-24 19:37:50',120),(2537,27,'91.95369','24.91268','2017-03-24 19:37:56',121),(2538,27,'91.95369','24.91268','2017-03-24 19:40:13',121),(2539,27,'91.95369','24.91268','2017-03-24 20:11:49',122),(2540,27,'91.95369','24.91268','2017-03-24 20:11:55',122),(2541,27,'91.95369','24.91268','2017-03-24 20:11:56',122),(2542,27,'91.95369','24.91268','2017-03-24 20:12:13',123),(2543,27,'91.95357','24.91272','2017-03-24 20:12:44',123),(2544,27,'91.95356','24.91272','2017-03-24 20:16:39',124),(2545,27,'91.95331','24.91279','2017-03-24 20:17:20',124),(2546,27,'91.95352','24.91271','2017-03-24 20:17:39',124),(2547,27,'91.9535','24.91283','2017-03-24 20:17:59',124),(2548,27,'91.95351','24.91283','2017-03-24 20:18:11',124),(2549,27,'91.85247','24.90986','2017-03-24 20:20:11',125),(2550,27,'91.85247','24.90986','2017-03-24 20:20:17',125),(2551,27,'91.85172','24.90951','2017-03-24 20:20:37',125),(2552,27,'91.8517','24.90925','2017-03-24 20:20:57',125),(2553,27,'91.85153','24.90959','2017-03-24 20:21:04',125),(2554,27,'91.85153','24.90959','2017-03-24 20:21:19',125),(2555,27,'91.85153','24.90959','2017-03-24 20:21:22',126),(2556,27,'91.85153','24.90959','2017-03-24 20:21:22',126),(2557,27,'91.85153','24.90959','2017-03-24 20:22:08',126),(2558,27,'91.85153','24.90959','2017-03-24 20:22:20',126),(2559,27,'91.85153','24.90959','2017-03-24 20:22:21',127),(2560,27,'91.85153','24.90959','2017-03-24 20:23:47',127),(2561,27,'91.85143','24.90944','2017-03-24 20:24:27',127),(2562,27,'91.85143','24.90944','2017-03-24 20:26:56',127),(2563,27,'91.85143','24.90944','2017-03-24 20:28:23',127),(2564,27,'91.85143','24.90944','2017-03-24 20:32:16',127),(2565,27,'91.85134','24.90926','2017-03-24 20:41:17',127),(2566,27,'91.85127','24.9095','2017-03-24 20:45:17',127),(2567,27,'91.85116','24.90935','2017-03-24 20:49:17',127),(2568,27,'91.85074','24.90928','2017-03-24 20:51:28',127),(2569,27,'91.85061','24.90929','2017-03-24 20:51:48',127),(2570,27,'0.0','0.0','2017-03-24 20:54:20',127),(2571,27,'91.95351','24.91283','2017-03-24 20:54:27',128),(2572,27,'91.95351','24.91283','2017-03-24 20:54:32',128),(2573,27,'91.95372','24.91276','2017-03-24 20:55:13',128),(2574,27,'91.95365','24.9129','2017-03-24 20:58:56',128),(2575,27,'91.85161','24.90934','2017-03-24 21:17:14',129),(2576,27,'91.85097','24.90957','2017-03-24 21:22:18',129),(2577,27,'91.85097','24.90957','2017-03-24 21:36:41',130),(2578,27,'91.85097','24.90957','2017-03-24 21:36:42',130),(2579,27,'91.8513','24.90943','2017-03-24 21:37:02',130),(2580,27,'91.85157','24.90938','2017-03-24 21:38:26',130),(2581,40,'91.57956','25.14455','2017-03-25 02:27:13',78),(2582,40,'91.57956','25.14455','2017-03-25 02:27:45',131),(2583,40,'91.57956','25.14455','2017-03-25 02:27:50',131),(2584,40,'91.58121','25.14225','2017-03-25 02:28:11',131),(2585,40,'91.58129','25.14238','2017-03-25 02:28:49',131),(2586,32,'91.30106','25.17605','2017-03-25 02:38:56',132),(2587,32,'91.30086','25.17608','2017-03-25 02:39:10',132),(2588,32,'91.30066','25.1762','2017-03-25 02:39:23',132),(2589,32,'91.30053','25.17621','2017-03-25 02:39:50',132),(2590,32,'91.3002','25.17622','2017-03-25 02:41:46',132),(2591,32,'91.30006','25.17636','2017-03-25 02:42:03',132),(2592,32,'91.29992','25.17648','2017-03-25 02:42:25',132),(2593,32,'91.29973','25.17656','2017-03-25 02:42:44',132),(2594,32,'91.29943','25.17658','2017-03-25 02:43:04',132),(2595,32,'91.29922','25.17671','2017-03-25 02:43:23',132),(2596,32,'91.29908','25.17683','2017-03-25 02:43:55',132),(2597,32,'91.29883','25.17688','2017-03-25 02:44:03',132),(2598,32,'91.29859','25.17694','2017-03-25 02:44:34',132),(2599,32,'91.29836','25.17701','2017-03-25 02:44:47',132),(2600,32,'91.29813','25.17708','2017-03-25 02:45:03',132),(2601,32,'91.29796','25.17713','2017-03-25 02:45:32',132),(2602,32,'91.29776','25.17719','2017-03-25 02:46:04',132),(2603,32,'91.29757','25.17729','2017-03-25 02:46:37',132),(2604,32,'91.29731','25.17732','2017-03-25 02:46:49',132),(2605,32,'91.29703','25.17741','2017-03-25 02:47:05',132),(2606,32,'91.29688','25.17749','2017-03-25 02:47:24',132),(2607,32,'91.2967','25.17758','2017-03-25 02:47:44',132),(2608,32,'91.29646','25.1776','2017-03-25 02:48:04',132),(2609,32,'91.29622','25.1777','2017-03-25 02:48:31',132),(2610,32,'91.29601','25.1778','2017-03-25 02:48:49',132),(2611,32,'91.29579','25.17783','2017-03-25 02:49:09',132),(2612,32,'91.29566','25.17794','2017-03-25 02:50:19',132),(2613,32,'91.29547','25.17794','2017-03-25 02:50:21',132),(2614,32,'91.29529','25.17799','2017-03-25 02:50:22',132),(2615,32,'91.29508','25.17804','2017-03-25 02:50:29',132),(2616,32,'91.29484','25.17804','2017-03-25 02:51:09',132),(2617,32,'91.2946','25.17812','2017-03-25 02:51:24',132),(2618,32,'91.29435','25.17816','2017-03-25 02:51:44',132),(2619,32,'91.29417','25.17823','2017-03-25 02:52:43',132),(2620,32,'91.29396','25.17827','2017-03-25 02:52:44',132),(2621,32,'91.29375','25.17833','2017-03-25 02:52:45',132),(2622,32,'91.29358','25.1784','2017-03-25 02:53:04',132),(2623,32,'91.29335','25.17842','2017-03-25 02:53:24',132),(2624,32,'91.293','25.17852','2017-03-25 02:54:25',132),(2625,32,'91.29321','25.17852','2017-03-25 02:54:44',132),(2626,32,'91.29347','25.17858','2017-03-25 02:55:04',132),(2627,32,'91.29361','25.17862','2017-03-25 02:55:24',132),(2628,32,'91.29368','25.17885','2017-03-25 03:00:07',132),(2629,32,'91.29383','25.17869','2017-03-25 03:01:48',132),(2630,32,'91.29366','25.17869','2017-03-25 03:02:05',132),(2631,32,'91.29372','25.17863','2017-03-25 03:03:05',132),(2632,32,'91.29352','25.17857','2017-03-25 03:03:53',132),(2633,27,'91.85146','24.90934','2017-03-25 03:04:24',133),(2634,27,'91.85146','24.90934','2017-03-25 03:04:25',133),(2635,27,'91.85146','24.90934','2017-03-25 03:04:34',133),(2636,32,'91.29366','25.17861','2017-03-25 03:04:45',132),(2637,32,'91.29386','25.1786','2017-03-25 03:07:06',132),(2638,32,'91.29373','25.17863','2017-03-25 03:07:08',132),(2639,32,'91.29348','25.17878','2017-03-25 03:12:53',132),(2640,32,'91.2936','25.17872','2017-03-25 03:12:57',132),(2641,40,'91.58122','25.14235','2017-03-25 03:12:58',134),(2642,40,'91.58122','25.14235','2017-03-25 03:13:27',135),(2643,40,'91.58122','25.14235','2017-03-25 03:13:27',136),(2644,40,'91.55707','25.14986','2017-03-25 03:13:31',134),(2645,32,'91.29371','25.17872','2017-03-25 03:13:44',132),(2646,40,'91.55736','25.14999','2017-03-25 03:16:10',134),(2647,40,'91.55771','25.15008','2017-03-25 03:16:15',134),(2648,40,'91.55799','25.15018','2017-03-25 03:16:35',134),(2649,40,'91.55831','25.15021','2017-03-25 03:17:00',134),(2650,40,'91.55857','25.15031','2017-03-25 03:17:31',134),(2651,40,'91.55876','25.15044','2017-03-25 03:19:05',134),(2652,40,'91.55862','25.15041','2017-03-25 03:19:13',134),(2653,40,'91.55885','25.15036','2017-03-25 03:19:32',134),(2654,40,'91.55859','25.15045','2017-03-25 03:19:54',134),(2655,40,'91.55859','25.15057','2017-03-25 03:20:21',134),(2656,40,'91.55853','25.1504','2017-03-25 03:21:20',134),(2657,27,'0.0','0.0','2017-03-25 03:23:19',137),(2658,27,'91.84238','24.91058','2017-03-25 03:23:24',137),(2659,27,'91.84248','24.91071','2017-03-25 03:23:33',137),(2660,27,'0.0','0.0','2017-03-25 03:23:38',138),(2661,27,'0.0','0.0','2017-03-25 03:23:41',138),(2662,27,'0.0','0.0','2017-03-25 03:24:14',139),(2663,27,'0.0','0.0','2017-03-25 03:24:24',139),(2664,32,'91.29342','25.17875','2017-03-25 03:36:19',132),(2665,32,'91.29339','25.17878','2017-03-25 03:55:05',132),(2666,32,'91.29368','25.17879','2017-03-25 03:55:23',132),(2667,32,'91.29357','25.17871','2017-03-25 03:57:56',132),(2668,32,'91.29334','25.17878','2017-03-25 03:59:13',132),(2669,32,'91.29358','25.17872','2017-03-25 03:59:32',132),(2670,32,'91.29349','25.17872','2017-03-25 04:01:54',132),(2671,32,'91.29335','25.17866','2017-03-25 04:02:14',132),(2672,32,'91.29358','25.17878','2017-03-25 04:02:38',132),(2673,32,'91.29363','25.17879','2017-03-25 04:04:33',132),(2674,32,'91.29353','25.17877','2017-03-25 04:05:56',132),(2675,32,'91.29357','25.17861','2017-03-25 04:06:35',132),(2676,32,'91.29339','25.1787','2017-03-25 04:07:16',132),(2677,32,'91.29355','25.17877','2017-03-25 04:07:33',132),(2678,32,'91.29369','25.1788','2017-03-25 04:07:56',132),(2679,32,'91.29358','25.17869','2017-03-25 04:08:33',132),(2680,32,'91.29376','25.17847','2017-03-25 04:10:39',132),(2681,32,'91.29378','25.17873','2017-03-25 04:10:44',132),(2682,32,'91.29357','25.17856','2017-03-25 04:46:47',132),(2683,32,'91.29357','25.17856','2017-03-25 04:47:27',132),(2684,32,'91.2933','25.17854','2017-03-25 04:47:29',132),(2685,32,'91.29312','25.17861','2017-03-25 04:47:44',132),(2686,32,'91.29281','25.1786','2017-03-25 04:48:09',132),(2687,32,'91.29266','25.17872','2017-03-25 04:48:29',132),(2688,32,'91.29241','25.17868','2017-03-25 04:49:09',132),(2689,32,'91.29223','25.17868','2017-03-25 04:49:29',132),(2690,32,'91.29203','25.17869','2017-03-25 04:49:49',132),(2691,32,'91.29185','25.17875','2017-03-25 04:50:09',132),(2692,32,'91.29174','25.17869','2017-03-25 04:50:29',132),(2693,32,'91.29152','25.1787','2017-03-25 04:50:49',132),(2694,32,'91.29137','25.17865','2017-03-25 04:51:09',132),(2695,32,'91.29122','25.17867','2017-03-25 04:51:29',132),(2696,32,'91.29112','25.17873','2017-03-25 04:51:49',132),(2697,32,'91.29098','25.1787','2017-03-25 04:52:09',132),(2698,32,'91.29077','25.17866','2017-03-25 04:52:29',132),(2699,32,'91.29053','25.17869','2017-03-25 04:54:15',132),(2700,32,'91.29017','25.17874','2017-03-25 04:54:18',132),(2701,32,'91.2899','25.17875','2017-03-25 04:54:20',132),(2702,32,'91.29034','25.17868','2017-03-25 04:54:20',132),(2703,32,'91.28974','25.17881','2017-03-25 04:54:37',132),(2704,32,'91.2896','25.1787','2017-03-25 04:54:55',132),(2705,32,'91.28944','25.17868','2017-03-25 04:55:14',132),(2706,32,'91.28932','25.17872','2017-03-25 04:55:44',132),(2707,32,'91.28954','25.17857','2017-03-25 04:56:53',132),(2708,32,'91.28949','25.17875','2017-03-25 04:56:55',132),(2709,32,'91.28984','25.17863','2017-03-25 04:57:04',132),(2710,32,'91.28972','25.17891','2017-03-25 04:57:26',132),(2711,32,'91.28958','25.17884','2017-03-25 04:58:11',132),(2712,32,'91.28937','25.17871','2017-03-25 04:58:25',132),(2713,32,'91.28963','25.17883','2017-03-25 04:59:07',132),(2714,32,'91.28976','25.17882','2017-03-25 04:59:25',132),(2715,32,'91.29018','25.17872','2017-03-25 04:59:45',132),(2716,32,'91.28972','25.17883','2017-03-25 05:03:26',132),(2717,32,'91.28955','25.17895','2017-03-25 05:03:45',132),(2718,32,'91.28958','25.17857','2017-03-25 05:04:26',132),(2719,32,'91.28965','25.17885','2017-03-25 05:04:45',132),(2720,32,'91.28954','25.1787','2017-03-25 05:06:56',132),(2721,32,'91.28935','25.17867','2017-03-25 05:07:05',132),(2722,32,'91.28917','25.17869','2017-03-25 05:07:25',132),(2723,32,'91.28898','25.1787','2017-03-25 05:07:47',132),(2724,32,'91.2888','25.17867','2017-03-25 05:08:05',132),(2725,32,'91.28865','25.17866','2017-03-25 05:08:25',132),(2726,32,'91.28847','25.17867','2017-03-25 05:08:45',132),(2727,32,'91.28825','25.17866','2017-03-25 05:09:13',132),(2728,32,'91.28804','25.1787','2017-03-25 05:10:07',132),(2729,32,'91.28795','25.17861','2017-03-25 05:10:08',132),(2730,32,'91.28768','25.17863','2017-03-25 05:10:10',132),(2731,32,'91.2875','25.17867','2017-03-25 05:10:37',132),(2732,32,'91.28728','25.17863','2017-03-25 05:10:55',132),(2733,32,'91.28713','25.17865','2017-03-25 05:12:18',132),(2734,32,'91.28698','25.17867','2017-03-25 05:12:23',132),(2735,32,'91.28678','25.17868','2017-03-25 05:12:27',132),(2736,32,'91.28655','25.17867','2017-03-25 05:12:27',132),(2737,32,'91.28637','25.17868','2017-03-25 05:12:40',132),(2738,32,'91.28612','25.17861','2017-03-25 05:13:27',132),(2739,32,'91.28591','25.17862','2017-03-25 05:13:55',132),(2740,32,'91.28577','25.17874','2017-03-25 05:14:06',132),(2741,32,'91.28557','25.17876','2017-03-25 05:14:26',132),(2742,32,'91.28538','25.17873','2017-03-25 05:14:49',132),(2743,32,'91.28519','25.1787','2017-03-25 05:15:05',132),(2744,32,'91.28496','25.17869','2017-03-25 05:15:26',132),(2745,32,'91.28477','25.17867','2017-03-25 05:15:45',132),(2746,32,'91.28458','25.17859','2017-03-25 05:16:05',132),(2747,32,'91.28438','25.17856','2017-03-25 05:16:26',132),(2748,32,'91.28422','25.17857','2017-03-25 05:16:46',132),(2749,32,'91.28405','25.17858','2017-03-25 05:17:11',132),(2750,32,'91.28391','25.17855','2017-03-25 05:17:26',132),(2751,32,'91.28378','25.17862','2017-03-25 05:17:49',132),(2752,32,'91.28348','25.1787','2017-03-25 05:18:11',132),(2753,32,'91.28356','25.17881','2017-03-25 05:18:31',132),(2754,32,'91.28362','25.17894','2017-03-25 05:18:51',132),(2755,32,'91.28378','25.17914','2017-03-25 05:19:11',132),(2756,32,'91.28396','25.17929','2017-03-25 05:19:43',132),(2757,32,'91.28421','25.17939','2017-03-25 05:19:56',132),(2758,32,'91.28444','25.17952','2017-03-25 05:20:21',132),(2759,32,'91.28459','25.1796','2017-03-25 05:22:42',132),(2760,32,'91.28469','25.17968','2017-03-25 05:23:01',132),(2761,39,'0.0','0.0','2017-03-25 05:23:08',140),(2762,32,'91.28482','25.17985','2017-03-25 05:23:21',132),(2763,32,'91.28509','25.18002','2017-03-25 05:23:47',132),(2764,32,'91.28524','25.18012','2017-03-25 05:24:07',132),(2765,32,'91.28541','25.18022','2017-03-25 05:24:26',132),(2766,32,'91.28544','25.18052','2017-03-25 05:25:23',132),(2767,32,'91.28543','25.18069','2017-03-25 05:25:31',132),(2768,32,'91.28543','25.18084','2017-03-25 05:25:51',132),(2769,32,'91.28547','25.18101','2017-03-25 05:26:11',132),(2770,32,'91.28553','25.18119','2017-03-25 05:26:31',132),(2771,32,'91.28558','25.18141','2017-03-25 05:26:51',132),(2772,32,'91.28567','25.18158','2017-03-25 05:27:11',132),(2773,32,'91.28576','25.18173','2017-03-25 05:27:31',132),(2774,32,'91.28588','25.18191','2017-03-25 05:27:52',132),(2775,32,'91.28602','25.18213','2017-03-25 05:28:11',132),(2776,32,'91.28607','25.18231','2017-03-25 05:28:40',132),(2777,32,'91.28604','25.18258','2017-03-25 05:29:07',132),(2778,32,'91.28583','25.18287','2017-03-25 05:29:37',132),(2779,32,'91.2858','25.18305','2017-03-25 05:29:56',132),(2780,32,'91.2858','25.18333','2017-03-25 05:30:24',132),(2781,40,'91.55843','25.15033','2017-03-25 05:30:39',134),(2782,32,'91.28587','25.1835','2017-03-25 05:30:41',132),(2783,40,'91.55856','25.15029','2017-03-25 05:30:57',134),(2784,32,'91.28588','25.18367','2017-03-25 05:31:01',132),(2785,40,'91.55841','25.15017','2017-03-25 05:31:17',134),(2786,32,'91.28598','25.18386','2017-03-25 05:31:21',132),(2787,40,'91.55866','25.15066','2017-03-25 05:31:38',134),(2788,32,'91.28611','25.18403','2017-03-25 05:31:45',132),(2789,40,'91.55862','25.15049','2017-03-25 05:31:57',134),(2790,32,'91.2862','25.18427','2017-03-25 05:32:28',132),(2791,32,'91.28622','25.18443','2017-03-25 05:32:42',132),(2792,32,'91.28628','25.1846','2017-03-25 05:33:01',132),(2793,32,'91.28632','25.18477','2017-03-25 05:33:21',132),(2794,40,'91.5586','25.15059','2017-03-25 05:33:23',134),(2795,40,'91.55854','25.15047','2017-03-25 05:33:39',134),(2796,32,'91.28637','25.18492','2017-03-25 05:33:41',132),(2797,40,'91.55845','25.15026','2017-03-25 05:33:58',134),(2798,32,'91.2864','25.18512','2017-03-25 05:34:01',132),(2799,32,'91.28636','25.18532','2017-03-25 05:34:21',132),(2800,40,'91.55859','25.15049','2017-03-25 05:34:58',134),(2801,39,'91.83852','24.91007','2017-03-25 05:35:02',140),(2802,32,'91.28641','25.18552','2017-03-25 05:35:02',132),(2803,40,'91.55861','25.15032','2017-03-25 05:35:38',134),(2804,40,'91.55844','25.15034','2017-03-25 05:37:06',134),(2805,40,'91.55823','25.15029','2017-03-25 05:37:23',134),(2806,40,'91.55812','25.15022','2017-03-25 05:37:44',134),(2807,40,'91.55796','25.15021','2017-03-25 05:38:03',134),(2808,40,'91.55782','25.15019','2017-03-25 05:38:33',134),(2809,40,'91.55759','25.15017','2017-03-25 05:38:48',134),(2810,32,'91.28629','25.18556','2017-03-25 05:39:02',132),(2811,40,'91.55732','25.1502','2017-03-25 05:39:32',134),(2812,39,'91.83851','24.91006','2017-03-25 05:40:19',141),(2813,39,'91.83851','24.91006','2017-03-25 05:40:25',141),(2814,32,'91.28652','25.18558','2017-03-25 05:40:57',132),(2815,32,'91.28664','25.18574','2017-03-25 05:41:10',132),(2816,32,'91.28676','25.1858','2017-03-25 05:41:28',132),(2817,32,'91.28684','25.18595','2017-03-25 05:41:59',132),(2818,32,'91.28702','25.18607','2017-03-25 05:42:02',132),(2819,32,'91.28723','25.18611','2017-03-25 05:42:28',132),(2820,32,'91.28755','25.18623','2017-03-25 05:42:47',132),(2821,39,'91.83848','24.90995','2017-03-25 05:44:27',141),(2822,39,'91.83849','24.90995','2017-03-25 05:44:53',142),(2823,39,'91.83875','24.91008','2017-03-25 05:45:15',142),(2824,32,'91.2875','25.18632','2017-03-25 05:46:16',132),(2825,39,'91.83874','24.91017','2017-03-25 05:46:35',142),(2826,32,'91.28781','25.18615','2017-03-25 05:46:37',132),(2827,32,'91.28755','25.18622','2017-03-25 05:46:57',132),(2828,32,'91.28768','25.18625','2017-03-25 05:47:20',132),(2829,32,'91.28786','25.18636','2017-03-25 05:47:41',132),(2830,40,'91.55738','25.15048','2017-03-25 05:47:47',134),(2831,39,'91.83852','24.91005','2017-03-25 05:47:56',142),(2832,32,'91.28805','25.18645','2017-03-25 05:47:57',132),(2833,32,'91.28818','25.18653','2017-03-25 05:48:19',132),(2834,32,'91.28832','25.18661','2017-03-25 05:48:44',132),(2835,39,'91.8386','24.91017','2017-03-25 05:50:16',142),(2836,40,'91.5574','25.15053','2017-03-25 05:50:34',134),(2837,39,'91.83856','24.9101','2017-03-25 05:50:47',142),(2838,40,'91.55754','25.15089','2017-03-25 05:52:27',134),(2839,40,'91.55768','25.15111','2017-03-25 05:53:05',134),(2840,40,'91.55776','25.15133','2017-03-25 05:53:06',134),(2841,39,'91.83856','24.9101','2017-03-25 05:53:13',143),(2842,32,'91.28854','25.18658','2017-03-25 05:54:31',132),(2843,32,'91.2887','25.18648','2017-03-25 05:54:52',132),(2844,32,'91.28902','25.18623','2017-03-25 05:55:31',132),(2845,32,'91.28925','25.18611','2017-03-25 05:55:48',132),(2846,32,'91.2894','25.18596','2017-03-25 05:56:07',132),(2847,39,'91.83853','24.90999','2017-03-25 05:56:15',143),(2848,32,'91.28951','25.18589','2017-03-25 05:56:29',132),(2849,39,'91.8385','24.91007','2017-03-25 05:56:30',143),(2850,40,'91.55776','25.15145','2017-03-25 05:56:38',134),(2851,39,'91.8385','24.91007','2017-03-25 05:56:48',144),(2852,39,'91.83861','24.91002','2017-03-25 05:57:10',144),(2853,40,'91.55776','25.15159','2017-03-25 05:57:13',134),(2854,39,'91.83872','24.91007','2017-03-25 05:57:29',144),(2855,32,'91.28953','25.18601','2017-03-25 05:57:49',132),(2856,32,'91.28973','25.18577','2017-03-25 05:59:39',132),(2857,32,'91.29008','25.18558','2017-03-25 06:01:16',132),(2858,32,'91.29041','25.18538','2017-03-25 06:01:17',132),(2859,32,'91.2902','25.18549','2017-03-25 06:01:22',132),(2860,32,'91.29062','25.18523','2017-03-25 06:01:55',132),(2861,32,'91.29093','25.18503','2017-03-25 06:03:04',132),(2862,32,'91.29103','25.18492','2017-03-25 06:03:21',132),(2863,32,'91.29118','25.18479','2017-03-25 06:03:41',132),(2864,32,'91.29141','25.18449','2017-03-25 06:04:39',132),(2865,39,'0.0','0.0','2017-03-25 06:06:01',144),(2866,32,'91.29195','25.18419','2017-03-25 06:11:42',132),(2867,32,'91.29231','25.18395','2017-03-25 06:11:49',132),(2867,32,'91.29207','25.18416','2017-03-25 06:11:49',132),(2868,32,'91.29315','25.184','2017-03-25 06:16:09',132),(2869,32,'91.29303','25.18402','2017-03-25 06:16:09',132),(2870,32,'91.29331','25.18399','2017-03-25 06:16:18',132),(2871,32,'91.29352','25.18398','2017-03-25 06:17:12',132),(2872,32,'91.29379','25.18401','2017-03-25 06:17:47',132),(2873,32,'91.29399','25.18394','2017-03-25 06:21:59',132),(2874,32,'91.29425','25.18395','2017-03-25 06:22:14',132),(2875,32,'91.29445','25.184','2017-03-25 06:22:28',132),(2876,32,'91.29465','25.18404','2017-03-25 06:22:47',132),(2877,32,'91.29484','25.18408','2017-03-25 06:23:24',132),(2878,32,'91.29501','25.18414','2017-03-25 06:23:25',132),(2879,32,'91.29512','25.18408','2017-03-25 06:23:56',132),(2880,32,'91.29523','25.184','2017-03-25 06:24:06',132),(2881,32,'91.2954','25.18397','2017-03-25 06:24:24',132),(2882,32,'91.29556','25.18396','2017-03-25 06:24:44',132),(2883,32,'91.29574','25.18397','2017-03-25 06:25:04',132),(2884,32,'91.29614','25.18405','2017-03-25 06:29:12',132),(2885,32,'91.29637','25.18406','2017-03-25 06:29:32',132),(2886,32,'91.29655','25.18406','2017-03-25 06:29:46',132),(2887,32,'91.29664','25.18408','2017-03-25 06:43:11',132),(2888,32,'91.29705','25.18414','2017-03-25 06:43:13',132),(2889,32,'91.29681','25.18412','2017-03-25 06:43:15',132),(2890,32,'91.29732','25.18415','2017-03-25 06:43:52',132),(2891,32,'91.29775','25.18419','2017-03-25 06:44:20',132),(2892,32,'91.29753','25.18416','2017-03-25 06:44:21',132),(2893,32,'91.29813','25.18423','2017-03-25 06:49:08',132),(2894,32,'91.29835','25.18424','2017-03-25 06:49:14',132),(2895,32,'91.29856','25.18426','2017-03-25 06:49:25',132),(2896,32,'91.29878','25.18426','2017-03-25 06:49:46',132),(2897,32,'91.29913','25.1843','2017-03-25 06:55:20',132),(2898,32,'91.29932','25.18431','2017-03-25 06:55:32',132),(2899,32,'91.29951','25.1843','2017-03-25 06:55:52',132),(2900,32,'91.29976','25.18429','2017-03-25 06:56:22',132),(2901,32,'91.29995','25.18431','2017-03-25 06:56:36',132),(2902,32,'91.30021','25.1843','2017-03-25 06:59:37',132),(2903,32,'91.30044','25.1842','2017-03-25 07:00:17',132),(2904,32,'91.3007','25.18409','2017-03-25 07:00:37',132),(2905,32,'91.30094','25.18403','2017-03-25 07:00:57',132),(2906,32,'91.30118','25.18396','2017-03-25 07:01:17',132),(2907,32,'91.30139','25.18389','2017-03-25 07:01:36',132),(2908,32,'91.30159','25.18381','2017-03-25 07:02:02',132),(2909,32,'91.30183','25.18369','2017-03-25 07:02:22',132),(2910,32,'91.30194','25.18362','2017-03-25 07:02:42',132),(2911,32,'91.30214','25.18355','2017-03-25 07:03:02',132),(2912,40,'91.56082','25.15847','2017-03-25 07:03:03',134),(2913,40,'91.56082','25.15847','2017-03-25 07:03:21',145),(2914,32,'91.30235','25.18344','2017-03-25 07:03:24',132),(2915,40,'91.56082','25.15847','2017-03-25 07:03:28',145),(2916,32,'91.3025','25.18336','2017-03-25 07:03:42',132),(2917,32,'91.30278','25.1833','2017-03-25 07:06:27',132),(2918,32,'91.30296','25.18326','2017-03-25 07:06:47',132),(2919,32,'91.30326','25.18316','2017-03-25 07:07:29',132),(2920,34,'92.46226','24.95679','2017-03-25 07:07:36',87),(2921,32,'91.30344','25.18312','2017-03-25 07:07:47',132),(2922,40,'91.56094','25.15843','2017-03-25 07:08:25',145),(2923,32,'91.30366','25.18303','2017-03-25 07:08:28',132),(2924,32,'91.30389','25.18297','2017-03-25 07:08:31',132),(2925,32,'91.30407','25.18287','2017-03-25 07:08:47',132),(2926,32,'91.30425','25.18277','2017-03-25 07:09:07',132),(2927,32,'91.30437','25.18266','2017-03-25 07:09:59',132),(2928,32,'91.30437','25.18266','2017-03-25 07:10:34',132),(2929,32,'91.30454','25.18266','2017-03-25 07:12:53',132),(2930,37,'92.01678','25.17072','2017-03-25 07:14:19',85),(2931,37,'92.01678','25.17072','2017-03-25 07:14:21',146),(2932,37,'92.01678','25.17072','2017-03-25 07:14:26',146),(2933,37,'92.01678','25.17072','2017-03-25 07:14:27',147),(2934,37,'92.01678','25.17072','2017-03-25 07:14:28',147),(2935,32,'91.30465','25.1825','2017-03-25 07:15:13',132),(2936,32,'91.30479','25.1824','2017-03-25 07:15:33',132),(2937,32,'91.305','25.18229','2017-03-25 07:16:04',132),(2938,32,'91.3051','25.18209','2017-03-25 07:16:35',132),(2939,32,'91.30524','25.18197','2017-03-25 07:16:37',132),(2940,32,'91.30517','25.18172','2017-03-25 07:16:58',132),(2941,32,'91.30512','25.18158','2017-03-25 07:17:20',132),(2942,32,'91.30511','25.18146','2017-03-25 07:17:38',132),(2943,37,'92.01678','25.17072','2017-03-25 07:17:44',147),(2944,37,'92.01678','25.17072','2017-03-25 07:17:50',148),(2945,32,'91.30502','25.18125','2017-03-25 07:17:58',132),(2946,32,'91.30498','25.18106','2017-03-25 07:18:18',132),(2947,32,'91.30346','25.18095','2017-03-25 07:21:34',132),(2948,32,'91.30322','25.18097','2017-03-25 07:21:45',132),(2949,32,'91.30301','25.18104','2017-03-25 07:22:03',132),(2950,32,'91.30269','25.18116','2017-03-25 07:22:53',132),(2951,32,'91.30245','25.18121','2017-03-25 07:23:08',132),(2952,32,'91.30226','25.18127','2017-03-25 07:23:28',132),(2953,32,'91.30213','25.18115','2017-03-25 07:23:51',132),(2954,32,'91.30206','25.18097','2017-03-25 07:24:08',132),(2955,32,'91.302','25.18081','2017-03-25 07:24:30',132),(2956,32,'91.30195','25.1806','2017-03-25 07:24:48',132),(2957,32,'91.30184','25.18041','2017-03-25 07:25:14',132),(2958,37,'92.01949','25.1801','2017-03-25 07:25:24',148),(2959,32,'91.30184','25.18025','2017-03-25 07:25:33',132),(2960,32,'91.30171','25.17997','2017-03-25 07:26:18',132),(2961,32,'91.30163','25.1798','2017-03-25 07:26:33',132),(2962,32,'91.3016','25.17961','2017-03-25 07:26:57',132),(2963,32,'91.30144','25.17932','2017-03-25 07:27:20',132),(2964,32,'91.30136','25.17914','2017-03-25 07:27:52',132),(2965,32,'91.3013','25.17895','2017-03-25 07:28:59',132),(2966,32,'91.30119','25.17861','2017-03-25 07:29:00',132),(2967,32,'91.30125','25.17876','2017-03-25 07:29:01',132),(2968,32,'91.30106','25.1784','2017-03-25 07:29:03',132),(2969,32,'91.301','25.17821','2017-03-25 07:29:26',132),(2970,37,'92.01968','25.18025','2017-03-25 07:29:29',148),(2971,32,'91.30101','25.17802','2017-03-25 07:29:44',132),(2972,32,'91.30118','25.17791','2017-03-25 07:30:03',132),(2973,32,'91.30124','25.17779','2017-03-25 07:30:24',132),(2974,32,'91.30118','25.17761','2017-03-25 07:30:43',132),(2975,37,'92.0195','25.18012','2017-03-25 07:30:50',148),(2976,32,'91.30109','25.17741','2017-03-25 07:31:03',132),(2977,32,'91.30099','25.17724','2017-03-25 07:31:23',132),(2978,32,'91.30089','25.17712','2017-03-25 07:31:48',132),(2979,32,'91.30083','25.17693','2017-03-25 07:32:03',132),(2980,32,'91.3007','25.17679','2017-03-25 07:32:26',132),(2981,32,'91.3006','25.17657','2017-03-25 07:32:44',132),(2982,32,'91.30055','25.17639','2017-03-25 07:33:03',132),(2983,32,'91.30054','25.17622','2017-03-25 07:33:25',132),(2984,32,'91.3007','25.17616','2017-03-25 07:33:44',132),(2985,32,'91.30084','25.17611','2017-03-25 07:34:03',132),(2986,32,'91.30104','25.17605','2017-03-25 07:34:28',132),(2987,32,'91.30124','25.17598','2017-03-25 07:34:44',132),(2988,32,'91.30135','25.17592','2017-03-25 07:35:03',132),(2989,32,'91.30136','25.17571','2017-03-25 07:35:45',132),(2990,37,'92.01963','25.18015','2017-03-25 07:43:09',148),(2991,37,'92.0194','25.18006','2017-03-25 07:45:31',148),(2992,37,'92.0196','25.18014','2017-03-25 07:45:48',148),(2993,37,'92.01965','25.18018','2017-03-25 07:47:24',148),(2994,37,'92.01963','25.18018','2017-03-25 07:47:36',149),(2995,37,'92.01951','25.1802','2017-03-25 07:48:09',149),(2996,37,'92.01955','25.18034','2017-03-25 07:56:30',149),(2997,37,'92.01962','25.18055','2017-03-25 07:56:51',149),(2998,37,'92.01961','25.18042','2017-03-25 07:57:14',149),(2999,37,'92.0195','25.18017','2017-03-25 07:57:41',149),(3000,37,'92.01951','25.18043','2017-03-25 08:01:14',149),(3001,37,'92.01975','25.18025','2017-03-25 08:01:54',149),(3002,37,'92.01994','25.18009','2017-03-25 08:02:14',149),(3003,37,'92.02034','25.17993','2017-03-25 08:02:41',149),(3004,37,'92.02054','25.17984','2017-03-25 08:02:59',149),(3005,37,'92.02102','25.17975','2017-03-25 08:03:14',149),(3006,37,'92.02186','25.17946','2017-03-25 08:03:37',149),(3007,37,'92.0228','25.17929','2017-03-25 08:03:54',149),(3008,37,'92.02376','25.17905','2017-03-25 08:04:14',149),(3009,37,'92.02591','25.17839','2017-03-25 08:13:26',149),(3010,37,'92.02606','25.17836','2017-03-25 08:13:50',149),(3011,36,'91.76347','25.11715','2017-03-25 08:17:26',84),(3012,36,'91.76347','25.11715','2017-03-25 08:17:28',150),(3013,36,'91.76347','25.11715','2017-03-25 08:17:34',150),(3014,36,'92.02607','25.17827','2017-03-25 08:17:53',150),(3015,36,'92.02592','25.17837','2017-03-25 08:18:13',150),(3016,36,'92.02582','25.17854','2017-03-25 08:18:34',150),(3017,37,'92.02575','25.1786','2017-03-25 08:18:45',149),(3018,36,'92.02566','25.17868','2017-03-25 08:18:53',150),(3019,37,'92.02565','25.17882','2017-03-25 08:19:00',149),(3020,36,'92.02582','25.179','2017-03-25 08:19:13',150),(3021,37,'92.02581','25.17906','2017-03-25 08:19:20',149),(3022,36,'92.02599','25.17921','2017-03-25 08:19:34',150),(3023,37,'92.026','25.17926','2017-03-25 08:19:39',149),(3024,36,'92.02613','25.17933','2017-03-25 08:19:54',150),(3025,37,'92.0261','25.17932','2017-03-25 08:19:59',149),(3026,36,'92.02609','25.17916','2017-03-25 08:20:46',150),(3027,36,'92.02609','25.17916','2017-03-25 08:21:59',150),(3028,36,'92.02614','25.17946','2017-03-25 08:22:01',150),(3029,39,'0.0','0.0','2017-03-25 12:55:15',151),(3030,39,'92.49159','24.90664','2017-03-25 12:55:23',151),(3031,39,'92.4918','24.90658','2017-03-25 12:56:48',151),(3032,39,'92.4922','24.90664','2017-03-25 13:02:00',151),(3033,27,'91.95373','24.91263','2017-03-25 14:57:10',152),(3034,27,'91.95373','24.91263','2017-03-25 14:57:16',152),(3035,27,'91.95377','24.9128','2017-03-25 14:57:36',152),(3036,27,'91.95371','24.91279','2017-03-25 14:58:37',152),(3037,27,'91.95354','24.91287','2017-03-25 15:02:37',152),(3038,27,'91.9537','24.91283','2017-03-25 15:04:17',152),(3039,27,'91.95357','24.91279','2017-03-25 15:06:19',152),(3040,27,'91.95334','24.9128','2017-03-25 15:07:23',152),(3041,34,'92.44768','24.93639','2017-03-25 15:08:37',153),(3042,34,'92.44768','24.93639','2017-03-25 15:08:43',153),(3043,27,'91.9532','24.91274','2017-03-25 15:08:44',152),(3044,34,'92.44762','24.9367','2017-03-25 15:09:23',153),(3045,34,'92.44813','24.93691','2017-03-25 15:09:43',153),(3046,27,'91.95341','24.91263','2017-03-25 15:09:49',152),(3047,34,'92.44797','24.93669','2017-03-25 15:10:03',153),(3048,34,'92.44791','24.93658','2017-03-25 15:10:23',153),(3049,34,'92.44784','24.93642','2017-03-25 15:12:10',153),(3050,34,'92.44784','24.93642','2017-03-25 15:13:28',154),(3051,34,'92.4477','24.93632','2017-03-25 15:14:08',154),(3052,34,'92.4475','24.93627','2017-03-25 15:14:29',154),(3053,34,'92.44756','24.93609','2017-03-25 15:14:49',154),(3054,27,'91.95379','24.91299','2017-03-25 15:15:13',152),(3055,34,'92.44763','24.9363','2017-03-25 15:15:32',154),(3056,34,'92.44765','24.93631','2017-03-25 15:15:33',155),(3057,27,'91.95405','24.91307','2017-03-25 15:15:33',152),(3058,27,'91.9538','24.9129','2017-03-25 15:16:33',152),(3059,34,'92.44765','24.93631','2017-03-25 15:16:37',156),(3060,34,'92.44781','24.93656','2017-03-25 15:17:29',156),(3061,27,'91.9534','24.91286','2017-03-25 15:18:53',152),(3062,27,'91.9534','24.91286','2017-03-25 15:19:32',152),(3063,36,'92.02013','25.17539','2017-03-25 15:21:34',150),(3064,36,'92.02013','25.17539','2017-03-25 15:21:41',157),(3065,36,'92.02013','25.17539','2017-03-25 15:21:58',157),(3066,36,'92.02074','25.17538','2017-03-25 15:22:00',157),(3067,27,'91.9531','24.91275','2017-03-25 18:01:54',158),(3068,27,'91.9531','24.91275','2017-03-25 18:01:59',158),(3069,27,'91.95348','24.91266','2017-03-25 18:02:19',158),(3070,27,'91.95347','24.91285','2017-03-25 18:04:40',158),(3071,27,'91.95326','24.91279','2017-03-25 18:07:02',158),(3072,27,'91.95326','24.91279','2017-03-25 18:08:10',158),(3073,27,'0.0','0.0','2017-03-25 18:17:17',159),(3074,27,'91.95326','24.91279','2017-03-25 18:19:59',160),(3075,27,'91.85564','24.89526','2017-03-25 18:20:02',159),(3076,27,'91.85564','24.89526','2017-03-25 18:20:05',161),(3077,27,'91.95326','24.91279','2017-03-25 18:20:05',160),(3078,27,'91.85564','24.89526','2017-03-25 18:20:21',161),(3079,27,'91.95358','24.91285','2017-03-25 18:20:25',160),(3080,27,'91.95362','24.91264','2017-03-25 18:20:44',160),(3081,27,'91.95351','24.91275','2017-03-25 18:21:25',160),(3082,27,'91.85587','24.89519','2017-03-25 18:26:43',161),(3083,27,'91.856','24.89517','2017-03-25 18:27:02',161),(3084,27,'91.95351','24.91275','2017-03-25 18:28:44',160),(3085,27,'91.85592','24.89527','2017-03-25 18:35:45',161),(3086,27,'91.85592','24.89527','2017-03-25 18:35:47',162),(3087,27,'91.85592','24.89527','2017-03-25 18:36:02',162),(3088,27,'91.85547','24.89525','2017-03-25 18:37:21',162),(3089,27,'91.85534','24.89512','2017-03-25 18:37:52',162),(3090,27,'91.85515','24.89664','2017-03-25 18:51:42',163),(3091,27,'91.85515','24.89664','2017-03-25 18:51:44',163),(3092,27,'91.8556','24.89529','2017-03-25 18:52:07',163),(3093,27,'91.85561','24.89528','2017-03-25 18:52:57',163),(3094,27,'91.85569','24.89525','2017-03-25 18:54:44',163),(3095,27,'91.85576','24.89525','2017-03-25 18:56:14',163),(3096,27,'91.85602','24.8954','2017-03-25 19:11:05',163),(3097,41,'91.85602','24.8954','2017-03-25 19:11:53',164),(3098,41,'91.85578','24.89526','2017-03-25 19:15:53',164),(3099,41,'91.85567','24.8952','2017-03-25 19:15:56',164),(3100,41,'91.85568','24.8952','2017-03-25 19:16:11',165),(3101,41,'91.85568','24.8952','2017-03-25 19:16:13',165),(3102,41,'91.8557','24.89522','2017-03-25 19:19:23',165),(3103,27,'91.9457','24.89942','2017-03-25 20:32:03',166),(3104,27,'91.95461','24.91246','2017-03-25 20:32:09',166),(3105,27,'91.95357','24.91303','2017-03-25 20:32:29',166),(3106,27,'91.95374','24.9125','2017-03-25 20:32:46',166),(3107,39,'0.0','0.0','2017-03-26 03:51:18',167),(3108,39,'92.48834','24.90583','2017-03-26 03:51:23',167),(3109,39,'92.48831','24.90586','2017-03-26 03:52:12',167),(3110,39,'92.48829','24.90586','2017-03-26 03:53:44',167),(3111,39,'92.48829','24.90586','2017-03-26 03:53:58',168),(3112,39,'0.0','0.0','2017-03-26 03:56:00',168),(3113,39,'92.47479','24.90697','2017-03-26 03:56:38',169),(3114,39,'92.48805','24.90579','2017-03-26 03:56:43',169),(3115,39,'92.48822','24.90585','2017-03-26 04:00:57',169),(3116,39,'92.4883','24.90587','2017-03-26 04:01:05',169),(3117,39,'92.48832','24.90583','2017-03-26 04:01:39',170),(3118,39,'92.48832','24.90583','2017-03-26 04:01:40',170),(3119,39,'92.48833','24.90583','2017-03-26 04:02:42',170),(3120,39,'92.48833','24.90583','2017-03-26 04:03:08',171),(3121,27,'91.84975','24.90759','2017-03-26 04:03:54',172),(3122,27,'91.85146','24.90934','2017-03-26 04:04:24',172),(3123,27,'91.85176','24.90933','2017-03-26 04:11:44',173),(3124,27,'91.85138','24.90934','2017-03-26 04:11:49',173),(3125,27,'91.85138','24.90934','2017-03-26 04:12:05',173),(3126,34,'92.44768','24.93648','2017-03-26 04:12:21',174),(3127,34,'92.43532','24.96609','2017-03-26 04:12:26',174),(3128,34,'92.43531','24.9661','2017-03-26 04:12:33',174),(3129,34,'92.43529','24.96608','2017-03-26 04:12:36',175),(3130,39,'92.48802','24.90588','2017-03-26 04:16:32',171),(3131,34,'92.43414','24.96598','2017-03-26 04:16:56',175),(3132,34,'92.43414','24.96598','2017-03-26 04:17:15',176),(3133,34,'92.43414','24.96598','2017-03-26 04:17:16',176),(3134,39,'92.48802','24.90588','2017-03-26 04:17:42',177),(3135,39,'92.48797','24.90588','2017-03-26 04:20:09',177),(3136,27,'91.85146','24.90934','2017-03-26 04:20:17',178),(3137,39,'92.48812','24.90584','2017-03-26 04:21:09',177),(3138,27,'91.85192','24.90928','2017-03-26 04:21:20',178),(3139,39,'92.48813','24.90585','2017-03-26 04:21:48',179),(3140,39,'92.48813','24.90585','2017-03-26 04:21:49',179),(3141,39,'92.48826','24.90585','2017-03-26 04:22:14',179),(3142,39,'92.48827','24.90586','2017-03-26 04:23:20',179),(3143,39,'92.48829','24.90586','2017-03-26 04:23:54',180),(3144,39,'92.48843','24.90585','2017-03-26 04:24:00',180),(3145,39,'92.48883','24.90598','2017-03-26 04:24:41',180),(3146,39,'92.48901','24.90598','2017-03-26 04:25:01',180),(3147,39,'92.48935','24.90603','2017-03-26 04:25:20',180),(3148,39,'92.48972','24.90602','2017-03-26 04:25:40',180),(3149,39,'92.48988','24.906','2017-03-26 04:26:03',180),(3150,39,'92.49024','24.90603','2017-03-26 04:26:20',180),(3151,39,'92.49045','24.9061','2017-03-26 04:26:40',180),(3152,39,'92.49069','24.90627','2017-03-26 04:27:05',180),(3153,39,'92.49083','24.90632','2017-03-26 04:27:21',180),(3154,39,'92.49128','24.90644','2017-03-26 04:27:44',180),(3155,39,'92.49167','24.90648','2017-03-26 04:28:00',180),(3156,39,'92.49214','24.90644','2017-03-26 04:29:22',180),(3157,39,'92.4924','24.90647','2017-03-26 04:29:41',180),(3158,39,'92.49261','24.90643','2017-03-26 04:30:00',180),(3159,39,'92.49279','24.90636','2017-03-26 04:30:53',180),(3160,32,'91.30132','25.1758','2017-03-26 04:31:04',132),(3161,39,'92.49349','24.90242','2017-03-26 04:39:17',180),(3162,39,'92.49332','24.90297','2017-03-26 04:39:17',180),(3163,39,'92.49324','24.90316','2017-03-26 04:39:17',180),(3164,39,'92.49353','24.90216','2017-03-26 04:40:04',180),(3165,39,'92.49354','24.90195','2017-03-26 04:40:10',180),(3166,39,'92.49354','24.90195','2017-03-26 04:40:48',180),(3167,39,'92.49357','24.90169','2017-03-26 04:40:49',180),(3168,39,'92.49365','24.90147','2017-03-26 04:40:51',180),(3169,39,'92.49368','24.90128','2017-03-26 04:40:53',180),(3170,39,'92.49373','24.90104','2017-03-26 04:41:11',180),(3171,39,'92.49355','24.90072','2017-03-26 04:41:33',180),(3172,39,'92.49343','24.9005','2017-03-26 04:41:51',180),(3173,39,'92.49341','24.90026','2017-03-26 04:42:12',180),(3174,39,'92.49336','24.90005','2017-03-26 04:42:31',180),(3175,39,'92.49334','24.89984','2017-03-26 04:42:57',180),(3176,39,'92.49328','24.89959','2017-03-26 04:43:11',180),(3177,39,'92.49326','24.89938','2017-03-26 04:43:31',180),(3178,39,'92.49322','24.8991','2017-03-26 04:43:51',180),(3179,39,'92.49318','24.89887','2017-03-26 04:44:11',180),(3180,39,'92.49311','24.8986','2017-03-26 04:44:31',180),(3181,39,'92.49301','24.89839','2017-03-26 04:45:06',180),(3182,39,'92.49294','24.89817','2017-03-26 04:45:12',180),(3183,39,'92.49288','24.89813','2017-03-26 04:45:41',180),(3184,39,'92.49288','24.89813','2017-03-26 04:45:47',181),(3185,39,'92.49287','24.89812','2017-03-26 04:46:05',181),(3186,39,'92.49286','24.89814','2017-03-26 04:49:13',182),(3187,32,'0.0','0.0','2017-03-26 05:10:53',97),(3188,40,'0.0','0.0','2017-03-26 05:11:49',183),(3189,40,'91.38771','25.0615','2017-03-26 05:11:55',183),(3190,40,'91.38791','25.06143','2017-03-26 05:12:15',183),(3191,40,'91.38766','25.0616','2017-03-26 05:12:35',183),(3192,40,'91.38759','25.06166','2017-03-26 05:14:32',183),(3193,39,'92.49459','24.90362','2017-03-26 05:24:04',182),(3194,39,'0.0','0.0','2017-03-26 07:33:55',184),(3195,39,'92.49042','24.9061','2017-03-26 07:34:09',184),(3196,39,'92.49022','24.90609','2017-03-26 07:34:29',184),(3197,39,'92.49001','24.90607','2017-03-26 07:34:49',184),(3198,39,'92.48896','24.90599','2017-03-26 07:38:01',184),(3199,39,'92.48896','24.90599','2017-03-26 07:40:27',185),(3200,39,'92.48896','24.90599','2017-03-26 07:40:33',185),(3201,39,'92.48854','24.90596','2017-03-26 07:40:53',185),(3202,39,'92.48856','24.90588','2017-03-26 07:43:19',185),(3203,39,'92.48856','24.90588','2017-03-26 07:46:36',186),(3204,39,'92.48858','24.90588','2017-03-26 07:46:57',186),(3205,39,'92.48855','24.90588','2017-03-26 07:50:16',187),(3206,39,'92.48862','24.90576','2017-03-26 07:50:46',187),(3207,39,'92.48856','24.9059','2017-03-26 07:51:06',187),(3208,39,'92.48853','24.90579','2017-03-26 07:59:06',187),(3209,39,'92.48853','24.90579','2017-03-26 08:03:01',188),(3210,39,'92.48853','24.90579','2017-03-26 08:03:17',188),(3211,39,'92.48979','24.90607','2017-03-26 08:03:29',188),(3212,34,'92.44496','24.93584','2017-03-26 08:17:53',176),(3213,34,'92.44507','24.93581','2017-03-26 08:19:49',189),(3214,34,'92.44507','24.93581','2017-03-26 08:19:56',189),(3215,34,'92.44511','24.93584','2017-03-26 08:22:05',189),(3216,34,'92.44511','24.93583','2017-03-26 08:24:12',189),(3217,36,'92.01947','25.18021','2017-03-26 09:06:22',190),(3218,36,'92.02074','25.17538','2017-03-26 09:06:23',190),(3219,36,'92.01948','25.18016','2017-03-26 09:06:43',190),(3220,36,'92.01957','25.18017','2017-03-26 09:07:43',190),(3221,40,'91.57956','25.14455','2017-03-26 11:44:21',191),(3222,36,'92.01959','25.18016','2017-03-26 13:14:49',192),(3223,36,'92.01929','25.18031','2017-03-26 13:15:32',192),(3224,36,'92.01929','25.18028','2017-03-26 13:17:32',192),(3225,34,'91.8358','24.91089','2017-03-26 13:47:16',193),(3226,34,'91.8358','24.91089','2017-03-26 13:47:23',193),(3227,34,'91.8358','24.91089','2017-03-26 13:47:46',193),(3228,34,'92.44739','24.94227','2017-03-26 15:39:33',194),(3229,34,'92.44739','24.94227','2017-03-26 15:39:34',194),(3230,34,'92.44775','24.93647','2017-03-27 02:09:18',194),(3231,34,'92.44775','24.93647','2017-03-27 02:14:19',194),(3232,34,'92.44774','24.93643','2017-03-27 02:23:41',194),(3233,34,'92.4479','24.93649','2017-03-27 02:24:00',194),(3234,34,'92.44802','24.93636','2017-03-27 02:25:21',194),(3235,34,'92.44809','24.93653','2017-03-27 02:25:40',194),(3236,34,'92.448','24.93667','2017-03-27 02:26:00',194),(3237,34,'92.44792','24.93688','2017-03-27 02:26:20',194),(3238,34,'92.4478','24.93709','2017-03-27 02:26:40',194),(3239,34,'92.44779','24.93733','2017-03-27 02:27:00',194),(3240,34,'92.44778','24.93755','2017-03-27 02:27:20',194),(3241,34,'92.44778','24.93774','2017-03-27 02:27:40',194),(3242,34,'92.44769','24.93792','2017-03-27 02:28:00',194),(3243,34,'92.44765','24.93811','2017-03-27 02:28:20',194),(3244,34,'92.44775','24.9383','2017-03-27 02:28:40',194),(3245,34,'92.44795','24.93838','2017-03-27 02:29:00',194),(3246,34,'92.44792','24.93858','2017-03-27 02:29:20',194),(3247,34,'92.44793','24.93879','2017-03-27 02:29:40',194),(3248,34,'92.44816','24.93883','2017-03-27 02:30:00',194),(3249,34,'92.44839','24.93885','2017-03-27 02:30:20',194),(3250,34,'92.44846','24.93896','2017-03-27 02:30:40',194),(3251,34,'92.44842','24.93918','2017-03-27 02:31:00',194),(3252,34,'92.44831','24.93938','2017-03-27 02:31:20',194),(3253,34,'92.44823','24.93952','2017-03-27 02:31:40',194),(3254,34,'92.44811','24.9397','2017-03-27 02:32:00',194),(3255,34,'92.44797','24.93985','2017-03-27 02:32:20',194),(3256,34,'92.44787','24.93999','2017-03-27 02:32:40',194),(3257,34,'92.44773','24.94014','2017-03-27 02:33:00',194),(3258,34,'92.44763','24.9403','2017-03-27 02:33:20',194),(3259,34,'92.44754','24.94054','2017-03-27 02:33:40',194),(3260,34,'92.44752','24.94074','2017-03-27 02:34:00',194),(3261,34,'92.44754','24.9409','2017-03-27 02:34:20',194),(3262,34,'92.44747','24.94109','2017-03-27 02:34:40',194),(3263,34,'92.44743','24.9413','2017-03-27 02:35:01',194),(3264,34,'92.44738','24.94148','2017-03-27 02:35:20',194),(3265,34,'92.44739','24.94167','2017-03-27 02:35:40',194),(3266,34,'92.44736','24.94187','2017-03-27 02:36:01',194),(3267,34,'92.44732','24.94212','2017-03-27 02:36:20',194),(3268,34,'92.44727','24.94222','2017-03-27 02:36:40',194),(3269,34,'92.44723','24.94249','2017-03-27 02:38:37',194),(3270,34,'92.44727','24.94265','2017-03-27 02:38:51',194),(3271,34,'92.44728','24.94286','2017-03-27 02:39:10',194),(3272,34,'92.44731','24.9431','2017-03-27 02:39:42',194),(3273,34,'92.44722','24.94334','2017-03-27 02:39:50',194),(3274,34,'92.44717','24.94357','2017-03-27 02:40:19',194),(3275,34,'92.44724','24.94382','2017-03-27 02:40:31',194),(3276,34,'92.44717','24.94409','2017-03-27 02:40:51',194),(3277,34,'92.44716','24.94435','2017-03-27 02:41:11',194),(3278,34,'92.44717','24.9446','2017-03-27 02:41:31',194),(3279,34,'92.44714','24.94485','2017-03-27 02:41:52',194),(3280,34,'92.44713','24.94509','2017-03-27 02:42:11',194),(3281,34,'92.44718','24.94533','2017-03-27 02:42:31',194),(3282,34,'92.44723','24.94554','2017-03-27 02:42:51',194),(3283,34,'92.44727','24.94574','2017-03-27 02:43:11',194),(3284,34,'92.44737','24.94599','2017-03-27 02:43:33',194),(3285,34,'92.44743','24.9462','2017-03-27 02:43:51',194),(3286,34,'92.44748','24.94643','2017-03-27 02:44:13',194),(3287,39,'92.48917','24.90603','2017-03-27 02:44:22',188),(3288,34,'92.44759','24.94662','2017-03-27 02:44:31',194),(3289,34,'92.4476','24.94681','2017-03-27 02:44:51',194),(3290,34,'92.44767','24.94699','2017-03-27 02:45:11',194),(3291,40,'91.58132','25.14228','2017-03-27 02:45:25',145),(3292,34,'92.44769','24.94724','2017-03-27 02:45:41',194),(3293,34,'92.4478','24.94748','2017-03-27 02:46:07',194),(3294,34,'92.44788','24.94767','2017-03-27 02:46:21',194),(3295,34,'92.44797','24.94787','2017-03-27 02:46:43',194),(3296,34,'92.44806','24.94806','2017-03-27 02:47:05',194),(3297,34,'92.44816','24.94827','2017-03-27 02:47:21',194),(3298,34,'92.44823','24.94851','2017-03-27 02:47:41',194),(3299,34,'92.44832','24.94873','2017-03-27 02:48:04',194),(3300,34,'92.44839','24.94891','2017-03-27 02:48:23',194),(3301,34,'92.44856','24.94916','2017-03-27 02:48:47',194),(3302,34,'92.44868','24.94932','2017-03-27 02:49:06',194),(3303,34,'92.44871','24.94955','2017-03-27 02:49:26',194),(3304,34,'92.44877','24.94976','2017-03-27 02:49:46',194),(3305,34,'92.44892','24.94995','2017-03-27 02:50:06',194),(3306,34,'92.44912','24.94997','2017-03-27 02:50:26',194),(3307,34,'92.44926','24.95015','2017-03-27 02:50:48',194),(3308,34,'92.44945','24.95032','2017-03-27 02:51:07',194),(3309,34,'92.44953','24.95052','2017-03-27 02:51:26',194),(3310,34,'92.44957','24.9506','2017-03-27 02:55:08',194),(3311,34,'92.44978','24.9509','2017-03-27 02:56:29',194),(3312,34,'92.44983','24.95112','2017-03-27 02:56:47',194),(3313,34,'92.44989','24.95134','2017-03-27 02:57:06',194),(3314,34,'92.44994','24.9515','2017-03-27 02:57:26',194),(3315,34,'92.45','24.95177','2017-03-27 02:57:46',194),(3316,34,'92.45009','24.95206','2017-03-27 02:58:15',194),(3317,34,'92.4514','24.9535','2017-03-27 03:02:01',194),(3318,34,'92.45161','24.95362','2017-03-27 03:02:22',194),(3319,34,'92.45178','24.95374','2017-03-27 03:02:42',194),(3320,34,'92.45198','24.95386','2017-03-27 03:03:02',194),(3321,34,'92.45214','24.95398','2017-03-27 03:03:22',194),(3322,34,'92.45231','24.95407','2017-03-27 03:03:55',194),(3323,34,'92.45257','24.95425','2017-03-27 03:04:07',194),(3324,34,'92.45276','24.95434','2017-03-27 03:04:59',194),(3325,34,'92.45293','24.95444','2017-03-27 03:04:59',194),(3326,34,'92.4531','24.95456','2017-03-27 03:05:06',194),(3327,34,'92.45328','24.95466','2017-03-27 03:05:27',194),(3328,34,'92.45348','24.95477','2017-03-27 03:05:47',194),(3329,34,'92.45365','24.95488','2017-03-27 03:06:07',194),(3330,32,'91.2917','25.20836','2017-03-27 03:06:41',195),(3331,32,'91.2917','25.20836','2017-03-27 03:06:55',195),(3332,34,'92.45385','24.95502','2017-03-27 03:06:58',194),(3333,34,'92.45408','24.95514','2017-03-27 03:06:58',194),(3334,34,'92.45432','24.95519','2017-03-27 03:07:12',194),(3335,34,'92.4546','24.95528','2017-03-27 03:07:32',194),(3336,34,'92.45485','24.95535','2017-03-27 03:07:52',194),(3337,32,'91.30148','25.17575','2017-03-27 03:07:55',195),(3338,32,'91.30136','25.17593','2017-03-27 03:07:55',195),(3339,32,'91.30121','25.176','2017-03-27 03:08:08',195),(3340,34,'92.45509','24.95545','2017-03-27 03:08:12',194),(3341,32,'91.30101','25.17607','2017-03-27 03:08:28',195),(3342,34,'92.45531','24.95554','2017-03-27 03:08:32',194),(3343,32,'91.30083','25.17614','2017-03-27 03:08:47',195),(3344,34,'92.4555','24.95564','2017-03-27 03:08:52',194),(3345,32,'91.30067','25.17622','2017-03-27 03:09:09',195),(3346,34,'92.45571','24.95573','2017-03-27 03:09:12',194),(3347,32,'91.3005','25.17633','2017-03-27 03:09:28',195),(3348,34,'92.45593','24.95579','2017-03-27 03:09:32',194),(3349,32,'91.30058','25.1765','2017-03-27 03:09:48',195),(3350,34,'92.45613','24.95586','2017-03-27 03:09:52',194),(3351,32,'91.30064','25.17668','2017-03-27 03:10:07',195),(3352,34,'92.45635','24.9559','2017-03-27 03:10:12',194),(3353,34,'92.45657','24.95595','2017-03-27 03:10:32',194),(3354,32,'91.30075','25.17691','2017-03-27 03:10:41',195),(3355,34,'92.4568','24.95601','2017-03-27 03:10:52',194),(3356,32,'91.30089','25.1771','2017-03-27 03:10:53',195),(3357,34,'92.45701','24.95608','2017-03-27 03:11:12',194),(3358,32,'91.30099','25.17726','2017-03-27 03:11:13',195),(3359,34,'92.45722','24.9562','2017-03-27 03:11:32',194),(3360,32,'91.30107','25.17743','2017-03-27 03:11:43',195),(3361,34,'92.45737','24.95634','2017-03-27 03:11:52',194),(3362,32,'91.3012','25.17767','2017-03-27 03:11:58',195),(3363,34,'92.45743','24.95653','2017-03-27 03:12:12',194),(3364,32,'91.30124','25.17786','2017-03-27 03:12:17',195),(3365,34,'92.4576','24.95663','2017-03-27 03:12:32',194),(3366,32,'91.30112','25.17797','2017-03-27 03:12:38',195),(3367,34,'92.45776','24.95661','2017-03-27 03:12:52',194),(3368,32,'91.30104','25.17812','2017-03-27 03:12:58',195),(3369,34,'92.45805','24.95661','2017-03-27 03:13:12',194),(3370,32,'91.30108','25.17834','2017-03-27 03:13:18',195),(3371,34,'92.45817','24.95665','2017-03-27 03:13:32',194),(3372,32,'91.30118','25.17857','2017-03-27 03:13:38',195),(3373,34,'92.45841','24.95667','2017-03-27 03:13:52',194),(3374,32,'91.30126','25.17878','2017-03-27 03:14:06',195),(3375,34,'92.45862','24.95658','2017-03-27 03:14:12',194),(3376,32,'91.3013','25.17897','2017-03-27 03:14:22',195),(3377,34,'92.45884','24.95651','2017-03-27 03:14:32',194),(3378,32,'91.30134','25.17915','2017-03-27 03:14:43',195),(3379,34,'92.45904','24.95645','2017-03-27 03:14:52',194),(3380,32,'91.30147','25.17935','2017-03-27 03:15:02',195),(3381,34,'92.45927','24.95633','2017-03-27 03:15:13',194),(3382,32,'91.30153','25.17951','2017-03-27 03:15:23',195),(3383,34,'92.45941','24.95628','2017-03-27 03:15:32',194),(3384,32,'91.30159','25.17968','2017-03-27 03:15:43',195),(3385,34,'92.45965','24.95617','2017-03-27 03:15:52',194),(3386,34,'92.45991','24.95608','2017-03-27 03:16:12',194),(3387,32,'91.30166','25.17987','2017-03-27 03:16:12',195),(3388,32,'91.30175','25.18006','2017-03-27 03:16:23',195),(3389,34,'92.46014','24.95603','2017-03-27 03:16:32',194),(3390,32,'91.30185','25.18027','2017-03-27 03:16:48',195),(3391,34,'92.46037','24.95601','2017-03-27 03:16:52',194),(3392,32,'91.3019','25.18047','2017-03-27 03:17:08',195),(3393,34,'92.46055','24.95595','2017-03-27 03:17:12',194),(3394,32,'91.30195','25.18062','2017-03-27 03:17:28',195),(3395,34,'92.46077','24.95594','2017-03-27 03:17:32',194),(3396,32,'91.30203','25.18087','2017-03-27 03:17:48',195),(3397,34,'92.46101','24.95594','2017-03-27 03:17:52',194),(3398,34,'92.46117','24.95593','2017-03-27 03:18:12',194),(3399,32,'91.30212','25.18108','2017-03-27 03:18:15',195),(3400,34,'92.46141','24.95593','2017-03-27 03:18:32',194),(3401,34,'92.46172','24.9559','2017-03-27 03:18:52',194),(3402,34,'92.46193','24.95594','2017-03-27 03:19:12',194),(3403,34,'92.46218','24.956','2017-03-27 03:19:32',194),(3404,34,'92.46245','24.95611','2017-03-27 03:19:52',194),(3405,34,'92.46268','24.95618','2017-03-27 03:20:12',194),(3406,34,'92.46283','24.95607','2017-03-27 03:20:32',194),(3407,34,'92.46291','24.95589','2017-03-27 03:20:52',194),(3408,34,'92.46282','24.95587','2017-03-27 03:22:13',194),(3409,32,'91.30222','25.18115','2017-03-27 03:22:14',195),(3410,32,'91.30249','25.18124','2017-03-27 03:27:14',195),(3411,32,'91.30261','25.18121','2017-03-27 03:27:33',195),(3412,32,'91.30289','25.18107','2017-03-27 03:28:53',195),(3413,32,'91.30337','25.18096','2017-03-27 03:28:56',195),(3414,32,'91.30302','25.18108','2017-03-27 03:28:57',195),(3415,32,'91.3036','25.18088','2017-03-27 03:28:58',195),(3416,32,'91.30382','25.18086','2017-03-27 03:29:13',195),(3417,32,'91.30403','25.18082','2017-03-27 03:29:33',195),(3418,32,'91.30425','25.18078','2017-03-27 03:29:53',195),(3419,32,'91.30453','25.18078','2017-03-27 03:30:13',195),(3420,32,'91.30478','25.18079','2017-03-27 03:30:33',195),(3421,32,'91.30496','25.18088','2017-03-27 03:31:15',195),(3422,32,'91.305','25.18109','2017-03-27 03:31:16',195),(3423,32,'91.30504','25.18131','2017-03-27 03:31:34',195),(3424,32,'91.3051','25.18142','2017-03-27 03:31:54',195),(3425,32,'91.30517','25.18169','2017-03-27 03:32:39',195),(3426,32,'91.30522','25.1819','2017-03-27 03:32:43',195),(3427,34,'92.44821','24.9352','2017-03-27 03:32:52',194),(3428,32,'91.30529','25.1821','2017-03-27 03:32:54',195),(3429,32,'91.3054','25.18221','2017-03-27 03:33:16',195),(3430,32,'91.30565','25.18226','2017-03-27 03:33:34',195),(3431,34,'92.44821','24.9352','2017-03-27 03:33:48',196),(3432,34,'92.46296','24.95593','2017-03-27 03:33:54',196),(3433,32,'91.30579','25.18238','2017-03-27 03:33:58',195),(3434,32,'91.30584','25.18258','2017-03-27 03:34:14',195),(3435,32,'91.30589','25.18269','2017-03-27 03:34:34',195),(3436,34,'92.46292','24.95589','2017-03-27 03:36:24',196),(3437,32,'91.30613','25.18282','2017-03-27 03:38:54',195),(3438,32,'91.30632','25.18293','2017-03-27 03:39:17',195),(3439,32,'91.30647','25.18303','2017-03-27 03:39:42',195),(3440,34,'92.46305','24.95589','2017-03-27 03:40:45',196),(3441,34,'92.46328','24.95588','2017-03-27 03:41:08',196),(3442,32,'91.30647','25.18303','2017-03-27 03:41:09',195),(3443,34,'92.46342','24.9559','2017-03-27 03:41:24',196),(3444,34,'92.46358','24.95601','2017-03-27 03:41:43',196),(3445,32,'91.30671','25.18316','2017-03-27 03:44:12',195),(3446,32,'91.30688','25.18327','2017-03-27 03:44:16',195),(3447,34,'92.46332','24.9559','2017-03-27 03:44:18',196),(3448,32,'91.30708','25.18338','2017-03-27 03:44:30',195),(3449,34,'92.46305','24.95588','2017-03-27 03:44:41',196),(3450,32,'91.30729','25.18348','2017-03-27 03:44:49',195),(3451,34,'92.46293','24.95589','2017-03-27 03:45:08',196),(3452,32,'91.30749','25.18362','2017-03-27 03:45:12',195),(3453,32,'91.30765','25.18368','2017-03-27 03:45:30',195),(3454,39,'92.49176','24.90655','2017-03-27 05:14:08',188),(3455,34,'0.0','0.0','2017-03-27 06:00:36',197),(3456,34,'91.83543','24.90902','2017-03-27 06:01:53',197),(3457,34,'92.44943','24.93621','2017-03-27 06:51:12',196),(3458,39,'92.49183','24.90951','2017-03-27 09:27:46',198),(3459,39,'92.49184','24.90952','2017-03-27 09:27:54',198),(3460,39,'92.49171','24.90956','2017-03-27 09:28:44',198),(3461,39,'92.49157','24.90954','2017-03-27 09:28:55',198),(3462,39,'92.49139','24.90952','2017-03-27 09:29:10',198),(3463,39,'92.49117','24.90949','2017-03-27 09:29:29',198),(3464,39,'92.49095','24.90946','2017-03-27 09:29:49',198),(3465,39,'92.49085','24.90963','2017-03-27 09:30:10',198),(3466,39,'92.49084','24.90982','2017-03-27 09:30:36',198),(3467,39,'92.49081','24.91','2017-03-27 09:30:54',198),(3468,39,'92.49079','24.9102','2017-03-27 09:31:14',198),(3469,39,'92.49065','24.9104','2017-03-27 09:31:34',198),(3470,39,'92.49063','24.91058','2017-03-27 09:31:54',198),(3471,39,'92.4906','24.91073','2017-03-27 09:32:14',198),(3472,39,'92.49055','24.91095','2017-03-27 09:32:55',198),(3473,39,'92.49055','24.91115','2017-03-27 09:33:15',198),(3474,39,'92.49059','24.91132','2017-03-27 09:33:37',198),(3475,39,'92.49067','24.91158','2017-03-27 09:34:15',198),(3476,39,'92.49069','24.91174','2017-03-27 09:34:35',198),(3477,39,'92.49067','24.91188','2017-03-27 09:34:54',198),(3478,39,'92.49054','24.91192','2017-03-27 09:35:15',198),(3479,39,'92.4905','24.91204','2017-03-27 09:35:35',198),(3480,39,'92.49051','24.91218','2017-03-27 09:35:54',198),(3481,39,'92.4904','24.91238','2017-03-27 09:36:15',198),(3482,39,'92.49042','24.91256','2017-03-27 09:36:34',198),(3483,39,'92.4904','24.91278','2017-03-27 09:36:56',198),(3484,39,'92.49044','24.91295','2017-03-27 09:37:14',198),(3485,39,'92.49061','24.91296','2017-03-27 09:37:35',198),(3486,39,'92.49077','24.91291','2017-03-27 09:37:55',198),(3487,39,'92.49092','24.91293','2017-03-27 09:38:16',198),(3488,39,'92.49115','24.913','2017-03-27 09:38:35',198),(3489,39,'92.49133','24.91311','2017-03-27 09:38:55',198),(3490,39,'92.49154','24.91313','2017-03-27 09:39:18',198),(3491,39,'92.49181','24.91314','2017-03-27 09:39:35',198),(3492,39,'92.49182','24.91347','2017-03-27 09:41:56',198),(3493,39,'92.49166','24.91354','2017-03-27 09:42:15',198),(3494,39,'92.49167','24.91371','2017-03-27 09:43:06',198),(3495,39,'92.49168','24.91382','2017-03-27 09:43:15',198),(3496,39,'92.49166','24.91399','2017-03-27 09:43:35',198),(3497,39,'92.49168','24.91417','2017-03-27 09:43:55',198),(3498,39,'92.49162','24.91445','2017-03-27 09:44:36',198),(3499,39,'92.49179','24.91465','2017-03-27 09:44:55',198),(3500,39,'92.49174','24.9149','2017-03-27 09:45:18',198),(3501,39,'92.49198','24.91503','2017-03-27 09:45:56',198),(3502,39,'92.49211','24.91517','2017-03-27 09:46:16',198),(3503,39,'92.49205','24.91534','2017-03-27 09:46:58',198),(3504,39,'92.49202','24.91543','2017-03-27 09:52:29',198),(3505,39,'92.49195','24.91527','2017-03-27 10:00:58',198),(3506,39,'92.49207','24.91533','2017-03-27 10:09:22',198),(3507,39,'92.49202','24.91537','2017-03-27 10:41:22',198),(3508,39,'92.4918','24.91535','2017-03-27 10:41:44',198),(3509,39,'92.49158','24.91526','2017-03-27 10:48:26',198),(3510,39,'92.49158','24.91539','2017-03-27 11:00:56',198),(3511,39,'92.49152','24.91526','2017-03-27 11:05:34',198),(3512,39,'92.49131','24.91531','2017-03-27 11:06:56',198),(3513,39,'92.4915','24.91528','2017-03-27 11:08:14',198),(3514,39,'92.49145','24.91553','2017-03-27 11:14:35',198),(3515,39,'92.49148','24.91533','2017-03-27 11:17:14',198),(3516,39,'92.49158','24.91515','2017-03-27 11:18:54',198),(3517,39,'92.49147','24.91502','2017-03-27 11:19:13',198),(3518,39,'92.49124','24.9149','2017-03-27 11:19:33',198),(3519,39,'92.49104','24.91489','2017-03-27 11:19:53',198),(3520,39,'92.49083','24.91486','2017-03-27 11:20:13',198),(3521,39,'92.49064','24.91489','2017-03-27 11:20:33',198),(3522,39,'92.49051','24.91477','2017-03-27 11:20:56',198),(3523,39,'92.49058','24.91458','2017-03-27 11:21:14',198),(3524,39,'92.49059','24.91444','2017-03-27 11:21:34',198),(3525,39,'92.49057','24.91424','2017-03-27 11:21:54',198),(3526,39,'92.49056','24.91407','2017-03-27 11:22:14',198),(3527,39,'92.49058','24.91386','2017-03-27 11:22:33',198),(3528,39,'92.49062','24.91375','2017-03-27 11:22:54',198),(3529,39,'92.49056','24.91365','2017-03-27 11:23:15',198),(3530,39,'92.49059','24.91349','2017-03-27 11:23:34',198),(3531,39,'92.49062','24.91325','2017-03-27 11:23:54',198),(3532,39,'92.49067','24.91309','2017-03-27 11:24:14',198),(3533,39,'92.49057','24.91297','2017-03-27 11:24:34',198),(3534,39,'92.4904','24.91282','2017-03-27 11:24:54',198),(3535,39,'92.49041','24.91266','2017-03-27 11:25:14',198),(3536,39,'92.49042','24.91245','2017-03-27 11:25:34',198),(3537,39,'92.49045','24.91226','2017-03-27 11:25:54',198),(3538,39,'92.4905','24.91203','2017-03-27 11:26:14',198),(3539,39,'92.49062','24.91194','2017-03-27 11:26:34',198),(3540,39,'92.4907','24.91164','2017-03-27 11:27:21',198),(3541,39,'92.49055','24.91148','2017-03-27 11:27:57',198),(3542,39,'92.49057','24.91119','2017-03-27 11:29:36',198),(3543,39,'92.49056','24.91103','2017-03-27 11:29:54',198),(3544,39,'92.49062','24.91091','2017-03-27 11:30:16',198),(3545,39,'92.49063','24.91086','2017-03-27 11:31:14',198),(3546,39,'92.4906','24.91061','2017-03-27 11:32:00',198),(3547,39,'92.4906','24.91045','2017-03-27 11:32:19',198),(3548,39,'92.49065','24.91025','2017-03-27 11:32:51',198),(3549,39,'92.49075','24.91007','2017-03-27 11:33:13',198),(3550,39,'92.4911','24.90949','2017-03-27 11:35:01',198),(3551,39,'92.4909','24.90944','2017-03-27 11:35:01',198),(3552,39,'92.49087','24.90956','2017-03-27 11:35:02',198),(3553,39,'92.49076','24.90969','2017-03-27 11:35:02',198),(3554,39,'92.49127','24.90953','2017-03-27 11:35:04',198),(3555,39,'92.49144','24.90955','2017-03-27 11:35:30',198),(3556,39,'92.49158','24.90957','2017-03-27 11:35:44',198),(3557,39,'92.49174','24.90953','2017-03-27 11:36:06',198),(3558,39,'92.49187','24.90945','2017-03-27 11:36:24',198),(3559,39,'92.49201','24.90933','2017-03-27 11:36:44',198),(3560,39,'92.4921','24.90913','2017-03-27 11:37:04',198),(3561,39,'92.49221','24.90904','2017-03-27 11:37:24',198),(3562,39,'92.49216','24.90872','2017-03-27 11:38:05',198),(3563,39,'92.49218','24.90856','2017-03-27 11:38:25',198),(3564,39,'92.49234','24.90811','2017-03-27 11:39:35',198),(3565,39,'92.49231','24.90799','2017-03-27 11:39:44',198),(3566,39,'92.49228','24.90781','2017-03-27 11:40:11',198),(3567,39,'92.49225','24.90764','2017-03-27 11:40:25',198),(3568,39,'92.49222','24.90751','2017-03-27 11:40:44',198),(3569,39,'92.49225','24.90736','2017-03-27 11:41:07',198),(3570,39,'92.49232','24.90722','2017-03-27 11:42:44',198),(3571,39,'92.49227','24.90702','2017-03-27 11:42:47',198),(3572,39,'92.49208','24.90689','2017-03-27 11:42:50',198),(3573,39,'92.49204','24.90671','2017-03-27 11:42:50',198),(3574,39,'92.49206','24.90671','2017-03-27 11:42:59',198),(3575,39,'92.49207','24.90675','2017-03-27 15:17:41',199),(3576,39,'92.49207','24.90675','2017-03-27 15:17:52',199),(3577,39,'92.48931','24.90606','2017-03-27 15:18:19',199),(3578,39,'92.48907','24.9059','2017-03-27 15:21:13',199),(3579,39,'92.48893','24.90591','2017-03-27 15:21:32',199),(3580,39,'92.48873','24.90586','2017-03-27 15:21:55',199),(3581,39,'92.48859','24.90584','2017-03-27 15:22:13',199),(3582,39,'92.48839','24.90582','2017-03-27 15:22:32',199),(3583,39,'92.48826','24.9058','2017-03-27 15:22:52',199),(3584,39,'92.48809','24.90576','2017-03-27 15:23:12',199),(3585,39,'92.48794','24.90566','2017-03-27 15:23:32',199),(3586,39,'92.48768','24.90558','2017-03-27 15:23:52',199),(3587,39,'92.48752','24.90555','2017-03-27 15:24:12',199),(3588,39,'92.48737','24.90554','2017-03-27 15:24:32',199),(3589,39,'92.48715','24.90555','2017-03-27 15:24:52',199),(3590,39,'92.48696','24.90558','2017-03-27 15:25:12',199),(3591,39,'92.4868','24.90564','2017-03-27 15:25:32',199),(3592,39,'92.48677','24.90593','2017-03-27 15:26:13',199),(3593,39,'92.48674','24.90607','2017-03-27 15:26:32',199),(3594,39,'92.48669','24.90623','2017-03-27 15:26:52',199),(3595,39,'92.48656','24.90621','2017-03-27 15:27:12',199),(3596,39,'92.48641','24.90635','2017-03-27 15:27:33',199),(3597,39,'92.48639','24.90648','2017-03-27 15:27:53',199),(3598,39,'92.48638','24.90668','2017-03-27 15:28:33',199),(3599,39,'92.48635','24.90689','2017-03-27 15:28:53',199),(3600,39,'92.48634','24.9071','2017-03-27 15:29:13',199),(3601,39,'92.48632','24.90722','2017-03-27 15:29:32',199),(3602,39,'92.48628','24.90736','2017-03-27 15:29:52',199),(3603,39,'92.48632','24.90757','2017-03-27 15:30:13',199),(3604,39,'92.48627','24.90777','2017-03-27 15:30:33',199),(3605,39,'92.48621','24.90791','2017-03-27 15:30:53',199),(3606,39,'92.48618','24.90814','2017-03-27 15:32:05',199),(3607,39,'92.4862','24.90843','2017-03-27 15:32:07',199),(3608,39,'92.48601','24.90827','2017-03-27 15:34:12',199),(3609,39,'92.48596','24.90847','2017-03-27 15:34:36',199),(3610,39,'92.48592','24.90868','2017-03-27 15:34:53',199),(3611,39,'92.48579','24.90879','2017-03-27 15:35:13',199),(3612,39,'92.48562','24.90877','2017-03-27 15:35:33',199),(3613,39,'92.48547','24.90874','2017-03-27 15:35:53',199),(3614,39,'92.4853','24.90871','2017-03-27 15:36:12',199),(3615,39,'92.48512','24.90871','2017-03-27 15:36:34',199),(3616,39,'92.48496','24.90873','2017-03-27 15:36:53',199),(3617,39,'92.48489','24.90886','2017-03-27 15:37:13',199),(3618,39,'92.48482','24.90916','2017-03-27 15:37:38',199),(3619,39,'92.48477','24.90936','2017-03-27 15:37:58',199),(3620,39,'92.48477','24.90954','2017-03-27 15:38:18',199),(3621,39,'92.48477','24.90972','2017-03-27 15:38:38',199),(3622,39,'92.48475','24.90988','2017-03-27 15:38:58',199),(3623,39,'92.48473','24.91004','2017-03-27 15:39:20',199),(3624,39,'92.48471','24.9102','2017-03-27 15:39:38',199),(3625,39,'92.48466','24.91036','2017-03-27 15:39:58',199),(3626,39,'92.48476','24.91054','2017-03-27 15:40:18',199),(3627,39,'92.48472','24.91071','2017-03-27 15:40:38',199),(3628,39,'92.48469','24.91086','2017-03-27 15:40:58',199),(3629,39,'92.48466','24.91102','2017-03-27 15:41:37',199),(3630,39,'92.48468','24.91121','2017-03-27 15:41:43',199),(3631,39,'92.48468','24.91137','2017-03-27 15:42:04',199),(3632,39,'92.4847','24.91152','2017-03-27 15:42:23',199),(3633,39,'92.48472','24.91173','2017-03-27 15:42:49',199),(3634,39,'92.48475','24.9119','2017-03-27 15:43:15',199),(3635,39,'92.48474','24.91206','2017-03-27 15:43:34',199),(3636,39,'92.48478','24.91222','2017-03-27 15:43:52',199),(3637,39,'92.48477','24.9124','2017-03-27 15:44:13',199),(3638,39,'92.48482','24.91256','2017-03-27 15:44:33',199),(3639,39,'92.48485','24.91274','2017-03-27 15:44:54',199),(3640,39,'92.48485','24.91295','2017-03-27 15:45:30',199),(3641,39,'92.48481','24.91316','2017-03-27 15:45:34',199),(3642,39,'92.48491','24.91342','2017-03-27 15:46:02',199),(3643,39,'92.48491','24.91363','2017-03-27 15:46:22',199),(3644,39,'92.48491','24.91375','2017-03-27 15:46:47',199),(3645,39,'92.48488','24.91396','2017-03-27 15:47:03',199),(3646,39,'92.48489','24.91418','2017-03-27 15:47:23',199),(3647,39,'92.48487','24.91438','2017-03-27 15:47:43',199),(3648,39,'92.48487','24.91457','2017-03-27 15:48:03',199),(3649,39,'92.48486','24.91474','2017-03-27 15:48:26',199),(3650,39,'92.48501','24.91505','2017-03-27 15:49:03',199),(3651,39,'92.48503','24.91522','2017-03-27 15:49:23',199),(3652,39,'92.48515','24.91532','2017-03-27 15:49:53',199),(3653,39,'92.48542','24.91537','2017-03-27 15:50:08',199),(3654,39,'92.48557','24.91523','2017-03-27 15:50:29',199),(3655,39,'92.48576','24.91519','2017-03-27 15:50:48',199),(3656,39,'92.48592','24.91515','2017-03-27 15:51:08',199),(3657,39,'92.48611','24.91514','2017-03-27 15:51:28',199),(3658,39,'92.48627','24.91513','2017-03-27 15:51:48',199),(3659,39,'92.48647','24.91518','2017-03-27 15:52:09',199),(3660,39,'92.4864','24.9153','2017-03-27 15:55:10',199);
/*!40000 ALTER TABLE `soldier_location` ENABLE KEYS */;
UNLOCK TABLES;
/*!40103 SET TIME_ZONE=@OLD_TIME_ZONE */;

/*!40101 SET SQL_MODE=@OLD_SQL_MODE */;
/*!40014 SET FOREIGN_KEY_CHECKS=@OLD_FOREIGN_KEY_CHECKS */;
/*!40014 SET UNIQUE_CHECKS=@OLD_UNIQUE_CHECKS */;
/*!40101 SET CHARACTER_SET_CLIENT=@OLD_CHARACTER_SET_CLIENT */;
/*!40101 SET CHARACTER_SET_RESULTS=@OLD_CHARACTER_SET_RESULTS */;
/*!40101 SET COLLATION_CONNECTION=@OLD_COLLATION_CONNECTION */;
/*!40111 SET SQL_NOTES=@OLD_SQL_NOTES */;

-- Dump completed on 2017-03-28  1:02:07
